heidelbergceat,ꯍꯩꯗꯦꯛꯇꯦꯔꯦꯡꯁ
pakhangpana,ꯄꯥꯈꯪꯄꯅ
likla,ꯂꯤꯛꯂ
famdengba,ꯐꯝꯗꯦꯡꯕ
primavera,ꯄ꯭ꯃꯥꯃꯥꯔꯔ
reading,ꯔꯦꯗꯤꯡ
vista,ꯚꯤꯁꯇ
shamjetshabam,ꯁꯝꯖꯤꯖꯥꯕꯥ
watts,ꯋꯠꯠ
financiers,ꯐꯤꯅꯥꯟꯇꯔꯁꯁ
ngangkhaleima,ꯉꯥꯡꯈꯩꯃꯩ
waterbury,ꯋꯥꯇꯦꯔꯔꯤ
ray,ꯔꯥꯌꯥ
phampalda,ꯐꯝꯄꯥꯜꯗ
pollabatungdana,ꯄꯣꯜꯂꯕꯥꯇꯥꯡꯗꯅ
tumukhong,ꯇꯨꯃꯆꯣꯡ
shillong,ꯁꯤꯜꯂꯣꯡ
hillsboro,ꯍꯤꯜꯁꯣꯔꯣ
londada,ꯂꯣꯟꯗꯥꯗ
dubey,ꯗꯨꯌꯦꯌꯥ
dikshit,ꯗꯤꯛꯁꯤꯇ
mut,ꯃꯨꯠ
hengatlakpa,ꯍꯦꯡꯒꯠꯂꯛꯄ
collins,ꯀꯣꯜꯁꯤꯟꯁ
sanpa,ꯁꯥꯟꯄ
zehra,ꯍꯦꯚꯔꯥ
chahichaadadi,ꯆꯍꯤꯆꯥꯗꯤꯗ
quraishi,ꯀꯧꯔꯁꯤ
challi,ꯆꯜꯂꯤ
arvada,ꯑꯔꯚꯗ
kumari,ꯀꯨꯃꯔꯤ
pambei,ꯄꯥꯝꯕꯩ
sakkhangdaba,ꯁꯛꯈꯪꯕ
adumak,ꯑꯗꯨꯛꯛ
waters,ꯋꯥꯇꯦꯁ
bhattacharya,ꯚꯠꯠꯅꯔꯥ
shivamogga,ꯁꯤꯕꯃꯣꯒ
dimasa,ꯗꯤꯔꯥꯁꯥ
firaal,ꯐꯤꯔꯜ
laanngamduna,ꯂꯥꯟꯉꯝꯗꯨꯅ
pumnamakki,ꯄꯨꯝꯅꯛꯈꯤ
medina,ꯃꯦꯗꯤꯅ
mangpa,ꯃꯥꯄꯥ
burleson,ꯕꯨꯔꯦꯜꯁꯟ
ngaareima,ꯉꯥꯔꯩꯃ
salka,ꯁꯥꯂꯀ
mirolgi,ꯃꯤꯔꯣꯜꯒꯤ
dahlan,ꯗꯥꯍꯟ
expleo,ꯑꯦꯀꯣꯀꯦ
aibani,ꯑꯥꯕꯅꯤ
guduri,ꯗꯨꯗꯥꯔꯤꯔꯤ
seirangbani,ꯁꯩꯔꯥꯟꯕꯤꯅꯤ
manna,ꯃꯥꯟꯅ
pravesh,ꯄ꯭ꯚꯥꯁꯦ
wave,ꯋꯥꯚꯦ
sengar,ꯁꯦꯉꯔ
rishiraj,ꯔꯤꯁꯔꯔ
laana,ꯂꯥꯎꯅ
telelinks,ꯇꯦꯂꯦꯜꯦꯦꯌꯦꯟꯁ
americada,ꯑꯃꯦꯀꯤꯗ
manungsida,ꯃꯅꯨꯡꯁꯤꯡꯗ
fanglakkhi,ꯐꯪꯂꯛꯈꯤ
plainfield,ꯄ꯭ꯂꯦꯟꯤꯦꯟꯗꯥꯜ
yambada,ꯌꯥꯝꯕꯗ
ima,ꯏꯃꯥ
sterlite,ꯁꯦꯇꯦꯦꯦꯦ
bauer,ꯕꯥꯔꯔ
shankdhar,ꯁꯟꯟꯔꯔ
hugli,ꯍꯨꯒꯂꯤ
nemba,ꯅꯦꯝꯕ
rizvi,ꯔꯤꯕꯤ
rafael,ꯔꯥꯐꯐꯦꯜ
niphumapan,ꯅꯤꯐꯨꯃꯥꯟ
enggadabadagi,ꯏꯪꯒꯥꯗꯕꯒꯤ
sasaram,ꯁꯥꯁꯝ
lara,ꯂꯥꯔꯥ
ten,ꯇꯦꯟ
saruk,ꯁꯔꯨꯛ
czech,ꯁꯦꯆꯆ
nag,ꯅꯥ
saada,ꯁꯥꯗ
leiphamna,ꯂꯩꯐꯝꯅ
waareng,ꯋꯥꯔꯦꯡ
mannaramde,ꯃꯥꯟꯅꯔꯃꯥ
asuppa,ꯑꯁꯨꯞꯄ
kakinada,ꯀꯥꯀꯤꯗꯗ
mityeng,ꯃꯤꯇꯦꯡ
moleculesinggi,ꯃꯣꯄꯦꯀꯦꯜꯁꯤꯡ
hathor,ꯍꯥꯊꯣꯔꯔꯤ
kanagumba,ꯀꯅꯨꯝꯕ
kangbagi,ꯀꯪꯕꯒꯤ
semnanaba,ꯁꯦꯝꯅꯕ
milk,ꯃꯤꯛꯀ
humfutaraataret,ꯍꯨꯝꯐꯨꯇꯔꯦꯇꯇꯥ
tolli,ꯇꯣꯜꯂꯤ
chingsinfam,ꯆꯤꯡꯁꯤꯟꯐꯝ
thamphamni,ꯊꯝꯐꯝꯅꯤ
hammond,ꯍꯥꯃꯣꯟꯗ
espinoza,ꯏꯁꯤꯌꯥꯒꯤ
stein,ꯁ꯭ꯇꯦꯟ
chingsang,ꯆꯤꯡꯁꯪ
parag,ꯄꯔꯥꯒ
telheipagi,ꯇꯦꯜꯍꯩꯄꯒꯤ
ayangpa,ꯑꯌꯥꯡꯄ
charei,ꯆꯥꯔꯩ
lampaakta,ꯂꯝꯄꯥꯛꯇ
bhatpara,ꯚꯥꯠꯄꯔ
paotaak,ꯄꯥꯎꯇꯥꯛ
laanjaonachingba,ꯂꯥꯟꯖꯥꯟꯍꯣꯟꯕꯤꯡ
sayreville,ꯁꯥꯔꯦꯛꯕꯦꯂꯦ
duar,ꯗꯨꯔ
malhotra,ꯃꯥꯍꯣꯠꯇꯔ
phukpa,ꯐꯨꯛꯄ
greenwood,ꯒ꯭ꯔꯦꯟꯋꯣꯣ
saakei,ꯁꯥꯀꯩ
makhada,ꯃꯈꯥꯗ
siliconegi,ꯁꯤꯂꯤꯄꯣꯟꯒꯤ
gail,ꯒꯥꯜꯂꯦ
shaada,ꯁꯥꯗꯥ
ingraji,ꯏꯪꯔꯔꯤ
nerolac,ꯅꯦꯔꯣꯜꯀ
atingkokna,ꯑꯇꯤꯡꯀꯣꯟꯅ
hannagi,ꯍꯥꯟꯅꯒꯤ
montes,ꯃꯣꯟꯇꯦꯁꯁ
keisi,ꯀꯩꯁꯤ
mahadewi,ꯃꯍꯥꯗꯦꯤ
thadok,ꯊꯥꯗꯣꯛ
housing,ꯍꯧꯁꯤꯡ
liklaa,ꯂꯤꯛꯀꯥ
gomashe,ꯒꯣꯃꯁꯤ
kaangpa,ꯀꯥꯡꯄ
seisak,ꯁꯩꯁꯥꯛ
pamnakhiba,ꯄꯥꯝꯅꯈꯤ
kiran,ꯀꯤꯔꯥꯟ
thakhraba,ꯊꯥꯈ꯭ꯔꯕ
heilom,ꯍꯩꯂꯣꯝ
mahaakka,ꯃꯍꯥꯛꯀ
woonsocket,ꯋꯣꯑꯦꯟꯁꯦꯠꯠ
chadana,ꯆꯗꯗꯅꯥ
naoda,ꯅꯥꯎꯗ
meeoiba,ꯃꯤꯑꯣꯢꯕ
mapaapu,ꯃꯄꯥꯄꯨ
thoudam,ꯊꯧꯗ
sithou,ꯁꯤꯊꯧ
shoaib,ꯁꯣꯑꯕ
kamputarna,ꯀꯝꯄꯨꯔꯥꯅ
everett,ꯏꯔꯦꯠ
tezpur,ꯇꯦꯄꯨ
laion,ꯂꯥꯢꯅꯣꯟ
panthoipi,ꯄꯥꯟꯊꯣꯢꯄꯤ
nupaada,ꯅꯨꯄꯥꯗ
humphunipan,ꯍꯨꯝꯐꯨꯅꯅꯄꯥꯟ
rana,ꯔꯥꯅ
design,ꯗꯦꯁꯤꯡꯅꯤ
ganore,ꯒꯥꯅꯔꯦ
hasni,ꯍꯥꯁꯅꯤ
koubagi,ꯀꯧꯕꯒꯤ
lina,ꯂꯤꯅꯥ
tenawaa,ꯇꯦꯅꯥꯥ
washington,ꯋꯥꯁꯤꯡꯇꯣꯡ
tankhibana,ꯇꯥꯟꯈꯤꯕꯅ
amroha,ꯑꯦꯃꯣꯔꯣ
nifu,ꯅꯤꯐꯨ
kayatsingna,ꯀꯌꯥꯠꯁꯤꯡꯅ
yengluba,ꯌꯦꯡꯂꯧꯕ
tokpam,ꯇꯣꯛꯄꯝ
kanglupsigi,ꯀꯪꯂꯥꯞꯁꯤꯒꯤ
khongthaang,ꯈꯣꯡꯊꯪ
til,ꯇꯤꯜ
yumshaalon,ꯌꯨꯝꯁꯥꯂꯣꯟ
bombay,ꯕꯣꯝꯕꯥ
chaadaa,ꯆꯥꯗꯥ
phani,ꯐꯅꯤ
hangdokkhi,ꯍꯥꯡꯗꯣꯛꯈꯤ
bokaro,ꯕꯣꯀꯀꯥꯔꯣ
apakma,ꯑꯄꯥꯃꯃꯥ
mangan,ꯃꯉꯥꯟ
elangbam,ꯏꯂꯪꯕꯝ
odisha,ꯑꯣꯗꯤꯁꯥ
plaines,ꯄꯂꯂꯦꯅꯦꯁꯦ
khunthoklam,ꯈꯨꯟꯊꯣꯛꯂꯝ
nyx,ꯅꯤꯛꯀ
leitaaba,ꯂꯩꯇꯕ
takpani,ꯇꯥꯛꯄꯅꯤ
singhaa,ꯁꯤꯡꯍꯥ
anigi,ꯑꯅꯤꯒꯤ
khaspur,ꯈꯥꯄꯨꯔ
hemet,ꯍꯦꯃꯦꯠ
cruces,ꯀ꯭ꯀꯁꯁꯁ
langdai,ꯂꯥꯡꯗꯤ
repro,ꯔꯦꯞꯔ
safagadaba,ꯁꯥꯐꯥꯕꯗꯕ
communications,ꯀꯣꯃꯨꯅꯤꯌꯦꯁꯁꯦꯟ
yokkhatpa,ꯌꯣꯈꯠꯈ
ketharaga,ꯀꯦꯊꯔꯥꯒ
sangleichaa,ꯁꯪꯂꯩꯐꯥ
miyengkhada,ꯃꯤꯌꯦꯡꯈꯥꯗ
vincent,ꯚꯤꯟꯆꯦꯟ
godhra,ꯒꯣꯚꯔꯔ
heblikar,ꯍꯦꯚꯤꯀꯔꯁ
carbogen,ꯀꯔꯔꯦꯦ
charlottesville,ꯆꯔꯣꯂꯦꯁꯦꯇ
marlborough,ꯃꯔꯔꯆꯧꯕ
hurallaga,ꯍꯨꯔꯥꯜꯥꯒ
chaoi,ꯆꯥꯎꯣꯢ
ungduna,ꯎꯨꯡꯗꯨꯅ
moupwada,ꯃꯧꯞꯗ
junagadh,ꯖꯨꯅꯒꯗ
theinaba,ꯊꯩꯅꯕ
fouba,ꯐꯧꯕ
shaktakkhi,ꯁꯛꯇꯥꯛꯈꯤ
shennong,ꯁꯦꯟꯅꯣꯡ
idukki,ꯏꯗꯨꯛꯀꯤ
chaahao,ꯆꯥꯍꯥ
malda,ꯃꯜꯗꯥ
mapangi,ꯃꯄꯥꯟꯒꯤ
ochoa,ꯑꯣꯁꯥꯥꯥ
wiliam,ꯂꯤꯂꯥꯃꯝ
accelya,ꯑꯦꯀꯦꯁꯤꯌꯥ
mitra,ꯃꯤꯇ꯭ꯔꯥ
bidar,ꯕꯤꯗꯗꯔ
ikhi,ꯏꯈꯤ
ras,ꯔꯁꯁ
protist,ꯄ꯭ꯇꯣꯇꯤꯇꯁꯁ
wareng,ꯋꯥꯔꯦꯡ
bite,ꯕꯤꯇꯦ
sharif,ꯁꯔꯤꯐ
enterprise,ꯏꯟꯀ꯭ꯔꯦꯁꯦ
burmese,ꯕꯨꯔꯤꯁꯦ
reilly,ꯔꯦꯜꯂꯤ
ateidi,ꯑꯇꯩꯗꯤ
zuari,ꯚꯨꯔꯔꯤ
kanglupsingbu,ꯀꯪꯡꯂꯞꯞꯁꯤꯕ
nalla,ꯅꯥꯂꯥ
ahoubada,ꯑꯍꯧꯕꯗ
azhar,ꯑꯚꯥꯔ
mohandas,ꯃꯣꯍꯟꯁ
koilaang,ꯀꯣꯂꯤꯡ
grande,ꯒ꯭ꯔꯦꯗꯦ
kathoktuna,ꯀꯠꯊꯣꯛꯇꯨꯅ
sonnei,ꯁꯣꯟꯅꯩ
sakhenba,ꯁꯛꯈꯦꯟꯕ
evanston,ꯏꯊꯟꯁꯦꯟ
taanbagi,ꯇꯥꯟꯕꯒꯤ
waheibu,ꯋꯥꯍꯩꯕꯕ
baker,ꯕꯥꯛꯔ
uhalli,ꯎꯙꯜꯂꯤ
churu,ꯆꯨꯔꯨ
kulal,ꯀꯨꯂꯜ
kidwai,ꯀꯤꯗꯤ
yangkheinipan,ꯌꯥꯡꯈꯩꯅꯅꯥ
dodson,ꯗꯣꯁꯣꯟ
antioch,ꯑꯦꯟꯇꯤꯡꯆꯣ
phanglakkhi,ꯐꯪꯛꯈꯈꯤ
italydadi,ꯏꯇꯥꯂꯤꯗꯦꯗꯤ
bhramari,ꯚꯔꯔꯝꯃꯤ
july,ꯖꯨꯜ
springdale,ꯁ꯭ꯄ꯭ꯄꯦꯟꯂ꯭ꯦꯦꯗ
niphumaapan,ꯅꯤꯐꯨꯃꯅꯥ
pittsburg,ꯄꯤꯠꯔ꯭ꯔꯒ
delhi,ꯗꯦꯜꯤꯤ
kamduna,ꯀꯝꯗꯨꯅ
carlson,ꯀꯥꯔꯣꯟꯁ
kongsang,ꯀꯣꯡꯁꯪ
sayaangsinggi,ꯁꯥꯌꯥꯡꯁꯤꯡꯒꯤ
machaak,ꯃꯆꯥꯛ
gurjar,ꯖꯨꯔꯔ
meelolna,ꯃꯤꯂꯣꯂꯅ
omar,ꯑꯣꯃꯔꯔ
kougadabani,ꯀꯧꯒꯗꯕꯅꯤ
fortis,ꯐꯣꯔꯇꯁꯤꯁ
herman,ꯍꯦꯔꯃꯅ
lim,ꯂꯤꯝ
manju,ꯃꯟꯖꯨ
casey,ꯁꯥꯁꯦꯌ
jews,ꯖꯦꯁꯁ
roanoke,ꯔꯣꯅꯥꯛ
rallis,ꯔꯜꯂꯤꯁ
tropical,ꯇ꯭ꯔꯤꯀꯣꯜ
tokhaihallaga,ꯇꯣꯈꯥꯂꯣꯒ
shivpuri,ꯁꯤꯔꯨꯨꯔꯔꯤ
surat,ꯁꯨꯔꯠ
quick,ꯀꯨꯢꯀꯨꯛ
yonthokkhi,ꯌꯣꯟꯊꯣꯈꯈꯤ
loipi,ꯂꯣꯢꯄꯤ
wylie,ꯋꯤꯂꯩ
daha,ꯗꯥꯌꯥ
mioisinggi,ꯃꯤꯑꯣꯢꯁꯥꯁꯁꯤ
waheini,ꯋꯥꯍꯩꯅꯤ
columbia,ꯀ꯭ꯂꯝꯕꯝꯝꯝꯁꯤ
thengnakhi,ꯊꯦꯡꯅꯈꯈꯤ
phaogatlaklibi,ꯐꯥꯎꯒꯠꯂꯤꯕꯤ
osiris,ꯑꯣꯁꯤꯁꯔꯤ
tidke,ꯇꯤꯗꯦ
mipokpa,ꯃꯤꯄꯣꯛꯄ
barker,ꯕꯔꯔꯔ
yemenda,ꯌꯦꯃꯦꯟꯗ
sonwani,ꯁꯣꯟꯅꯅꯤ
pandam,ꯄꯥꯟꯗꯝ
chandra,ꯆꯥꯟꯗ꯭ꯔꯦ
adugiraane,ꯑꯗꯨꯔꯤꯌꯔꯦꯟꯅ
tweets,ꯇ꯭ꯊꯦꯁꯤꯟꯁ
mayeksingbu,ꯃꯌꯦꯛꯁꯤꯡꯕꯨ
thangyikum,ꯊꯥꯌꯤꯃꯄꯌꯝ
chellani,ꯆꯦꯜꯂꯅꯤ
lifestyle,ꯂꯤꯐꯦꯠꯁꯦ
laanli,ꯂꯥꯟꯂꯤ
mamingda,ꯃꯃꯤꯡꯗ
neemuch,ꯅꯤꯃꯨꯆꯣ
shulung,ꯁꯨꯂꯨꯡ
pace,ꯄꯥꯇꯦ
cheitharol,ꯆꯩꯊꯥꯔꯣꯜ
reno,ꯔꯦꯅꯣ
durgavansh,ꯗꯨꯔꯥꯡꯁꯁꯁꯁ
taraamna,ꯇꯔꯦꯝꯅ
infibeam,ꯏꯟꯐꯤꯖꯝꯝꯕ
smartspaces,ꯁ꯭ꯔꯦꯠꯁꯦꯁ
ayambada,ꯑꯌꯥꯝꯕꯗ
lothankhi,ꯂꯣꯠꯍꯟꯈꯤ
awapham,ꯑꯋꯥꯐꯝ
citysing,ꯁꯤꯠꯁꯤꯡ
furit,ꯐꯨꯔꯤꯠ
lakhmani,ꯂꯥꯈꯃꯅꯤ
johari,ꯖꯣꯍꯔꯤ
kapole,ꯀꯥꯂꯂꯂꯦ
nuwa,ꯅꯨꯋꯥ
rollins,ꯔꯣꯜꯂꯤꯟꯁ
sangba,ꯁꯪꯕ
asaagi,ꯑꯁꯥꯒꯤ
sarasota,ꯁꯔꯥꯁꯇ
chanugi,ꯆꯅꯤꯒꯤ
ataangba,ꯑꯇꯥꯡꯕ
numitkhudinggi,ꯅꯨꯃꯤꯡꯖꯤꯡꯒꯤ
cementation,ꯁꯦꯃꯦꯟꯅꯣꯅꯤ
sagatli,ꯁꯥꯒꯠꯂꯤ
nectar,ꯅꯦꯁꯔ
ubada,ꯎꯕꯗ
mamal,ꯃꯃꯥꯜ
missoula,ꯃꯤꯁꯧꯀꯥꯂ
sari,ꯁꯔꯤ
mafamdubu,ꯃꯐꯝꯗꯕ
khaanongpokta,ꯈꯥꯅꯣꯛꯇꯣꯇ
disasterni,ꯗꯤꯁꯇꯔꯔꯅꯤ
alkem,ꯑꯂꯦꯝꯁꯦꯝ
ankeny,ꯑꯦꯟꯅꯦꯅꯤ
shailaputri,ꯁꯥꯂꯔꯦꯇꯔꯔꯔꯤ
yumshalon,ꯌꯨꯝꯁꯥꯂꯣꯟ
cambodiagi,ꯀꯝꯝꯗꯕꯒꯤ
akolkar,ꯑꯀꯣꯛꯀꯔ
plantation,ꯄ꯭ꯂꯥꯟꯇꯤꯟꯟ
miller,ꯃꯤꯜꯂꯦꯔ
touramba,ꯇꯧꯔꯝꯕ
dixon,ꯗꯤꯑꯣꯟꯣꯟ
loveland,ꯂꯣꯚꯦꯦꯦꯟꯁ
khamnung,ꯈꯝꯅꯨꯡ
machak,ꯃꯆꯥꯛ
puducherry,ꯄꯨꯗꯨꯆꯨꯔꯦ
indianapolis,ꯏꯟꯗꯤꯔꯣꯢꯅꯤꯁꯁ
kalratri,ꯀꯜꯕꯔꯇꯇꯇꯔꯇꯤ
mattancheri,ꯃꯇꯥꯟꯅꯔꯤ
arambai,ꯑꯔꯥꯝꯕꯤ
karaikal,ꯀꯔꯥꯀꯥꯂꯤꯜ
cheithaarol,ꯆꯩꯊꯥꯔꯣꯜ
ipakachouba,ꯏꯄꯥꯎꯆꯕꯨꯕ
kurukshetra,ꯀꯨꯔꯤꯁ꯭ꯔꯥ
famba,ꯐꯝꯕ
sagatlakpa,ꯁꯥꯒꯠꯠꯠꯄ
koknaba,ꯀꯣꯛꯅꯕ
vance,ꯚꯥꯟꯦꯦ
bhagabat,ꯕꯥꯖꯥꯠ
valdosta,ꯚꯦꯜꯗꯣꯁꯇꯇꯇ
pearland,ꯄꯦꯔꯥꯟꯟꯗ
dindigul,ꯗꯤꯟꯗꯤꯜ
dutta,ꯗꯨꯇꯇ
hainasu,ꯍꯥꯢꯅꯁꯨ
pangthoklamba,ꯄꯥꯡꯊꯣꯛꯈꯝꯂꯕ
saanakhi,ꯁꯥꯅꯈꯤ
jajoo,ꯖꯥꯖꯣꯣ
arthropoda,ꯑꯥꯔꯔꯣꯔꯣ
aiba,ꯑꯏꯕꯅ
commerce,ꯀꯣꯝꯃꯔꯦ
imalonbu,ꯏꯃꯥꯂꯟꯕ
chajibu,ꯆꯥꯕꯤꯕꯨ
sasan,ꯁꯥꯁꯟ
ventura,ꯚꯦꯟꯔꯤꯇꯥ
whirlpool,ꯋꯤꯍꯤꯔꯣꯔꯣꯜ
awaapham,ꯑꯋꯥꯐꯝ
yadav,ꯌꯥꯗꯥ
wausau,ꯋꯥꯁꯁꯨ
torrent,ꯇꯣꯔꯦꯠ
samiti,ꯁꯥꯤꯇꯇꯤ
punch,ꯄꯨꯟꯆ
paisalo,ꯄꯥꯢꯁꯥꯂꯣ
nadu,ꯅꯗꯨ
bernard,ꯕꯦꯔꯥꯔꯗ
rathore,ꯔꯥꯊꯣꯔꯦ
lainingthouni,ꯂꯥꯢꯅꯤꯡꯆꯤ
pheijom,ꯐꯩꯑꯣꯝ
mangaa,ꯃꯉꯥ
yenakha,ꯌꯦꯅꯈ
carson,ꯀꯔꯔꯣꯟ
callahan,ꯀꯦꯂꯍꯍꯟ
jajoo,ꯖꯖꯖꯣꯣꯣ
erie,ꯏꯔꯤ
broadcast,ꯕ꯭ꯔꯦꯂꯗꯥꯇꯣꯛꯁ
bhuj,ꯚꯨꯖ
cheihisi,ꯆꯩꯁꯤ
education,ꯏꯗꯨꯀꯣꯢꯗꯣꯟ
magi,ꯃꯔꯤꯒꯤ
sarukti,ꯁꯔꯨꯛꯇꯇꯤ
laini,ꯂꯥꯢꯅꯤ
bhardwaj,ꯚꯔꯔꯋꯥ
colorado,ꯀꯣꯂꯔꯣꯔꯣ
hardoi,ꯍꯥꯔꯣꯢ
sajibu,ꯁꯥꯕꯕꯨ
atlantic,ꯑꯠꯇꯛꯇꯀꯇꯇꯤꯇ
kongshang,ꯀꯣꯡꯁꯥꯡ
meira,ꯃꯩꯔꯥ
kaahenna,ꯀꯥꯍꯦꯟꯅ
landa,ꯂꯥꯟꯗ
ahmadabad,ꯑꯍꯤꯗꯕ
leisinaduna,ꯂꯩꯁꯤꯟꯗꯨꯅ
pasadena,ꯁꯁꯥꯗꯅ
mamaani,ꯃꯃꯅꯤ
kheda,ꯈꯦꯗꯗ
awaangbagi,ꯑꯋꯥꯡꯕꯒꯤ
morales,ꯃꯣꯔꯦꯂꯦ
machakhaiba,ꯃꯆꯥꯈꯥꯢꯕ
wilkinson,ꯂꯤꯜꯀꯤꯟꯁꯣꯟ
onduna,ꯑꯣꯟꯗꯨꯅ
langja,ꯂꯥꯡꯖ
fangde,ꯐꯪꯗꯦ
lavudya,ꯂꯥꯚꯨꯗꯥ
vizianagaram,ꯚꯤꯔꯤꯖꯔꯝꯝꯒ
navas,ꯅꯥꯁꯁ
masaaga,ꯃꯁꯥꯒ
parengsingna,ꯄꯔꯦꯡꯁꯤꯡꯅ
magdum,ꯃꯥꯗꯨꯝ
rudragi,ꯔꯨꯗꯔꯔꯥꯒꯤ
dallas,ꯗꯥꯜꯂꯁ
sanaleipak,ꯁꯅꯥꯂꯩꯄꯛꯛ
banks,ꯕꯟꯟꯁ
reeves,ꯔꯤꯚꯦꯁ
aschelminthes,ꯑꯁꯤꯁꯦꯦꯦꯦ꯭ꯦꯁꯁꯁ
buchanan,ꯕꯨꯆꯅꯤ
hyderabad,ꯍꯤꯗ꯭ꯔꯕ
anisuba,ꯑꯅꯤꯀꯨꯕ
shijagi,ꯁꯤꯖꯥꯒꯤ
portillo,ꯄꯣꯔꯤꯂꯂꯣ
afghanistan,ꯑꯐꯖꯁꯤꯁꯇꯥꯇꯅ
ipao,ꯏꯄꯥꯎ
humphutarataret,ꯍꯨꯝꯨꯐꯨꯇꯇꯇꯇꯇꯇꯇꯔꯦꯠ
shipping,ꯁꯤꯄꯤꯡꯒꯤ
misingni,ꯃꯤꯁꯤꯡꯅꯤ
chingsangsingna,ꯆꯤꯡꯁꯪꯡꯅꯪ
visakhapatnam,ꯁꯤꯖꯥꯛꯊꯦꯡꯝꯝ
racine,ꯔꯦꯁꯤꯅꯦ
kota,ꯀꯣꯠꯇ
church,ꯆꯨꯔꯦ
lishing,ꯂꯤꯁꯤꯡ
lalonetikki,ꯂꯂꯣꯟꯅꯣꯛꯀꯤꯅꯤ
enaak,ꯏꯅꯥꯛ
lampaakka,ꯂꯝꯄꯥꯛꯂꯆ
meisaa,ꯃꯩꯁꯥ
spandana,ꯁ꯭ꯄꯦꯅꯅꯥ
hoba,ꯍꯣꯕ
yumthakta,ꯌꯨꯝꯊꯛꯇꯇ
australiada,ꯑꯥꯁꯇ꯭ꯔꯦꯃꯤꯗ
beck,ꯕꯦꯛ
fayetteville,ꯐꯌꯌꯦꯠꯂꯦꯂꯦ
taakpagi,ꯇꯥꯛꯄꯒꯤ
haapchinle,ꯍꯥꯞꯆꯤꯟꯂꯦꯂ
laphu,ꯂꯥꯄꯨ
bacteria,ꯕꯥꯇ꯭ꯔꯩ
machine,ꯃꯆꯤꯅꯦ
saabi,ꯁꯥꯕꯤ
pass,ꯄꯁꯁꯁ
buenaventura,ꯕꯨꯅꯅꯦꯥꯋꯨꯔ
chatnarammi,ꯆꯠꯅꯔꯃꯃꯤ
pravesh,ꯄ꯭ꯔꯦꯚꯦ
swain,ꯁ꯭ꯋꯦꯟꯟ
taakpiramba,ꯇꯥꯛꯄꯤꯔꯔꯝꯕ
shingsu,ꯁꯤꯡꯁꯨ
mitana,ꯃꯤꯇꯅ
phampaalda,ꯐꯝꯄꯥꯜꯗ
ichang,ꯏꯆꯪ
asagi,ꯑꯁꯥꯒꯤ
puthorakkhi,ꯄꯨꯊꯣꯛꯈꯔꯤꯛꯤ
saphaba,ꯁꯥꯕꯕ
nalwa,ꯅꯜꯋꯥ
barrett,ꯕꯔꯦꯠꯇꯦ
ewaanglon,ꯏꯋꯥꯡꯂꯣꯟ
bhavnagar,ꯚꯥꯠꯅꯔꯒ
ahmad,ꯑꯍꯤꯗ
hindustan,ꯍꯤꯟꯗ꯭ꯌꯥꯔꯁꯟ
atangba,ꯑꯇꯥꯡꯕ
puraktuna,ꯄꯨꯔꯨꯛꯇꯨꯅ
puwaarida,ꯄꯨꯋꯥꯀꯗꯤꯗꯔ
tha,ꯊꯥ
ponce,ꯄꯣꯟꯀꯦ
bisht,ꯕꯤꯁꯇꯠ
pak,ꯄꯥꯛ
kushalappa,ꯀꯨꯁꯥꯄꯥ
melinda,ꯃꯦꯂꯤꯟꯗ
pompano,ꯄꯣꯝꯅꯅꯣ
yatpa,ꯌꯥꯠꯄ
ataa,ꯑꯇꯥ
karkhele,ꯀꯔꯔꯦꯂꯦ
kanchhal,ꯀꯟꯟꯈꯜ
taylorsville,ꯇꯥꯂꯣꯔꯦꯂꯦ
houdoklakpa,ꯍꯧꯗꯣꯛꯛꯛꯄ
nakul,ꯅꯥꯑꯨꯜ
phaoduna,ꯐꯥꯎꯗꯨꯅ
pacheco,ꯄꯦꯆꯔꯑꯣ
paagani,ꯄꯥꯒꯅꯤ
surendranagar,ꯁꯨꯔꯦꯟꯅ꯭ꯔꯒ
slovakia,ꯁ꯭ꯂꯣꯂꯣꯚꯤꯌ
laurus,ꯂꯥꯔꯨꯁ
centre,ꯀꯦꯟꯇ꯭ꯔꯦ
hotnajaramba,ꯍꯣꯠꯅꯔꯝꯕ
nungshiruba,ꯅꯨꯡꯁꯤꯔꯨ
puriklai,ꯄꯨꯔꯤꯛꯂꯣꯢ
ngaore,ꯉꯥꯑꯦꯔꯦ
tapia,ꯇꯥꯄꯤꯌꯥ
awafam,ꯑꯋꯥꯐꯝ
thapham,ꯊꯐꯐꯝ
uningthou,ꯌꯨꯅꯤꯡꯊꯨ
sutton,ꯁꯨꯇꯇꯣꯟ
kayaam,ꯀꯌꯥꯝ
makhaada,ꯃꯈꯥꯗ
leigong,ꯂꯩꯒꯣꯡ
composites,ꯀꯣꯝꯄꯣꯁꯇꯤꯌꯥ
barmer,ꯕꯔꯔꯦꯔ
halisahar,ꯍꯥꯂꯤꯃꯔꯔꯁꯥ
kaithal,ꯀꯥꯢꯊꯜ
muthappan,ꯃꯨꯠꯐꯥꯠ
mioi,ꯃꯤꯑꯣꯢ
sulochana,ꯁꯨꯂꯨꯟꯆꯣ
chingsu,ꯆꯤꯡꯁꯨ
lady,ꯂꯥꯟ
nilkamal,ꯅꯤꯜꯀꯜ
khumnaba,ꯈꯨꯝꯅꯕ
mahanagar,ꯃꯍꯥꯅꯔꯔ
gates,ꯒꯦꯠꯁꯁ
eidi,ꯑꯩꯗꯤ
thongalel,ꯊꯣꯡꯍꯂꯦꯜ
novi,ꯅꯣꯕꯤ
allcargo,ꯑꯦꯜꯔꯥ
chicago,ꯆꯤꯆꯥꯒꯣ
teinabadugi,ꯇꯩꯅꯕꯕꯒꯤꯗ
dunwoody,ꯗꯨꯗꯣꯗꯤ
sonawane,ꯁꯣꯅꯋꯋꯦꯅ
mabukta,ꯃꯕꯨꯛꯇ
phaobagidi,ꯐꯥꯎꯕꯗꯒꯤ
eribasingsidagi,ꯏꯔꯤꯕꯁꯤꯁꯤꯡꯗꯤ
lailempigi,ꯂꯥꯢꯃꯦꯝꯐꯤꯒꯤ
edit,ꯏꯗꯤꯠ
aurora,ꯑꯌꯨꯔꯥ
morena,ꯃꯣꯔꯦꯅ
yaubara,ꯌꯥꯕꯔꯔ
chandernagore,ꯆꯟꯗ꯭ꯔꯦꯉꯦ
avondale,ꯑꯣꯗꯦꯅꯦ
shiromani,ꯁꯤꯔꯝꯝꯅꯤ
leikhribasi,ꯂꯩꯈ꯭ꯔꯤꯕꯁꯤ
mendez,ꯃꯦꯟꯗꯦꯁ
yaanakhi,ꯌꯥꯅꯈꯤ
wangkhatlakkhi,ꯋꯥꯡꯈꯠꯈꯈꯤ
hazaribag,ꯍꯥꯖꯥꯔꯤꯕ
pontiac,ꯄꯣꯟꯇꯤꯤ
bhogeshor,ꯚꯣꯓꯦꯔꯁ
pakee,ꯄꯥꯇꯦ
virani,ꯚꯤꯔꯥꯅꯤ
foam,ꯐꯣꯝ
loushing,ꯂꯧꯁꯤꯡ
erbium,ꯑꯔꯤꯔꯨꯝ
saran,ꯁꯔꯥꯟ
chamunda,ꯆꯃꯨꯟꯗ
caplin,ꯀꯦꯜꯂꯅꯤ
childagi,ꯆꯤꯜꯗꯒꯤ
sipike,ꯁꯤꯄꯤꯀꯦ
senyekni,ꯁꯦꯅꯦꯛꯅꯤ
rowe,ꯔꯣꯋꯦ
pakhanba,ꯄꯥꯈꯟꯕ
chaorakpa,ꯆꯥꯎꯔꯛꯄ
ibada,ꯏꯕꯥꯗ
lakminnaraga,ꯂꯥꯛꯃꯤꯅꯔꯒꯤ
oibadi,ꯑꯣꯢꯕꯗꯤ
phiset,ꯐꯤꯖꯦꯠ
ekhi,ꯏꯈꯤ
yaallaga,ꯌꯥꯜꯂꯒ
maangda,ꯃꯥꯡꯗ
ngaakpa,ꯉꯥꯛꯄ
matik,ꯃꯇꯤꯛ
karambano,ꯀꯔꯝꯝꯕꯨꯅ
paangthokkhiba,ꯄꯥꯡꯊꯣꯛꯈꯤ
ningkham,ꯅꯤꯡꯈꯝ
avenues,ꯑꯦꯦꯦꯅꯁꯁ
kewal,ꯀꯦꯋꯥꯂꯜ
maningtamba,ꯃꯅꯤꯡꯐꯝꯕ
mayaiwairap,ꯃꯌꯥꯢꯥꯔꯥꯄ
akonba,ꯑꯀꯣꯟꯕ
chatnabisisu,ꯆꯠꯅꯕꯁꯨ
canton,ꯀꯦꯟꯇꯣꯟ
ballia,ꯕꯥꯜꯂꯤ
pereddy,ꯄꯦꯔꯦꯗꯤꯌ
uniphos,ꯌꯨꯅꯤꯛꯆꯁ
khundaariba,ꯈꯨꯟꯗꯔꯤꯔꯕ
vineland,ꯚꯤꯅꯦꯗꯗ
gokaldas,ꯒꯣꯑꯥꯜꯁꯥꯁ
moirang,ꯃꯣꯢꯔꯪ
sanskrit,ꯁꯟꯁ꯭ꯔꯇꯇꯇ
naaz,ꯅꯥꯓ
kananasu,ꯀꯅꯅꯁꯁꯨ
conley,ꯀꯣꯟꯌꯥ
uthakta,ꯎꯊꯛꯇ
lancaster,ꯂꯥꯟꯁꯁꯇ꯭ꯔ
imungni,ꯏꯃꯨꯅꯤꯤ
patna,ꯄꯠꯅ
fongba,ꯐꯣꯡꯕ
hosur,ꯍꯣꯔꯔ
ichada,ꯏꯆꯥꯗ
phamjinli,ꯐꯝꯖꯤꯟꯂꯤ
tustin,ꯇꯨꯠꯁꯤꯡꯅ
thoujaaldagi,ꯊꯧꯖꯥꯕꯒꯤ
cheisingkaanglon,ꯆꯩꯁꯤꯛꯀꯥꯡꯂꯣꯟ
aenugu,ꯑꯌꯤꯅꯨꯒ
lamb,ꯂꯝꯝꯕ
yei,ꯩꯩ
conditioning,ꯀꯣꯟꯤꯇꯣꯁꯤꯡ
yumnaksing,ꯌꯨꯝꯅꯛꯛꯁꯤꯡ
wasudewa,ꯋꯁꯨꯗꯋꯋ
chowdhury,ꯆꯣꯔꯗꯔꯤ
ilenpung,ꯏꯂꯦꯟꯄꯨꯡ
rajendra,ꯔꯥꯖꯦꯟꯗ꯭ꯔꯦ
thermax,ꯊꯦꯃꯛꯔꯛ
hempstead,ꯍꯦꯝꯄꯤꯁꯗꯗꯥꯗ
dhamane,ꯙꯃꯅꯦ
changkhraga,ꯆꯪꯈ꯭ꯔꯦꯉꯒ
chaoraki,ꯆꯥꯎꯔꯛꯏ
harbour,ꯍꯔꯔꯨꯔ
acevedo,ꯑꯦꯦꯗꯗꯑꯣ
lannaduna,ꯂꯥꯟꯅꯗꯨꯅ
orange,ꯑꯣꯔꯦꯦꯦꯦ
siemens,ꯁꯤꯃꯦꯟꯁꯁꯁ
research,ꯔꯦꯔꯦꯟ
poschima,ꯄꯣꯁꯤꯌꯥ
kg,ꯀꯤꯒ
chaoshangba,ꯆꯥꯎꯁꯪꯕ
mamaasigi,ꯃꯌꯥꯒꯤꯒꯤ
mandalaygi,ꯃꯟꯗꯥꯟꯇꯤꯒꯤ
queens,ꯀꯨꯌꯦꯟꯁ
ilaat,ꯏꯂꯥꯠ
laothokkhre,ꯂꯥꯎꯈꯣꯛꯈ꯭ꯔꯦ
infosys,ꯏꯟꯐꯣꯢꯇꯦ
chhatarpur,ꯆꯇꯥꯄꯔꯨ
takhelambam,ꯇꯥꯈꯣꯜꯕꯝ
sanglaba,ꯁꯪꯕꯕ
kangphaalgi,ꯀꯪꯐꯥꯜꯒꯤ
makhoi,ꯃꯈꯣꯢ
channa,ꯆꯟꯅ
algerian,ꯑꯦꯖꯦꯔꯦꯟꯥꯤꯟꯟꯟ
leena,ꯂꯦꯅ
engraaji,ꯏꯪꯔꯔꯤꯖꯤ
loubuk,ꯂꯧꯕꯛꯛꯨ
dumka,ꯗꯨꯝꯋꯥ
glaxosmithkline,ꯒ꯭ꯂꯦꯔꯔꯂꯦꯃꯤꯟꯦꯦꯁꯅ
bossier,ꯕꯣꯁꯤꯔꯤ
television,ꯇꯦꯂꯦꯔꯤꯁꯤ
solomon,ꯁꯣꯂꯣꯝ
manassas,ꯃꯌꯥꯁꯁ
mayanglambamna,ꯃꯌꯥꯡꯂꯝꯅ
surabhi,ꯁꯨꯔꯕꯥꯤ
nicobar,ꯅꯤꯀꯣꯅ꯭ꯕ
ama,ꯑꯃꯥ
bhutan,ꯚꯨꯇꯥꯟ
cross,ꯀ꯭ꯁꯁꯁ
kumar,ꯀꯨꯃꯔꯔ
ashuppa,ꯑꯁꯨꯞꯄ
tampa,ꯇꯝꯄꯥ
hinao,ꯍꯤꯅꯥ
yambem,ꯌꯝꯕꯝ
bhiwani,ꯚꯤꯋꯅꯤ
bilaspur,ꯕꯤꯄꯔꯥꯔꯁꯨ
thui,ꯊꯨꯢ
kaathoktuna,ꯀꯥꯊꯣꯛꯇꯨꯅ
bhatia,ꯕꯥꯇꯤꯌꯥ
lompoc,ꯂꯣꯝꯄꯣ
vidhi,ꯚꯤꯗꯤ
yetnaba,ꯌꯦꯠꯅꯕ
electricals,ꯏꯦꯦꯛꯀꯁꯁꯤꯌꯁꯁ
radha,ꯔꯥꯗ
hexaware,ꯍꯦꯀꯥꯋꯦꯔꯦ
panacea,ꯄꯅꯥꯔꯦ
sanitaryware,ꯁꯅꯥꯢꯗ꯭ꯔꯦ
yonkhi,ꯌꯣꯈꯈꯤ
koppula,ꯀꯣꯞꯄꯨꯂ
irvine,ꯏꯔꯤꯅꯦ
erickson,ꯑꯦꯀꯤꯌꯣꯟꯁ
mangla,ꯃꯥꯡꯂ
shampubi,ꯁꯝꯄꯨꯕꯤ
moroccogi,ꯃꯣꯔꯣꯣꯣꯣꯣꯣꯒꯒꯤ
mahagauri,ꯃꯍꯥꯒꯔꯤꯔꯤ
sapiknu,ꯁꯥꯄꯤꯄꯅꯨ
ngaak,ꯉꯥꯛ
houraklaba,ꯍꯧꯔꯛꯂꯕ
nifumaapan,ꯅꯤꯐꯨꯝꯌꯥꯟꯄꯥ
pheejam,ꯐꯦꯖꯝ
henson,ꯍꯦꯟꯁꯣꯟ
chandel,ꯆꯥꯟꯗꯦꯜ
inter,ꯏꯟꯇ꯭ꯔ
balkoty,ꯕꯦꯂꯇꯀꯇ
yavatmal,ꯌꯥꯕꯠꯂꯝꯂ
pullapsi,ꯄꯨꯜꯂꯥꯁꯤꯤ
ansari,ꯑꯟꯁꯔꯔꯤ
semkhi,ꯁꯦꯝꯈꯤ
mandla,ꯃꯟꯗ
ibungngo,ꯏꯕꯨꯡꯉꯣ
andaman,ꯑꯟꯟꯗꯥꯟ
adugirane,ꯑꯗ꯭ꯔꯤꯖꯦ
arappada,ꯑꯔꯥꯞꯄꯗ
wellington,ꯂꯦꯜꯂꯤꯡꯡꯟ
porbandar,ꯄꯣꯔꯥꯟꯗ꯭ꯔ
thajajaba,ꯊꯥꯖꯖꯕ
apiba,ꯑꯄꯤꯕ
shivastava,ꯁꯤꯚꯥꯚꯇ
longview,ꯂꯣꯡꯚꯤꯚ
oiraga,ꯑꯣꯢꯔꯒ
sanakhi,ꯁꯅꯥꯈꯤ
bowling,ꯕꯣꯇꯦꯂꯤꯡ
yanakhi,ꯌꯥꯈꯈꯤ
azusa,ꯑꯌꯨꯁꯥ
livermore,ꯂꯤꯚꯣꯔꯦ
pabunggi,ꯄꯥꯕꯕꯤꯡꯒꯤ
vysya,ꯚꯤꯁꯤꯌꯥ
platoga,ꯄꯥꯇꯥꯣꯒ
matonda,ꯃꯇꯣꯟꯗ
balcony,ꯕꯦꯂꯣꯟꯅꯤ
ortega,ꯑꯣꯔꯦꯇꯥꯒ
heket,ꯍꯦꯀꯦꯠ
yumnaaksing,ꯌꯨꯝꯅꯛꯛꯁꯤꯡ
bhriguvanshi,ꯚꯤꯔꯤꯒꯨꯔꯤꯁꯤꯁ
lampakta,ꯂꯝꯄꯥꯛꯇ
rajahmundry,ꯔꯥꯖꯥꯝꯕꯔꯔꯗꯁ
kamarhati,ꯀꯃꯔꯠꯇꯤ
dayton,ꯗꯥꯇꯣꯟ
shaamu,ꯁꯥꯃꯨ
alto,ꯑꯦꯜꯕꯣ
automation,ꯑꯌꯣꯇꯝꯝꯅꯤ
uchaan,ꯎꯆꯥꯟ
thouraangsingda,ꯊꯧꯔꯥꯁꯤꯡꯡꯗ
linni,ꯂꯤꯟꯅꯤ
infra,ꯏꯟꯟꯐꯔ
pruitt,ꯄ꯭ꯇꯇꯇꯇꯠ
sirsa,ꯁꯤꯔꯥ
alexandria,ꯑꯦꯦꯦꯀꯟꯗꯔꯤꯌꯥ
waarisingda,ꯋꯥꯔꯤꯁꯤꯡꯗ
sijinnanaba,ꯁꯤꯖꯤꯟꯅꯕ
media,ꯃꯦꯗꯤꯌꯥ
chhindwara,ꯆꯤꯟꯗ꯭ꯋꯥꯔ
machaani,ꯃꯆꯥꯅꯤ
laifamdagi,ꯂꯥꯢꯐꯝꯗꯒꯤ
ebirammi,ꯏꯕꯔꯦꯝꯤꯤ
highland,ꯍꯤꯒꯣꯟꯗ
theratipally,ꯊꯦꯔꯥꯇꯩꯇꯤꯤ
yaithing,ꯌꯥꯢꯊꯤꯡ
poupi,ꯄꯧꯄꯤ
panggansinggi,ꯄꯪꯡꯅꯁꯤꯡꯒꯤꯡꯤ
thaa,ꯊꯥ
sen,ꯁꯦꯟ
shoppers,ꯁꯣꯄꯦꯁꯔ
jalaun,ꯖꯂꯥꯨꯟ
nagraj,ꯅꯥꯔꯖꯖ
waarisinggi,ꯋꯥꯔꯤꯡꯁꯤ
governor,ꯒꯣꯚꯦꯔꯔꯤ
jamaica,ꯖꯥꯃꯥꯀꯀꯥ
irenpungni,ꯏꯔꯦꯟꯄꯅꯤ
romeoville,ꯔꯣꯃꯣꯚꯂꯦ
kwa,ꯀ꯭ꯋꯥꯂ
moses,ꯃ꯭ꯁꯦꯁ
thajanabi,ꯊꯥꯖꯅꯕꯤ
haraobada,ꯍꯔꯥꯎꯕꯗ
elat,ꯏꯕꯥꯠ
poireitonna,ꯄꯣꯢꯔꯦꯟꯅꯅ
lengba,ꯂꯦꯡꯕ
humputara,ꯍꯨꯝꯨꯔꯨꯇꯥꯔ
streamwood,ꯁꯦꯠꯔꯦꯃꯗ
konchin,ꯀꯣꯟꯆꯤꯟ
renuka,ꯔꯦꯅꯨꯀ
panada,ꯄꯅꯗ
khutmaba,ꯈꯨꯠꯃꯥꯝꯕ
gehlot,ꯖꯦꯍꯣꯂꯣꯠ
maningda,ꯃꯅꯤꯡꯗ
asaaba,ꯑꯁꯥꯕ
larsen,ꯂꯥꯔꯁꯦꯟ
sintaaknabi,ꯁꯤꯟꯇꯛꯛꯇꯤꯕꯅꯤ
konark,ꯀꯣꯅꯔꯛ
manna,ꯃꯥꯟꯅ
johnson,ꯖꯣꯑ꯭ꯟꯟꯁ
thoklakpani,ꯊꯣꯛꯂꯛꯄꯅꯤ
huraallaga,ꯍꯨꯔꯜꯂꯒ
hidaakloisingsi,ꯍꯤꯗꯥꯛꯁꯣꯟꯁꯤꯤꯡ
sinnakhre,ꯁꯤꯟꯅꯛꯈ꯭ꯔꯦ
kayadu,ꯀꯌꯥꯗꯨ
milolna,ꯃꯤꯂꯣꯜꯅ
cypress,ꯄꯤꯄꯔꯁ
rajesh,ꯔꯥꯖꯦꯁ
bhadouriya,ꯚꯗꯗꯨꯌꯥ
safu,ꯁꯥꯨ
dimapurgi,ꯗꯤꯃꯃꯥꯄꯔꯔꯒꯤ
nifumapan,ꯅꯤꯐꯃꯃꯥꯟ
shamu,ꯁꯃꯨ
lanjaonachingba,ꯂꯥꯟꯖꯣꯟꯆꯆꯤꯕꯕ
maannana,ꯃꯥꯟꯅ
vernon,ꯚꯦꯔꯣꯟ
spanish,ꯁ꯭ꯁꯅꯤꯁ
oiraki,ꯑꯣꯢꯔꯛꯀꯤ
srivastava,ꯁ꯭ꯇꯚꯁꯁꯚꯇꯇ
yin,ꯌꯤꯟ
bhatnagar,ꯚꯥꯠꯅꯔꯒ
sijinnafamsi,ꯁꯤꯖꯤꯟꯅꯤꯁꯝꯁꯁꯤꯁꯤ
ithatsingda,ꯏꯊꯠꯁꯤꯡꯗ
vijayawada,ꯚꯤꯖꯥꯌꯥꯗ
salas,ꯁꯥꯥꯂ
durgavanshi,ꯗꯨꯔꯓꯁꯁꯤꯡꯅꯤ
mani,ꯃꯅꯤ
ikhaa,ꯏꯈꯥ
raipur,ꯔꯥꯢꯄꯨꯔ
nula,ꯅꯨꯂꯥ
coast,ꯀꯣꯁꯇ
bara,ꯕꯔꯥ
siyaram,ꯁꯤꯌꯥꯝ
godfrey,ꯒꯣꯔꯥꯖꯦ
awangnongpokta,ꯑꯋꯥꯡꯅꯣꯛꯇ
phungaawaarising,ꯐꯨꯒꯔꯔꯤꯁꯤꯡ
saogatpasida,ꯁꯥꯎꯒꯠꯁꯁꯤꯗ
fatima,ꯐꯇꯤꯃꯥ
kapoor,ꯀꯄꯄꯔꯔꯣ
cobalt,ꯀꯕꯂꯦꯜ
porterville,ꯄꯣꯔꯦꯇꯦꯔꯤ
melbourne,ꯃꯦꯜꯍꯨꯔꯦꯦ
senbi,ꯁꯦꯟꯕꯤ
liberty,ꯂꯤꯕꯦꯔ
chingshu,ꯆꯤꯡꯁꯨ
tilli,ꯇꯤꯜꯂꯤ
dibrugarh,ꯗꯤꯕꯨꯔꯚꯊ
fond,ꯐꯣꯟꯗ
sunteck,ꯁꯨꯟꯇꯦꯛ
baramula,ꯕꯔꯔꯥꯂꯂ
tumlibi,ꯇꯨꯠꯂꯤꯕꯤ
katta,ꯀꯠꯇ
theinabagi,ꯊꯩꯅꯕꯒꯤ
mesopotamiagi,ꯃꯤꯄꯄꯄꯣꯄꯥꯁꯒꯒꯤ
haibadi,ꯍꯥꯢꯕꯗꯤ
ngamkhidre,ꯉꯝꯈꯤꯗꯔꯦ
leikhidabadagi,ꯂꯩꯈꯤꯗꯕꯒꯤ
avery,ꯑꯦꯔꯦꯔꯥꯔ
krueger,ꯀ꯭ꯔꯦꯔꯦ
thousand,ꯊꯧꯁꯥꯟꯗ
robins,ꯔꯣꯕꯤꯟꯁꯁ
ithoi,ꯏꯊꯤ
procter,ꯄ꯭ꯄꯦꯁ꯭ꯔꯔꯤ
karli,ꯀꯥꯔꯂꯤ
samukol,ꯁꯃꯀꯥꯀꯣ
chico,ꯆꯤꯀꯣ
asansol,ꯑꯁꯥꯟꯁꯣꯜ
waaheini,ꯋꯥꯍꯤꯅꯤ
tambiba,ꯇꯝꯕꯤꯕ
goa,ꯒꯣꯒꯥ
rasheed,ꯔꯥꯁꯦꯜ
prudential,ꯄꯨꯔꯦꯟꯇꯤꯜ
udhagamandalam,ꯎꯗꯥꯃꯃꯃꯃꯃ
anput,ꯑꯦꯟꯄꯁ
tourangbam,ꯇꯧꯔꯪꯡꯕꯝ
rungta,ꯔꯨꯡꯇ
amara,ꯑꯃꯥꯔ
lepnakhibagi,ꯂꯦꯞꯅꯍꯟꯤꯕꯒꯤ
sakei,ꯁꯥꯀꯩ
shrivas,ꯁ꯭ꯔꯤꯑꯥꯁ
thoubalna,ꯊꯧꯕꯥꯟꯗ
chahichadadi,ꯆꯍꯤꯆꯗꯤꯤꯗ
shakkhangbidriba,ꯁꯥꯈꯪꯈꯈꯤꯗꯔꯕ
phek,ꯐꯦꯛ
lon,ꯂꯣꯟ
yaanaba,ꯌꯥꯅꯕ
chaosangba,ꯆꯥꯎꯁꯥꯡꯕ
chinagi,ꯆꯤꯅꯥꯒꯤ
agdistis,ꯑꯦꯗꯤꯁꯤꯁ
khumangi,ꯈꯨꯃꯥꯡꯒꯤ
teamlease,ꯇꯦꯝꯂꯦꯁꯁ
chakrabortty,ꯆꯥꯛꯕꯔꯥꯇꯔ
srinagar,ꯁ꯭ꯔꯦꯅꯤꯅꯔꯔ
yaarani,ꯌꯥꯔꯅꯤ
suchi,ꯁꯨꯆꯤ
humfutarataret,ꯍꯨꯝꯐꯨꯇꯔꯦꯇꯦ
attraa,ꯑꯇꯇ꯭ꯔꯥ
union,ꯎꯅꯣꯟ
khumnaribi,ꯈꯨꯝꯅꯔꯤꯔꯤꯕꯤ
potfam,ꯄꯣꯐꯝꯐꯝ
nakpada,ꯅꯥꯛꯄꯗ
meeoi,ꯃꯤꯑꯣꯢ
fischer,ꯐꯤꯁꯔꯔ
maran,ꯃꯔꯥꯟ
thindoraki,ꯊꯤꯟꯗꯣꯔꯤꯛꯤ
shaakei,ꯁꯥꯀꯩ
thinli,ꯊꯤꯟꯂꯤ
chingburoisinggi,ꯆꯤꯡꯕꯥꯁꯥꯗꯒꯤ
ibadubu,ꯏꯕꯥꯗꯨ
meeteisingna,ꯃꯤꯇꯩꯇꯤꯡꯅ
sajina,ꯁꯥꯖꯤꯅ
yennei,ꯌꯦꯟꯅꯩ
laangbi,ꯂꯥꯡꯕꯤ
jalpaiguri,ꯖꯄꯄꯄꯔꯤꯤꯒꯤ
thongdagi,ꯊꯣꯡꯒꯒꯤ
phaktoklaga,ꯐꯥꯛꯇꯣꯛꯂꯒ
wilkerson,ꯂꯤꯜꯂꯦꯔꯛꯟꯁꯣ
solotkhaipam,ꯁꯣꯂꯤꯆꯣꯐꯝꯝꯝꯝ
papers,ꯄꯥꯄꯦꯁꯦꯔ
nakshatra,ꯅꯛꯁꯔ꯭ꯔ
paanpaki,ꯄꯥꯟꯅꯛꯛꯤ
saraswatigi,ꯁꯔꯥꯁꯇꯇꯔꯤꯒꯤ
chenningpaki,ꯆꯦꯟꯅꯤꯟꯄꯥꯛꯒꯤ
kheer,ꯈꯩꯔꯔ
chattaba,ꯆꯠꯇꯕ
khotnabagi,ꯈꯣꯠꯅꯅꯕꯒꯤ
chavez,ꯆꯥꯚꯦ
cutler,ꯀꯨꯠꯂꯔꯔ
tripura,ꯇ꯭ꯔꯨꯔꯥꯇ
khanghannaba,ꯈꯪꯍꯟꯅꯕ
varma,ꯚꯥꯔꯃꯥ
bugalia,ꯕꯨꯒꯥꯂꯤ
dwarikesh,ꯗ꯭ꯋꯥꯢꯅꯦꯁ
jivani,ꯖꯤꯔꯥꯅꯤ
taylorsville,ꯇꯥꯂꯣꯔꯦꯜꯦꯦ
sheithai,ꯁꯩꯊꯥꯢ
phaahoubagi,ꯐꯥꯍꯧꯕꯒꯤ
lairikyenbamlol,ꯂꯥꯢꯔꯤꯛꯂꯣꯝꯅ
mukherjee,ꯃꯨꯈ꯭ꯔꯦꯦ
world,ꯋꯣꯔꯦꯜ
thunglure,ꯊꯨꯡꯂꯔꯦꯔ
orissa,ꯑꯣꯔꯤꯁꯀ
khanthakho,ꯈꯟꯊꯊꯈꯣ
boise,ꯕꯣꯑꯦꯔꯦ
palamba,ꯄꯥꯂꯝꯕ
mahoney,ꯃꯍꯣꯅꯤ
ngaksennanaba,ꯉꯥꯛꯁꯦꯅꯅ
meeteilon,ꯃꯤꯇꯩꯂꯣꯟ
khangbidraba,ꯈꯪꯕꯤꯔ꯭ꯗꯗ
international,ꯏꯟꯇꯦꯟꯅꯦꯔꯤ
pikhi,ꯄꯤꯈꯤ
potahallu,ꯄꯣꯇꯥꯜꯂꯨ
khundariba,ꯈꯨꯟꯗꯔꯔꯤꯕ
deo,ꯗꯣ
dungarpur,ꯗꯨꯔꯔꯥꯄꯔ
rehman,ꯔꯤꯃꯦꯟ
yenthoklaba,ꯌꯦꯟꯊꯣꯛꯂꯕ
aditya,ꯑꯗꯤꯇꯥ
gillette,ꯒꯤꯂꯦꯠꯁꯦ
arshad,ꯑꯥꯔꯥꯗ
dhabi,ꯗꯥꯕꯤ
azamgarh,ꯑꯃꯥꯝꯒꯔ
iraqta,ꯏꯔꯥꯛꯇ
welding,ꯋꯦꯜꯗꯤꯡ
dhar,ꯙꯔꯔ
bishnupur,ꯕꯤꯅꯨꯛꯇꯨꯔ
sunnyvale,ꯁꯨꯟꯅꯤꯌꯂꯜ
rajnandgaon,ꯔꯥꯖꯖꯗꯡꯅ
marifumangaa,ꯃꯔꯤꯐꯨꯃꯉꯥ
leisangthem,ꯂꯩꯁꯥꯡꯊꯦ
benson,ꯕꯦꯟꯁꯣꯟ
cherolna,ꯆꯦꯔꯣꯜꯅ
yokhatpagi,ꯌꯣꯈꯥꯠꯄꯒꯤ
chamba,ꯆꯝꯕ
mediterranean,ꯃꯦꯗ꯭ꯔꯤꯇꯦꯦꯟꯟ
sangagi,ꯁꯥꯒꯒꯤ
round,ꯔꯧꯟꯗ
nasreen,ꯅꯁꯦꯔꯟ
lingkhatlami,ꯂꯤꯡꯈꯠꯂꯝꯃꯤ
utilities,ꯌꯨꯠꯇꯤꯁꯤꯌꯦꯁ
tehri,ꯇꯤꯚ꯭ꯔꯩ
alhambra,ꯑꯜꯍꯔꯦꯔꯔꯥ
mcpherson,ꯃꯦꯦꯦꯔꯣꯟ
arellano,ꯑꯦꯦꯂꯂꯣꯟ
database,ꯗꯥꯕꯚꯦꯁ
fullerton,ꯐꯦꯂꯦꯔ
heisnam,ꯍꯩꯁꯅꯝ
lomle,ꯂꯣꯝꯂꯦ
ocoee,ꯑꯣꯀꯦꯅꯤ
baltimore,ꯕꯦꯇꯇꯦꯅꯔꯦ
haibadagi,ꯍꯥꯢꯕꯗꯒꯤ
cochin,ꯀꯣꯢꯆꯤꯟ
senthang,ꯁꯦꯟꯊꯪ
phouba,ꯐꯧꯕ
euro,ꯏꯌꯨꯔ
chanei,ꯆꯥꯅꯩ
thanjavur,ꯊꯥꯖꯗꯔꯔꯨꯔ
orchha,ꯑꯣꯔꯥ
mehendale,ꯃꯦꯍꯦꯟꯗꯦ
ikha,ꯏꯈꯥ
danville,ꯗꯥꯟꯕꯦꯂꯦ
estates,ꯏꯁꯦꯇꯦꯁꯁ
maraktasu,ꯃꯔꯥꯇꯁꯁ
loubukta,ꯂꯧꯕꯤꯇꯇꯛ
siel,ꯁꯤꯜ
mahankmadaan,ꯃꯍꯥꯃꯃꯥꯟꯗ
michael,ꯃꯥꯦꯦꯜ
nodesna,ꯅꯣꯗꯦꯁꯅ
kettering,ꯀꯦꯇꯦꯔꯦꯟꯒꯤ
minungsi,ꯃꯤꯅꯨꯡꯁꯤꯁꯤ
jones,ꯖꯣꯅꯦꯁ
humfunipaan,ꯍꯨꯝꯅꯨꯅꯥꯄꯥꯟ
leimaida,ꯂꯩꯃꯥꯗꯗ
estes,ꯏꯁꯦꯠꯁ
colombiagi,ꯀꯣꯂꯣꯝꯕꯥꯒꯤ
carey,ꯀꯔꯦꯌ
sweeney,ꯁ꯭ꯦꯦꯌꯅꯩ
faraba,ꯐꯔꯕ
pradesh,ꯄ꯭ꯔꯤꯁꯁ
manipur,ꯃꯅꯤꯄꯔ
khngnaraba,ꯈꯤꯡꯅꯔꯔꯕ
lonsingdi,ꯂꯣꯟꯁꯤꯡꯗꯤ
yumlingngi,ꯌꯨꯝꯂꯤꯟꯒꯒꯤ
evanston,ꯏꯔꯥꯟꯇꯨꯟꯁ
marifumaapan,ꯃꯔꯤꯐꯨꯃꯔꯥꯄꯥꯟ
hanumangarh,ꯍꯅꯨꯃꯃꯃꯨꯅꯔꯥ
crest,ꯁꯦꯁꯇ
villa,ꯚꯤꯜꯂꯥ
marcos,ꯃꯔꯔꯁꯁꯁ
ramkrishna,ꯔꯝꯔꯤꯟꯁ
brahmapur,ꯕ꯭ꯔꯔꯃꯤꯐꯃ
utpani,ꯎꯠꯄꯅꯤ
flint,ꯐ꯭ꯂꯤꯟ
majesco,ꯃꯦꯁꯑꯑꯣ
adusu,ꯑꯗꯨꯁ
maangbaraa,ꯃꯥꯡꯕꯔꯥ
eaton,ꯑꯇꯣꯠꯅ
and,ꯑꯟꯟꯗ
reese,ꯔꯤꯁꯦ
shajik,ꯁꯥꯖꯤꯛ
natraga,ꯅꯠꯇꯔꯒ
nungsiraba,ꯅꯨꯡꯁ꯭ꯔꯕ
yinyangsi,ꯌꯤꯟꯅꯤꯁꯁꯤꯡ
leirese,ꯂꯩꯔꯦꯦꯦ
webb,ꯋꯦꯕꯦ
chetan,ꯆꯦꯇꯟ
vista,ꯚꯤꯁꯇ
naoshekpam,ꯅꯥꯎꯁꯦꯛ
polaang,ꯄꯣꯂꯥꯡ
athak,ꯑꯊꯥꯛ
maapangi,ꯃꯥꯥꯢꯉꯥꯒꯤ
thaagonnaba,ꯊꯥꯑꯣꯡꯅꯕ
khaliq,ꯈꯕꯂꯤ
heishnam,ꯍꯩꯁꯤꯝꯅ
dhindhwal,ꯈꯤꯟꯗꯥꯔꯜ
lepkhiba,ꯂꯦꯞꯈꯤꯕ
loki,ꯂꯣꯀꯤ
davidson,ꯗꯥꯚꯁꯤꯌꯟꯁꯤ
infobeans,ꯏꯟꯖꯣꯔꯁꯦꯕꯟꯁ
napa,ꯅꯥꯄ
chaasi,ꯆꯥꯁꯤ
newark,ꯅꯦꯋꯥꯛ
rivas,ꯔꯤꯕꯁꯥ
combs,ꯀꯣꯝꯕꯦꯁ
furuki,ꯐꯨꯔꯤꯛꯤ
chingshaang,ꯆꯤꯡꯁꯥꯡ
kentwood,ꯀꯦꯟꯋꯣꯗꯣꯗ
chaorammi,ꯆꯥꯎꯔꯝꯃꯤ
houba,ꯍꯧꯕ
navkar,ꯅꯥꯔꯔ
houi,ꯍꯧꯏ
yeithokkhi,ꯌꯩꯊꯣꯛꯈꯤ
faahanli,ꯐꯥꯍꯟꯂꯤ
chathallakpa,ꯆꯠꯊꯥꯛꯂꯛꯄ
gandharigi,ꯒꯥꯙꯃꯃꯔꯤꯒꯤ
mermaidsinggi,ꯃꯔꯃꯥꯔꯤꯁꯤꯡꯒꯤ
cigniti,ꯁꯤꯁꯇꯤꯤꯇꯤ
taipangpal,ꯇꯥꯢꯄꯪꯄꯜ
oracle,ꯑꯣꯔꯥꯠ
shaji,ꯁꯖꯤ
khanlaba,ꯈꯟꯂꯕ
nongchup,ꯅꯣꯡꯆꯨꯞ
famgi,ꯐꯝꯒꯤ
thamfamni,ꯊꯝꯐꯝꯅꯤ
singha,ꯁꯤꯡꯍ
rosemead,ꯔꯣꯁꯤꯌꯝꯗ
yengkhatpa,ꯌꯦꯡꯈꯠꯄ
kakwa,ꯀꯥꯛꯥ
chada,ꯆꯥꯗ
winter,ꯋꯤꯟꯇ꯭ꯔꯤ
waangkhi,ꯋꯥꯡꯈꯤ
laihuida,ꯂꯥꯢꯈꯗ
ayaambagi,ꯑꯌꯥꯝꯕꯒꯤ
agrahari,ꯑꯥꯔꯥꯔꯥꯃꯤ
saharan,ꯁꯥꯍꯟꯔꯟ
phenix,ꯐꯦꯅꯤꯛ
falls,ꯐꯜꯂ
amadani,ꯑꯃꯥꯅꯅꯤ
pukhrambam,ꯄꯨꯈ꯭ꯈꯔꯝꯕꯥ
priyadarshini,ꯄ꯭ꯔꯦꯥꯥꯔꯔꯁꯅꯁꯀꯤ
vikram,ꯚꯤꯛꯁꯔꯃ
israel,ꯏꯔꯦꯜ
meesingni,ꯃꯤꯁꯤꯅꯅꯤ
hdfc,ꯍ꯭ꯗꯦ
laibakki,ꯂꯥꯢꯕꯛꯀꯤ
siyang,ꯁꯤꯌꯥꯡ
nizamat,ꯅꯤꯓꯥꯇꯇ
gopal,ꯒꯣꯄꯜ
klein,ꯀꯦꯂꯟ
kanglupna,ꯀꯪꯂꯨꯞꯅ
bismarck,ꯕꯤꯁꯃꯛ
betul,ꯕꯦꯇꯦꯜ
khong,ꯈꯣꯡ
barman,ꯕꯔꯔꯃꯟ
fampaalda,ꯐꯝꯄꯥꯜꯄ
singtamni,ꯁꯤꯡꯅꯤꯅꯤ
simulated,ꯁꯤꯃꯨꯠꯇꯦ
eastvale,ꯏꯥꯁꯇꯦꯂꯦ
sovettagi,ꯁꯣꯇꯦꯖꯒꯤ
freeman,ꯐ꯭ꯃꯦꯟ
shakhenba,ꯁꯥꯈꯦꯟꯕ
ningthijana,ꯅꯤꯡꯊꯤꯅ
kenner,ꯀꯦꯟꯅꯔꯦ
lake,ꯂꯥꯛ
computerna,ꯀꯣꯝꯄꯔꯅ
waaheisingsigi,ꯋꯥꯍꯩꯁꯁꯤꯡꯁꯤ
turkey,ꯇꯨꯔꯦꯌ
ebada,ꯏꯕꯗ
hourakkhare,ꯍꯧꯔꯔꯦꯛ
chandler,ꯆꯟꯟꯦꯦꯔꯦ
ratlam,ꯔꯥꯠꯂꯝ
laiphamsing,ꯂꯥꯢꯐꯝꯁꯤꯡꯁ
jose,ꯖꯣꯑꯦ
ghaziabad,ꯒꯥꯒꯤꯕꯗ
guwahati,ꯖꯨꯋꯥꯇꯇꯤ
aegis,ꯑꯦꯒꯤꯁꯁ
ngakthoki,ꯉꯥꯛꯈꯣꯢꯏ
galileo,ꯒꯦꯂꯦꯂꯣ
sinnakhi,ꯁꯤꯟꯅꯈꯤ
airtel,ꯑꯦꯔꯦꯇꯣ
dhuburi,ꯗꯨꯕꯨꯔꯔꯔꯤ
laanna,ꯂꯥꯟꯅ
khungi,ꯈꯨꯡꯒꯤ
mapapu,ꯃꯄꯥꯁ
eningthou,ꯏꯅꯤꯡꯊꯧ
marry,ꯃꯔꯔꯌꯤ
burhanpur,ꯕꯨꯔꯥꯟꯅꯔꯊꯔꯦ
khundaba,ꯈꯨꯟꯗꯕ
pokhriyal,ꯄꯣꯈꯤꯈ꯭ꯔꯤꯜ
kohima,ꯀꯣꯍꯤꯌꯥ
thellon,ꯊꯦꯂꯣꯟ
purnia,ꯄꯨꯔꯤꯌꯥ
apakngada,ꯑꯄꯥꯛꯅꯗ
arena,ꯑꯔꯦꯅꯥ
laipubam,ꯂꯥꯢꯄꯨꯕꯝ
chirang,ꯆꯤꯔꯪ
adutani,ꯑꯗꯨꯅꯥ
mariphumanga,ꯃꯔꯤꯐꯃꯥ
outage,ꯑꯧꯇꯒꯦ
tinplate,ꯇꯤꯟꯇꯥꯠ
chinggi,ꯆꯤꯡꯒꯤ
lainupa,ꯂꯥꯢꯅꯄꯄ
nucleus,ꯅꯨꯌꯦꯁꯁꯨꯁ
laanmeena,ꯂꯥꯟꯃꯤꯅ
asengbadi,ꯑꯁꯦꯡꯕꯗꯤ
quintero,ꯀꯨꯢꯔꯔꯣꯃꯣ
springfield,ꯁ꯭ꯄꯦꯟꯆ꯭ꯔꯦꯜꯜꯗ
tayde,ꯇꯥꯗꯦ
bass,ꯕꯁꯁꯁ
sada,ꯁꯗꯥ
wamang,ꯋꯥꯃꯪ
lakpham,ꯂꯥꯛꯞꯝ
thaangbadi,ꯊꯥꯡꯕꯗꯒꯤ
montebello,ꯃꯣꯇꯇꯦꯕꯦꯅꯣ
sathiraba,ꯁꯥꯊꯤꯔꯕ
mandadi,ꯃꯟꯗꯗꯤ
jain,ꯖꯥꯟ
warahi,ꯋꯥꯔꯥꯢ
dhanbad,ꯙꯟꯕꯗ
paaba,ꯄꯥꯕ
sadrisibo,ꯁꯥꯗ꯭ꯁꯤꯕꯣ
somany,ꯁꯃꯃꯅꯥ
oiringei,ꯑꯣꯢꯔꯤꯉꯩ
sellers,ꯁꯦꯜꯂꯦꯔꯔꯁ
luchingduna,ꯂꯨꯢꯆꯤꯡꯗꯅꯅꯅ
yangoijam,ꯌꯥꯡꯖꯣꯐꯝ
yotlina,ꯌꯣꯠꯇꯤꯅ
frederick,ꯐ꯭ꯗꯦꯔꯤꯛꯛ
funggawarising,ꯐꯨꯡꯒꯥꯋꯋꯤꯡꯁꯤꯡ
bhawaani,ꯚꯋꯥꯅꯤ
khandelwal,ꯈꯟꯗꯦꯜꯂ
euro,ꯏꯌꯨꯉꯣ
potlamsinggi,ꯄꯣꯠꯂꯝꯝꯤꯤꯁꯤ
shaknari,ꯁꯥꯛꯔꯔꯤ
maheshwar,ꯃꯍꯦꯁꯔꯔ
foro,ꯐꯣꯔꯣ
kangleipakpu,ꯀꯪꯂꯩꯄꯥꯄ
chase,ꯆꯥꯁꯦ
kramer,ꯀ꯭ꯔꯦꯔ
nandinagari,ꯅꯟꯗ꯭꯭ꯔꯤꯅꯥꯒꯤ
sheopur,ꯁꯦꯑꯨꯄꯨꯔ
tamlibasing,ꯇꯝꯂꯤꯕꯁꯤꯡ
balrampur,ꯕꯦꯄꯔꯦꯄꯥ
skipper,ꯁ꯭ꯄꯦꯔꯤꯄꯔꯔ
dwevedi,ꯗꯦꯚꯤꯌꯤ
fou,ꯐꯧ
mariphumaapan,ꯃꯔꯤꯐꯔꯥꯥꯄꯥ
thaapham,ꯊꯥꯐꯝ
taohuireng,ꯇꯥꯎꯍꯧꯔꯤꯡ
howe,ꯍꯣꯋꯦ
shaaphu,ꯁꯥꯐꯨ
pamjaba,ꯄꯝꯖꯕ
indiabulls,ꯏꯟꯖꯤꯕꯦꯁꯁ
honeywell,ꯍꯣꯌꯦꯌꯦꯜ
thaadoklamlaga,ꯊꯥꯗꯣꯛꯈꯜꯂꯒ
sagatlammi,ꯁꯥꯠꯇꯝꯂꯝꯃꯤ
pong,ꯄꯣꯡ
babur,ꯕꯕꯔꯔ
bareli,ꯕꯔꯦꯜꯂꯤ
cheiraochingda,ꯆꯩꯔꯥꯢꯆꯤꯡꯗ
ingraj,ꯏꯪꯔꯥꯔꯥ
punge,ꯄꯨꯡ
paanari,ꯄꯥꯅꯔꯤ
neal,ꯅꯦꯜ
yaangkheinipaan,ꯌꯥꯡꯈꯩꯔꯥꯄ
balaji,ꯕꯥꯥꯥꯖꯤ
chayetnagalli,ꯆꯥꯌꯦꯠꯂꯂꯤꯡ
rancho,ꯔꯥꯟꯆꯣ
tumbada,ꯇꯨꯝꯕꯗ
waaheina,ꯋꯥꯍꯦꯅ
ion,ꯏꯑꯣꯟ
emaalonbu,ꯏꯃꯥꯎꯅꯕ
waterloo,ꯋꯥꯇꯣꯔꯣꯣꯣ
uthokchaba,ꯎꯨꯊꯣꯛꯆꯕ
cerebra,ꯁꯦꯔꯦꯖꯔ
amar,ꯑꯃꯔꯔ
angelo,ꯑꯉꯦꯂꯣꯣ
mayekna,ꯃꯌꯦꯛꯅ
tate,ꯇꯇꯦ
paomi,ꯄꯥꯎꯃꯤ
sangrur,ꯁꯪꯔꯨꯔ
kaanglupsigi,ꯀꯥꯡꯂꯨꯁꯒꯤ
latpaki,ꯂꯥꯠꯄꯛꯛꯤ
khammam,ꯈꯝꯝꯝ
sikar,ꯁꯤꯀꯔ
madina,ꯃꯗꯤꯅ
darbhanga,ꯗꯥꯔꯪꯅ
pletoga,ꯄꯣꯂꯣꯒꯒ
summerville,ꯁꯨꯝꯔꯤꯀꯂꯜ
waco,ꯋꯥꯀꯣ
waakat,ꯋꯥꯀꯠꯠ
khatri,ꯈꯠꯇꯔꯤ
asamiya,ꯑꯁꯥꯃꯤꯌꯥ
phahoubagi,ꯐꯦꯧꯧꯧꯕꯒꯤ
semsaaba,ꯁꯦꯝꯁꯥꯕ
iribasingsidagi,ꯏꯔꯤꯕꯁꯁꯤꯡꯗꯤ
hollywood,ꯍꯣꯜꯂꯤꯗꯣ
pothaahallu,ꯄꯣꯊꯥꯥꯍꯣꯂꯣ
cheni,ꯆꯦꯅꯤ
adkins,ꯑꯗꯛꯅꯤꯁꯤꯟꯁ
garcia,ꯒꯔꯤꯌꯥ
lindsey,ꯂꯤꯟꯁ꯭ꯔꯦ
sumter,ꯁꯨꯝꯇꯔꯦ
makhel,ꯃꯈꯦꯜ
kampleks,ꯀꯝꯄꯦꯛꯁꯦꯠꯁ
leipakna,ꯂꯩꯄꯥꯛꯅ
koukhi,ꯀꯧꯈꯤ
styrolution,ꯁ꯭ꯇꯦꯔꯣꯂꯣꯟ
samaddar,ꯁꯃꯥꯅꯔ
ellison,ꯑꯜꯂꯤꯂꯣꯟꯁꯤ
meetana,ꯃꯤꯇꯥꯅ
stafford,ꯁ꯭ꯐꯐꯣꯔꯣꯔ
kuantum,ꯀꯨꯇꯥꯟꯨꯝ
raiganj,ꯔꯥꯢꯒꯟꯟ
huntsville,ꯍꯨꯟꯇ꯭ꯔꯦꯜꯂꯦ
lup,ꯂꯨꯞ
budge,ꯕꯨꯒꯦꯦ
tekhao,ꯇꯦꯈꯈꯣ
pharaba,ꯐꯔꯔꯕ
cambridge,ꯀꯝꯝ꯭ꯔꯦꯒꯤ
dearborn,ꯗꯦꯔꯔꯣꯟ
vijayapura,ꯚꯤꯖꯥꯃꯥꯔꯔꯥ
sadu,ꯁꯥꯗꯨ
faridabad,ꯐꯔꯤꯗꯗꯗ
kek,ꯀꯦꯛ
tyres,ꯇꯤꯔꯦ
silchar,ꯁꯤꯜꯆꯔ
clarita,ꯀꯦꯂꯇ꯭ꯔꯥ
lishang,ꯂꯤꯁꯪ
placentia,ꯄꯦꯂꯦꯟꯇꯤꯌꯥ
ningonbu,ꯅꯤꯡꯉꯣꯟꯕ
waa,ꯋꯥ
corona,ꯀꯣꯔꯦꯅ
mittranggi,ꯃꯤꯠꯇ꯭ꯔꯤꯡꯁꯤ
telivijan,ꯇꯦꯂꯤꯌꯕꯅ
asokpa,ꯑꯁꯣꯛꯄ
bellingham,ꯕꯦꯜꯂꯤꯡꯍꯝ
koraput,ꯀꯣꯔꯥꯞꯇꯣ
oricon,ꯑꯣꯔꯤꯔꯦꯁꯦꯟ
changbabu,ꯆꯪꯕꯕꯨ
bengaluru,ꯕꯦꯉꯔꯥꯜꯁꯨ
khullakpani,ꯈꯨꯜꯂꯛꯄꯅꯤꯅꯅ
nupisingbu,ꯅꯨꯄꯤꯁꯁꯡꯕꯨ
echu,ꯏꯆꯨ
surfactants,ꯁꯨꯔꯆꯥꯇꯁꯛꯁꯁꯁꯁ
saabinaba,ꯁꯥꯕꯤꯅꯕ
prometheus,ꯄ꯭ꯃꯦꯃꯦꯁꯤꯌ
intarnesanel,ꯏꯟꯅꯔꯔ
nongthaktagi,ꯅꯣꯡꯊꯥꯛꯇꯒꯤ
saru,ꯁꯔꯨ
mahawidya,ꯃꯍꯥꯤꯗꯤꯌꯥ
titansinggidamak,ꯇꯤꯇꯅꯤꯟꯁꯤꯗꯃꯛ
niphu,ꯅꯤꯐꯨ
malaysia,ꯃꯥꯥꯁꯁꯤ
wiley,ꯂꯤꯂꯂꯌ
nongcheng,ꯅꯣꯡꯆꯤꯡ
giridih,ꯖꯤꯔꯤꯚꯤ
huerta,ꯍꯨꯔꯇ
huber,ꯍꯨꯔꯦꯔ
delhi,ꯗꯦꯜꯈꯤ
braunfels,ꯕ꯭ꯔꯥꯞꯅꯦꯁꯁ
epaakachouba,ꯏꯄꯥꯎꯆꯕ
bharadwaj,ꯚꯔꯙꯔꯋꯥ
singbulbu,ꯁꯤꯡꯕꯨꯡꯂꯕ
foureima,ꯐꯧꯔꯤꯃ
oaks,ꯑꯣꯛꯁ
parma,ꯄꯔꯃꯃꯥ
lanngamduna,ꯂꯥꯟꯒꯝꯝꯗꯨꯅ
kashyap,ꯀꯥꯁꯥꯄ
vatakara,ꯚꯥꯇꯀꯔꯥꯁ
ali,ꯑꯂꯤ
cheisu,ꯆꯩꯁꯨ
aurangabad,ꯑꯌꯨꯔꯥꯡꯕꯗ
umang,ꯌꯨꯃꯥꯡ
khaplamlaga,ꯈꯞꯄꯝꯂꯒ
mcdaniel,ꯃꯦꯗꯦꯅꯦꯦ
itou,ꯏꯇꯧ
sayongi,ꯁꯥꯌꯣꯟꯒꯤ
vishwakarma,ꯚꯤꯁ꯭ꯔꯥꯃꯃꯥ
laiphao,ꯂꯥꯢꯍꯐꯣ
khambhat,ꯈꯝꯚꯠ
fertilizers,ꯐꯦꯔꯤꯇꯦꯁꯂꯁ
saamu,ꯁꯥꯃꯨ
clifton,ꯀ꯭ꯐꯐꯅꯦ
longsen,ꯂꯣꯟꯁꯦꯟ
mishak,ꯃꯤꯁꯛ
sanghvi,ꯁꯪꯕꯤ
hanson,ꯍꯟꯟꯟꯟ
tainu,ꯇꯥꯢꯅꯨ
yelhoumisingbu,ꯌꯦꯢꯍꯧꯔꯣꯝꯕꯁꯤꯡ
yatra,ꯌꯥꯇꯇꯔꯦ
puraa,ꯄꯨꯔꯥ
jeffersonville,ꯖꯦꯖꯦꯔꯦꯕꯦꯅ
tanbada,ꯇꯥꯟꯕꯗ
piraku,ꯄꯤꯔꯥꯛ
salangthem,ꯁꯥꯂꯪꯊꯦꯝ
khak,ꯈꯥꯛ
nongshaamei,ꯅꯣꯡꯁꯥꯃꯩ
taphamsang,ꯇꯐꯝꯁꯤꯡ
nongsamei,ꯅꯣꯡꯁꯥꯃꯩ
nagalandna,ꯅꯥꯒꯜꯗꯅ
osmanabad,ꯑꯣꯁꯥꯃꯗ
ircon,ꯏꯔꯤꯟꯣꯟ
paambagi,ꯄꯥꯝꯕꯒꯤ
hackensack,ꯍꯥꯁꯦꯟꯁ
pradeshki,ꯄ꯭ꯗꯦꯗꯁꯀꯤ
organik,ꯑꯣꯔꯒꯅꯤꯤ
jagtap,ꯖꯥꯇꯥ
konsillo,ꯀꯣꯟꯁꯤꯜꯂꯣ
chakmom,ꯆꯥꯃꯣꯝ
rajouri,ꯔꯥꯖꯨꯔꯤ
hendricks,ꯍꯦꯟꯗ꯭ꯔꯛꯁꯁꯤ
madudagi,ꯃꯗꯥꯒꯤ
calhoun,ꯀꯜꯂꯣꯟ
shrivas,ꯁ꯭ꯔꯚꯁꯤꯁꯁ
hantharakpadagi,ꯍꯟꯊꯥꯔꯔꯤꯗꯒ
kaachin,ꯀꯥꯤꯤꯟ
suzlon,ꯁꯨꯔꯣꯟ
monte,ꯃꯦꯟꯇꯦ
placental,ꯄ꯭ꯂꯦꯂꯦꯦꯠ
mechanism,ꯃꯤꯆꯅꯤꯁꯝꯁꯝ
panari,ꯄꯅꯔꯥꯤ
naakanlomda,ꯅꯥꯀꯟꯂꯦꯝ
herbaceous,ꯍꯦꯔꯨꯕꯁꯦ
yenglammi,ꯌꯦꯡꯂꯝꯃꯤ
indianapolis,ꯏꯟꯗꯤꯖꯤꯂꯤꯌꯁꯁꯁ
singam,ꯁꯤꯒꯝ
nungshi,ꯅꯨꯡꯁꯤ
sinloi,ꯁꯤꯟꯂꯣꯢ
pearson,ꯀꯩꯔꯣꯟ
otpi,ꯑꯣꯠꯇꯤ
koilang,ꯀꯣꯢꯂꯪ
lembi,ꯂꯦꯝꯕꯤ
zydus,ꯖꯤꯗꯁ
esing,ꯏꯁꯤꯡ
surungni,ꯁꯨꯔꯨꯡꯅꯤ
atom,ꯑꯇꯣꯝ
gill,ꯒꯤꯜ
sharuksing,ꯁꯔꯨꯛꯀꯣꯁꯤꯡ
rajasthan,ꯔꯥꯥꯥꯥꯥꯥꯥꯥꯖꯥꯇꯥꯟ
covina,ꯀꯤꯕꯤꯅ
alipore,ꯑꯦꯄꯦꯔꯦꯔ
mckenzie,ꯃ꯭ꯀꯦꯆꯦꯟꯁ
panesar,ꯄꯅꯦꯁꯔ
taaklamba,ꯇꯥꯛꯂꯝꯕ
leijadaba,ꯂꯩꯖꯗꯕ
textiles,ꯇꯦꯛꯇ꯭ꯤꯌꯦꯁꯅꯦ
phamdengba,ꯐꯝꯗꯦꯡꯕ
mahiga,ꯃꯍꯤꯒ
apisaa,ꯑꯄꯤꯁꯥꯁ
meditarreniyan,ꯃꯤꯗꯤꯇꯇꯔꯤꯌꯥꯌꯟ
faba,ꯐꯥꯕ
logistics,ꯂꯣꯒꯤꯁꯤꯁꯁꯤ
langbi,ꯂꯥꯡꯕꯤ
spirits,ꯁ꯭ꯔꯤꯄꯁꯁꯤ
fahoubagi,ꯐꯥꯍꯧꯕꯒꯤ
atkinson,ꯑꯇꯣꯛꯁꯤꯟꯁꯅꯟ
industries,ꯏꯟꯈ꯭ꯔꯦꯁꯤꯁ
israni,ꯏꯁꯥꯅꯤ
natureview,ꯅꯇ꯭ꯔꯤꯖꯚ
senjeng,ꯁꯦꯟꯖꯪ
chatpagi,ꯆꯠꯄꯒꯤ
jaunpur,ꯌꯨꯞꯄꯔ
taramna,ꯇꯔꯝꯅ
chalei,ꯆꯥꯂꯩ
ibirammi,ꯏꯕꯤꯃꯝꯤ
haapchillaga,ꯍꯥꯞꯆꯤꯡꯂꯒ
grover,ꯔ꯭ꯔꯦꯔꯒꯦ
utthokpa,ꯎꯠꯊꯣꯛꯄꯛ
konnabadagi,ꯀꯣꯟꯅꯕꯒꯤ
riverside,ꯔꯤꯔꯦꯚꯗꯦꯁ
tinley,ꯇꯤꯟꯂꯦ
meeyaamna,ꯃꯤꯌꯥꯝ
algeriagi,ꯑꯦꯒ꯭ꯔꯦꯒꯤ
park,ꯄꯔꯛ
vatakara,ꯇꯥꯇꯥꯛꯀꯔ
khulda,ꯈꯨꯜꯗ
shamjetsabam,ꯁꯝꯖꯖꯦꯚꯕꯥꯝ
jodha,ꯖꯣꯙꯥꯥ
monsang,ꯃꯣꯟꯁꯪ
thana,ꯊꯥꯅ
macau,ꯃꯄꯥ
baliga,ꯕꯥꯤꯗꯑ
latamni,ꯂꯥꯇꯝꯅꯤ
nakanlomda,ꯅꯥꯀꯥꯂꯣꯟꯗ
khetnei,ꯈꯦꯠꯅꯩ
willis,ꯂꯤꯜꯂꯤꯁ
nielsen,ꯅꯤꯜꯁꯦꯟ
sipaigi,ꯁꯤꯄꯥꯢꯒꯤ
englandgi,ꯏꯪꯂꯪꯒꯤ
chingngu,ꯆꯤꯡꯅꯨ
pheesa,ꯐꯩꯁꯥ
paso,ꯁꯥꯌꯣꯣ
tatenen,ꯇꯦꯅꯦꯟ
kasera,ꯀꯁꯦꯔꯥ
chinminnasite,ꯆꯤꯟꯃꯤꯟꯇꯤꯁꯦ
pheichom,ꯐꯩꯈꯨꯝ
shrirampur,ꯁꯔꯔꯤꯌꯥꯄ
piksinkhi,ꯄꯤꯈꯤꯈꯤ
kungsinba,ꯀꯨꯡꯁꯤꯟꯕ
oibi,ꯑꯣꯢꯕꯤ
leipakpu,ꯂꯩꯄꯥꯛꯄꯨ
lairik,ꯂꯥꯢꯔꯤꯛ
haoreima,ꯍꯥꯎꯔꯩ
kayana,ꯀꯌꯥꯅ
vasuki,ꯁꯁꯤꯀꯤ
imaalonbu,ꯏꯃꯥꯂꯣꯟꯕ
samdharshni,ꯁꯝꯗ꯭ꯔꯤꯅꯤ
mayekki,ꯃꯌꯦꯛꯀꯤ
laanlou,ꯂꯥꯟꯂꯨ
leandro,ꯂꯦꯟꯗꯣꯔꯣ
khaada,ꯈꯥꯗ
ifci,ꯏꯐꯤ
sheboygan,ꯁꯦꯕꯣꯔꯟ
maphamsu,ꯃꯐꯥꯁꯨ
noble,ꯅꯣꯕꯦ
athouba,ꯑꯊꯧꯕ
sitaram,ꯁꯤꯇꯔꯥꯃ
narwar,ꯅꯔꯔ
intelligence,ꯏꯟꯇꯦꯜꯇꯇꯦꯇꯤ
laannaduna,ꯂꯥꯟꯅꯗꯨꯅ
perth,ꯄꯦꯔꯦꯠ
nongchuptana,ꯅꯣꯡꯆꯨꯇꯥꯅ
sara,ꯁꯔꯥ
leiribani,ꯂꯩꯔꯤꯕꯅꯤ
saharsa,ꯁꯍꯔꯁ
jhindal,ꯖꯤꯟꯗ
palmer,ꯄꯥꯜꯃꯦꯔ
madgaon,ꯃꯗꯗꯥꯟꯟ
finserv,ꯐꯤꯟꯁ꯭ꯔꯦ
nambol,ꯅꯝꯕꯣꯜ
lainingthou,ꯂꯥꯢꯅꯤꯡꯐꯨ
awangbagi,ꯑꯋꯥꯡꯕꯒꯤ
allsec,ꯑꯜꯜꯁꯦꯁ
stop,ꯁ꯭ꯇꯣꯞ
mckay,ꯃꯀꯀꯥꯌ
machaki,ꯃꯆꯥꯀꯤ
sanareina,ꯁꯅꯔꯥꯅꯥ
dhaka,ꯙꯀꯀꯥ
baleshwar,ꯕꯦꯂꯚꯋꯔ
shangleichaa,ꯁꯪꯂꯩꯆꯆ
square,ꯁ꯭ꯔꯦ
panthoibini,ꯄꯥꯟꯊꯣꯢꯕꯅꯤ
blair,ꯕ꯭ꯂꯥꯔꯔꯔ
kolar,ꯀꯣꯂꯔꯤ
nekhbet,ꯅꯦꯈꯦꯠ
castro,ꯀꯥꯁꯇꯔ
lunghar,ꯂꯨꯡꯍꯔ
subex,ꯁꯨꯖꯦꯛ
ross,ꯔꯣꯁꯁ
mayaamga,ꯃꯌꯥꯝꯒ
saunders,ꯁꯥꯟꯗꯦꯁꯁꯁ
gati,ꯒꯥꯇꯤꯇꯤ
changlakkhi,ꯆꯪꯂꯈꯈꯤ
electricity,ꯏꯦꯦꯁꯤꯔꯤ
niraj,ꯅꯤꯔꯨ
leisupi,ꯂꯩꯁꯞꯄꯤ
balmer,ꯕꯥꯦꯔꯦꯅꯔ
shashan,ꯁꯁꯟ
atlantic,ꯑꯠꯠꯇꯛꯇꯤꯟꯇꯛ
woodbury,ꯋꯣꯑꯣꯗꯔꯤꯌꯥ
bellflower,ꯕꯦꯜꯂꯦꯛꯔꯤ
ningsing,ꯅꯤꯡꯁꯤꯡ
paringni,ꯄꯔꯤꯒꯅꯤ
haraobanachingbada,ꯍꯥꯔꯔꯣꯄꯆꯥꯜꯕꯟꯗꯕꯗꯡ
phaaraba,ꯐꯥꯔꯕ
saluja,ꯁꯥꯨꯔ
porompatni,ꯄꯣꯔꯣꯝꯝꯇꯤꯅꯤ
paakee,ꯄꯥꯎ
kangbu,ꯀꯪꯕꯨ
kumpaapada,ꯀꯨꯝꯄꯥꯞꯄꯗ
mountain,ꯃꯧꯟꯅꯥꯐꯤ
colorado,ꯀꯣꯑꯣꯔꯣꯔꯣ
loupham,ꯂꯧꯐꯝ
coconut,ꯀꯀꯣꯣꯟꯠꯁ
gentry,ꯖꯦꯟꯇꯇ꯭ꯔꯤꯌꯥ
avondale,ꯑꯣꯗꯥꯦꯂꯦ
enka,ꯏꯀꯀꯀ
kun,ꯀꯨꯟ
khongthang,ꯈꯣꯡꯊꯪ
chakkouba,ꯆꯥꯛꯀꯧꯕ
paanggansinggi,ꯄꯥꯡꯒꯥꯟꯁꯤꯡꯒꯤ
siddiqui,ꯁꯤꯗꯤꯗꯨ
finserv,ꯐꯤꯟꯁ꯭ꯔꯦ
uppal,ꯎꯄꯥꯄ
khuntaalakkhi,ꯈꯨꯟꯇꯥꯛꯈꯈꯤ
surprise,ꯁꯨꯔꯤꯁꯤꯁꯦ
varun,ꯚꯔꯨꯟꯅ
goutam,ꯒꯣꯇꯝ
senbagi,ꯁꯦꯟꯕꯒꯤ
tangkhaida,ꯇꯥꯈꯪꯈ
taiba,ꯇꯥꯢꯕ
chitradurga,ꯆꯤꯇ꯭ꯔꯨꯗꯒ
laanda,ꯂꯥꯟꯗ
palatine,ꯄꯥꯂꯦꯅꯦ
pasupuleti,ꯄꯥꯁꯨꯞꯇꯤ
nbcc,ꯅꯦꯁ꯭
teleservices,ꯇꯦꯂꯦꯦꯇꯁꯦꯔ
jeykumaran,ꯖꯦꯌꯨꯝꯨꯔꯥꯟ
awaangda,ꯑꯋꯥꯡꯗ
bend,ꯕꯦꯟꯗ
holloway,ꯍꯣꯜꯂꯧꯇꯤ
fineotex,ꯐꯤꯅꯦꯛꯇ
kupthana,ꯀꯨꯞꯊꯅ
tide,ꯇꯤꯗꯦ
dillon,ꯗꯤꯜꯂꯣꯟ
afreen,ꯑꯐꯦꯟꯟ
phisa,ꯐꯤꯁꯥ
patiala,ꯄꯇꯤꯂꯥ
aviation,ꯑꯚꯤꯚꯇꯤꯌꯦꯟ
bismarck,ꯕꯤꯃꯃꯛ
rosario,ꯔꯣꯁꯔꯥꯑ
khunnung,ꯈꯨꯟꯅꯁꯨ
tenawa,ꯇꯦꯅꯥ
ingkhonda,ꯏꯈꯣꯡꯈꯟꯗ
ema,ꯏꯃꯥ
yoknaba,ꯌꯣꯛꯅꯕ
fairfield,ꯐꯥꯢꯔꯤꯐꯦꯦꯟ
maynard,ꯃꯥꯅꯔꯦ
lowell,ꯂꯣꯔꯦꯜ
laguna,ꯂꯥꯎꯅ
puraki,ꯄꯨꯔꯛꯏ
phouoibi,ꯐꯧꯑꯣꯕꯕꯤ
awaatapaa,ꯑꯋꯥꯥꯄꯥ
chaipanita,ꯆꯥꯢꯄꯥꯇꯃꯤꯇ
toubsingnasu,ꯇꯧꯕꯤꯁꯤꯡꯁꯨ
ngaobadouna,ꯉꯥꯎꯕꯗꯗꯨꯅ
murshidabad,ꯃꯨꯔꯤꯁꯗꯕꯗ
dominguez,ꯗꯣꯃꯤꯌꯦꯁꯥ
pugh,ꯄꯨꯒꯓ
koktong,ꯀꯣꯛꯇꯣꯡ
khangda,ꯈꯪꯗ
charamde,ꯆꯔꯃꯦꯗ
samjetshabam,ꯁꯝꯐꯚꯦꯕ
heihei,ꯍꯩꯍꯩ
langjaa,ꯂꯪꯖꯥ
thabaksing,ꯊꯥꯕꯛꯁꯤꯡ
foseco,ꯐꯣꯁꯀꯣ
madhya,ꯃꯈꯣ
khngle,ꯈ꯭ꯡꯂꯦ
maanna,ꯃꯥꯟꯅ
yong,ꯌꯣꯡ
sangareddi,ꯁꯥꯒꯔꯔꯦꯗꯤ
chaada,ꯆꯥꯗ
tamlaba,ꯇꯝꯂꯕ
pebet,ꯄꯦꯕꯦꯠ
colton,ꯀꯣꯢꯇꯣꯟ
khubak,ꯈꯨꯕꯛ
awasthi,ꯑꯋꯥꯁꯤꯇꯤ
nadaf,ꯅꯗꯥ
tamjakhibadugi,ꯇꯝꯖꯈꯤꯕꯗꯒꯒꯤ
kanbiheiba,ꯀꯟꯕꯤꯌꯣ
paangdaba,ꯄꯥꯡꯗꯕ
shrivastava,ꯁ꯭ꯔꯚꯚꯚꯁꯇ
complex,ꯀꯝꯝꯂꯦꯜꯁꯦꯟ
begum,ꯕꯦꯖꯝ
heikru,ꯍꯩꯛꯔꯨ
lupagi,ꯂꯨꯄꯒꯤ
madala,ꯃꯥꯥꯂꯥ
machaakhaiba,ꯃꯆꯥꯈꯈꯢꯕ
texmaco,ꯇꯦꯛꯃꯥꯣ
jharkhand,ꯖꯔꯈꯟꯗ
supply,ꯁꯨꯞꯄꯤ
takpiramba,ꯇꯥꯛꯄꯔꯤꯕ
beard,ꯕꯦꯔꯗ
ngareima,ꯉꯔꯦꯃ
behura,ꯕꯦꯍꯔꯋ
kangpa,ꯀꯪꯄ
machilipatnam,ꯃꯆꯤꯐꯝ
bonilla,ꯕꯣꯅꯤꯂꯂ
lakhimpur,ꯂꯥꯢꯈ꯭ꯔꯝ
masingdagi,ꯃꯁꯤꯡꯗꯒꯤ
datacom,ꯗꯥꯀꯥꯂꯣ
larson,ꯂꯥꯔꯥꯟ
kolhapur,ꯀꯣꯜꯍꯔꯄꯨ
souza,ꯁꯧꯌꯥ
randall,ꯔꯥꯟꯗꯜ
panaana,ꯄꯅꯅ
chouhan,ꯆꯧꯍꯟ
knoxville,ꯀ꯭ꯀꯦꯔꯤꯛꯀꯦꯟꯦ
kumhou,ꯀꯨꯝꯍꯧ
rawlani,ꯔꯥꯋꯥꯂꯅꯤ
paalli,ꯄꯥꯜꯂꯤ
shingh,ꯁꯤꯡꯚ
kanaanasu,ꯀꯅꯥꯅꯁꯨ
lousing,ꯂꯧꯁꯤꯡꯁ
kadapa,ꯀꯥꯗꯥꯄ
shaktuna,ꯁꯛꯇꯅ
arvada,ꯑꯔꯚꯗ
keshri,ꯀꯦꯁꯇ꯭ꯔꯤ
khundaaba,ꯈꯨꯟꯗꯕ
thaajanabigi,ꯊꯥꯖꯅꯕꯤ
aying,ꯑꯌꯤꯡ
taraamangaa,ꯇꯔꯥꯃꯤꯌꯥꯥ
kerala,ꯀꯦꯔꯂ
mahabaleshwar,ꯃꯍꯥꯕꯦꯁꯌ꯭ꯔꯥ
toledo,ꯇꯣꯂꯣꯌ
magana,ꯃꯥꯅ
kaangbagi,ꯀꯥꯡꯕꯒꯤ
denver,ꯗꯦꯟꯗ꯭ꯔꯦ
chathang,ꯆꯠꯊꯥꯡ
amunet,ꯑꯃꯨꯅꯦꯠ
muthoot,ꯃꯨꯊꯣꯠ
phurit,ꯐꯨꯔꯇꯠ
giri,ꯒꯤꯔꯤ
panglubadagi,ꯄꯪꯂꯨꯕꯒꯤꯗ
lappa,ꯂꯥꯄ
wockhardt,ꯋꯣꯑꯔꯆꯥꯥ
pumnamakpu,ꯄꯨꯝꯅꯃꯛꯄꯨ
laiyamsingni,ꯂꯥꯢꯌꯝꯝꯁꯤꯅꯤ
manga,ꯃꯉꯥ
pheesaa,ꯐꯩꯁꯥ
laiyon,ꯂꯥꯢꯑꯟꯟ
phongba,ꯐꯣꯡꯕ
paangli,ꯄꯥꯡꯂꯤ
vaishnavi,ꯚꯥꯢꯁꯦꯅꯁꯤꯤ
nipaal,ꯅꯤꯄꯥꯜ
farabani,ꯐꯔꯕꯕꯅꯤ
jharia,ꯖꯔꯤꯌꯥ
victorville,ꯚꯤꯀ꯭ꯔꯧꯀꯦꯔ
phaogatlakliba,ꯐꯥꯎꯒꯠꯂꯛꯂꯤꯕ
pompi,ꯄꯣꯝꯄꯤ
joliet,ꯖꯣꯂ꯭ꯦꯠ
meriden,ꯃꯤꯗꯦꯟ
simon,ꯁꯤꯃꯣꯟ
hotnari,ꯍꯣꯠꯅꯔꯤ
para,ꯄꯔꯥ
yaobagi,ꯌꯥꯎꯕꯥꯢꯒꯤ
maannari,ꯃꯥꯟꯅꯔꯤ
pangthokkhiba,ꯄꯥꯡꯊꯣꯛꯈꯤꯕ
tonk,ꯇꯣꯟ
misou,ꯃꯤꯁꯧ
linde,ꯂꯤꯟꯗꯦ
keithel,ꯀꯩꯊꯦꯜ
negi,ꯅꯤꯒꯤ
kainakhibasi,ꯀꯥꯢꯅꯈꯤꯕꯤ
kubi,ꯀꯨꯕꯤ
everest,ꯏꯔꯚꯦꯠ
christensen,ꯀ꯭ꯔꯤꯁꯤꯁꯁꯦꯟ
tamkhi,ꯇꯝꯈꯤ
cook,ꯀꯣꯑ
bistagond,ꯕꯤꯁꯥꯒꯇꯣꯟ
mexico,ꯃꯦꯀꯤꯁꯣꯣꯣ
engines,ꯏꯉꯤꯅꯁꯤ
lugo,ꯂꯨꯒꯣ
huinao,ꯍꯤꯅꯥꯎ
kuina,ꯀꯨꯅꯥ
junction,ꯖꯨꯟꯇꯤꯟꯟ
territorysing,ꯇꯦꯔꯤꯇꯤꯔꯦꯁꯤꯡ
ngasishu,ꯉꯁꯤꯁꯨ
neon,ꯅꯦꯑꯣꯟ
duke,ꯗꯨꯀꯦ
waatkani,ꯋꯥꯠꯅꯅꯤ
meeyaanchaa,ꯃꯤꯌꯥꯟꯆꯥ
bannari,ꯕꯟꯅꯔꯥ
paokhum,ꯄꯥꯎꯈꯝ
enunglon,ꯏꯅꯨꯡꯂꯣꯟ
lakeland,ꯂꯥꯀꯦꯟꯗ
polang,ꯄꯣꯂꯥꯡ
failen,ꯐꯥꯢꯅꯦꯟ
laatnaba,ꯂꯥꯠꯅꯕ
khullakpi,ꯈꯨꯜꯂꯛꯄꯤ
machaaduna,ꯃꯆꯥꯗꯅ
veraval,ꯚꯤꯔꯥꯚꯜ
kodaikanal,ꯀꯣꯗꯥꯢꯂꯥꯜ
warwick,ꯋꯥꯔꯤꯛꯁ
haapnaba,ꯍꯥꯞꯅꯕ
seilon,ꯁꯩꯂꯣꯟ
tangirala,ꯇꯥꯖꯔꯤꯔꯥꯜ
yade,ꯌꯥꯗꯦ
cheisingkanglon,ꯆꯩꯆꯤꯛꯀꯥꯡꯂꯣꯟ
fertilisers,ꯐꯦꯔꯤꯇꯦꯁ
ethoi,ꯏꯊꯣꯢ
bhubaneshwari,ꯚꯨꯕꯅꯤꯁꯋꯔꯤ
vaishnavi,ꯚꯤꯢꯁꯣꯟꯕꯩ
bullhead,ꯕꯨꯜꯈꯦꯗꯗ
karnataka,ꯀꯔꯥꯇꯛꯇ
bramha,ꯕ꯭ꯊꯊꯃ
poklakkani,ꯄꯣꯛꯂꯛꯅꯤ
schaeffler,ꯁꯦꯐ꯭ꯔꯦ
datia,ꯗꯇꯇꯤ
meihouloldagi,ꯃꯩꯍꯧꯂꯣꯜꯗꯒꯤ
kaanaba,ꯀꯥꯅꯕ
investments,ꯏꯟꯁꯦꯁꯁꯝ
cunningham,ꯀꯨꯟꯤꯤꯟꯐꯝꯝ
patan,ꯄꯇꯇꯟ
houdabani,ꯍꯧꯗꯕꯅꯤ
sabinaba,ꯁꯥꯕꯤꯅꯕ
fitzgerald,ꯐꯤꯇꯔꯦꯜ
thaadorakpa,ꯊꯥꯗꯣꯛꯄꯛꯄ
leiramba,ꯂꯩꯔꯝꯕ
russo,ꯔꯨꯁꯣ
lynch,ꯂꯨꯟꯆ
mapuk,ꯃꯄꯨꯛ
matungdadi,ꯃꯇꯨꯡꯗꯤꯗꯤ
mapuki,ꯃꯄꯨꯀꯤ
yenba,ꯌꯦꯟꯕ
nipal,ꯅꯤꯄꯜ
visaka,ꯚꯤꯁꯥꯀꯥ
paokhong,ꯄꯥꯎꯈꯣꯡ
laanthoklaga,ꯂꯥꯟꯊꯣꯛꯂꯒꯒ
uraki,ꯎꯔꯛꯅꯤ
samjinnabasu,ꯁꯝꯖꯤꯟꯅꯕꯨ
thafam,ꯊꯥꯐꯝ
urikhinbam,ꯌꯤꯔꯤꯈꯍꯤꯅꯝꯕꯝ
somerville,ꯁꯣꯔꯦꯚꯦꯂꯦ
suven,ꯁꯨꯕꯦꯟ
indusind,ꯏꯟꯗꯤꯁꯁꯟꯗ
sheppard,ꯁꯦꯞꯄꯔꯗ
bluffs,ꯕ꯭ꯐꯦꯇꯁ
sintaakhansingna,ꯁꯤꯟꯇꯛꯁꯤꯡꯅ
yaobara,ꯌꯥꯎꯕꯔ
leining,ꯂꯩꯅꯤꯡ
krishnanagar,ꯀ꯭ꯔꯤꯁꯅꯔꯥ
apaakpa,ꯑꯄꯄꯛꯄ
pudukkottai,ꯄꯨꯗꯣꯛꯇꯣꯢ
beavercreek,ꯕꯦꯔꯦꯛꯦꯦꯛ
meeoisinggi,ꯃꯤꯑꯣꯢꯁꯤꯡꯒꯤ
sinlon,ꯁꯤꯟꯂꯣꯟ
houdri,ꯍꯧꯗ꯭ꯔꯤ
matamduda,ꯃꯇꯝꯗꯨꯗ
phaaba,ꯐꯥꯕ
khongthaangda,ꯈꯣꯡꯊꯪꯗ
roberts,ꯔꯣꯕꯦꯠꯔꯔ
maanglubadagi,ꯃꯥꯡꯂꯨꯕꯗꯒꯤ
areinu,ꯑꯔꯩꯅꯨ
stevenson,ꯁ꯭ꯇꯦꯁꯟꯁꯦꯟ
sura,ꯁꯨꯔ
matamchuppa,ꯃꯇꯥꯆꯨꯄꯥ
doda,ꯗꯗꯗ
aribini,ꯑꯔꯤꯕꯤꯟ
ningthousing,ꯅꯤꯡꯊꯧꯁꯤꯡ
banki,ꯕꯥꯟꯀꯤ
paints,ꯄꯥꯢꯁ꯭
gulf,ꯒꯨꯜꯐ
ataher,ꯑꯊꯍꯦꯔ
lanpung,ꯂꯥꯟꯄꯨ
finley,ꯐꯤꯂꯦꯌꯥ
nagercoil,ꯅꯥꯄꯦꯄꯦꯔꯣꯜ
chelsea,ꯆꯦꯁꯌꯦꯜ
bandhan,ꯕꯥꯟꯗꯟ
microscopetagi,ꯃꯤꯀꯔꯛꯄꯇꯒꯤ
leijaba,ꯂꯩꯖꯕ
lupaagi,ꯂꯨꯄꯥꯒꯤ
historyda,ꯍꯤꯁꯇꯇꯔꯔꯥꯣ
fimuna,ꯐꯤꯃꯨꯅ
young,ꯌꯧꯡ
ion,ꯏꯌꯣꯟ
hairadi,ꯍꯥꯢꯔꯗꯤ
ayaambada,ꯑꯌꯥꯝꯕꯗ
laison,ꯂꯥꯢꯁꯣꯟ
solara,ꯁꯣꯂꯔ
nahanbani,ꯅꯍꯥꯟꯕꯅꯤ
suresh,ꯁꯨꯔꯦꯁ
cheinap,ꯆꯩꯅꯥ
thourangsingda,ꯊꯧꯔꯥꯟꯁꯤꯡꯗ
handokpagi,ꯍꯟꯗꯣꯛꯄꯒꯤ
ngakpa,ꯉꯥꯛꯄ
waangu,ꯋꯥꯡ
apakmaa,ꯑꯄꯥꯛꯃꯥ
chawla,ꯆꯥꯋꯥ
nepit,ꯅꯦꯄꯤꯇꯤꯌ
forest,ꯐꯣꯔꯁ
kuna,ꯀꯨꯅ
srivastava,ꯁ꯭ꯔꯚꯚꯚꯇꯥꯇ
shaffer,ꯁꯥꯖꯔ
parween,ꯄꯥꯔꯦꯟ
sanaaleipaak,ꯁꯅꯥꯂꯩꯄꯥꯛ
ekhaa,ꯏꯈꯥ
frenchki,ꯐ꯭ꯟꯆꯦꯛꯀꯤ
saathina,ꯁꯥꯊꯤꯅ
indiaga,ꯏꯟꯗꯤꯌꯥ
mayekpu,ꯃꯌꯦꯛꯄꯨ
omaxe,ꯑꯣꯃꯔꯁ
annapolis,ꯑꯥꯟꯅꯥꯂꯂꯤꯁ
thiruvananthapuram,ꯊꯤꯔꯨꯚꯥꯔꯖꯥꯝꯅꯨꯔꯝ
machaanipaa,ꯃꯆꯥꯅꯥꯄꯥ
greene,ꯒ꯭ꯔꯦ
hourakphamni,ꯍꯧꯔꯛꯐꯝꯅꯤ
perses,ꯄꯦꯔꯁꯁ
kahenna,ꯀꯥꯍꯦꯟꯅ
bano,ꯕꯥꯅꯣ
coleman,ꯀꯣꯂꯦꯝꯟ
himadri,ꯍꯤꯃꯗꯔꯤ
pattnaik,ꯄꯠꯇꯅꯛꯀ
skuldagi,ꯁ꯭ꯗꯣꯜꯒꯒꯤ
kaagi,ꯀꯥꯒꯤ
yekkhotpa,ꯌꯦꯈꯣꯠꯇ
uriba,ꯎꯔꯤꯕ
ningthamgi,ꯅꯤꯡꯊꯝꯒꯤ
veda,ꯚꯦꯗꯥ
just,ꯖꯨꯁ
houtokpikhipa,ꯍꯧꯇꯣꯛꯈꯤ
chaoraba,ꯆꯥꯎꯔꯕ
naosekpam,ꯅꯥꯎꯁꯦꯛꯐꯝ
phaba,ꯐꯕꯕ
birbahugi,ꯕꯤꯔꯨꯚꯔꯤꯒꯤ
kashmir,ꯀꯥꯔꯃꯃꯤꯔ
glendale,ꯒꯦꯜꯂꯦꯟꯂꯦ
calumet,ꯀꯥꯂꯦꯝꯇ
kwaa,ꯀ꯭ꯋꯥ
sat,ꯁꯥꯇ
mingchat,ꯃꯤꯡꯈꯠ
seattle,ꯁꯩꯇꯦꯠ
clair,ꯀꯦꯂꯔꯤꯔ
cuttack,ꯀꯨꯠꯇꯛ
kollam,ꯀꯣꯜꯝꯝꯝ
badami,ꯕꯥꯗꯃꯤ
changnaba,ꯆꯪꯅꯕ
balaghat,ꯕꯥꯥꯠꯈꯠ
lilagi,ꯂꯤꯂꯒꯤ
taibangjam,ꯇꯥꯢꯕꯪꯐꯝ
nongthak,ꯅꯣꯡꯊꯥꯛ
khunggang,ꯈꯨꯡꯒꯥꯡ
nagari,ꯅꯥꯒꯔꯤ
kalaburagi,ꯀꯥꯕꯕꯔꯃꯒꯤ
navadurga,ꯅꯥꯗꯔꯨꯔꯒ
keina,ꯀꯩꯅ
varma,ꯚꯥꯔꯃ
olympic,ꯑꯣꯂꯤꯝꯌꯤꯌꯥꯇꯤ
zavala,ꯚꯋꯥꯂ
burch,ꯕꯨꯔꯦ
pakhangbagi,ꯄꯥꯈꯪꯕꯒꯤ
laishangda,ꯂꯥꯢꯁꯪꯡ
petra,ꯄꯦꯇ꯭ꯔꯥ
tanla,ꯇꯥꯟꯂ
boca,ꯕꯣꯀꯥ
uzbeki,ꯌꯨꯚꯤꯛꯀꯤ
massey,ꯃꯁꯤꯌꯌ
sagar,ꯁꯥꯔ
nganna,ꯉꯥꯟꯅ
thengnabagi,ꯊꯤꯡꯅꯒꯕꯤ
hornbill,ꯍꯣꯔꯖꯟꯤꯤ
sangli,ꯁꯪꯂꯤ
mumbai,ꯃꯨꯝꯕꯥ
atri,ꯑꯇ꯭ꯔꯤꯔꯤ
yenakhaa,ꯌꯦꯅꯈꯥ
yannanaba,ꯌꯥꯟꯅꯅꯕ
loinaduna,ꯂꯣꯢꯅꯗꯗꯨꯅ
poway,ꯄꯣꯋꯥꯝꯌꯤ
sonipat,ꯁꯣꯅꯤꯌꯦ
anakpa,ꯑꯅꯥꯛꯄ
muniswara,ꯃꯨꯅꯤꯁꯁꯤꯥ
panaani,ꯄꯅꯅꯤ
chingsaangsingna,ꯆꯤꯡꯁꯥꯁꯤꯡꯅ
mirza,ꯃꯤꯔꯥꯓꯥ
paandam,ꯄꯥꯟꯗꯝ
onhanduna,ꯑꯣꯟꯍꯗꯨꯅ
kumsinba,ꯀꯨꯝꯁꯤꯟꯕ
hermitagegi,ꯍꯦꯃꯃꯇꯤꯒꯤ
dublin,ꯗꯨꯕꯂꯤꯟ
state,ꯁ꯭ꯇꯦꯇꯦ
wathore,ꯋꯥꯊꯣꯔꯦ
tumhanbagi,ꯇꯨꯝꯍꯟꯕꯒꯤ
waangbadu,ꯋꯥꯡꯕꯗꯨ
samjetsabam,ꯁꯝꯖꯦꯠꯕꯥꯝ
huhtamaki,ꯍꯨꯚꯤꯀꯀꯤ
sundram,ꯁꯨꯟꯗ꯭ꯔꯝ
meenungsi,ꯃꯤꯅꯨꯁꯤꯡꯁꯤ
pullaba,ꯄꯨꯜꯂꯕ
mangaluru,ꯃꯥꯂꯔꯨꯌꯨ
dohrey,ꯗꯣꯔꯚꯦꯔꯦ
pal,ꯄꯜ
sakminnabagi,ꯁꯛꯅꯤꯟꯅꯕꯒꯤ
chhateja,ꯆꯥꯖꯕ
raykar,ꯔꯥꯌꯔ
hajipur,ꯍꯥꯖꯤꯄꯨꯔ
haappaga,ꯍꯥꯞꯄꯗ
vakrangee,ꯚꯛꯀꯦꯦꯦꯦ
suffolk,ꯁꯨꯐꯐꯣꯛ
sheisak,ꯁꯩꯁꯛꯛ
refractories,ꯔꯦꯖ꯭ꯇꯦꯔꯦꯦꯁꯁ
naothingkhong,ꯅꯥꯎꯊꯤꯡ
homerna,ꯍꯣꯔꯦꯅ
saafu,ꯁꯥꯖꯨꯨ
seide,ꯁꯩꯗꯦ
samu,ꯁꯨꯃꯨ
yenthokpagi,ꯌꯦꯟꯊꯣꯛꯄꯒꯤ
salaichasingga,ꯁꯥꯂꯆꯤꯁꯤꯡꯡ
gangte,ꯒꯥꯡꯇꯦ
prakash,ꯄ꯭ꯀꯥꯁꯛ
lee,ꯂꯩ
benitez,ꯕꯦꯅꯤꯌꯦꯌꯦ
yukren,ꯌꯨꯛꯅ꯭ꯔꯦꯟ
salt,ꯁꯜꯇ
amangsang,ꯑꯃꯥꯡꯁꯪ
iningthou,ꯏꯅꯤꯡꯊꯧ
baharampur,ꯕꯥꯖꯥꯃꯔꯔ
touminnabagi,ꯇꯧꯃꯤꯟꯅꯕꯤ
tangadabani,ꯇꯥꯡꯒꯕꯗꯤꯅꯅ
lio,ꯂꯤꯑꯣ
hangchit,ꯍꯥꯡꯈꯤꯠ
dalhousie,ꯗꯜꯍꯧꯁꯤ
sinthaa,ꯁꯤꯟꯊꯥ
thi,ꯊꯤ
paamnakhiba,ꯄꯥꯝꯅꯈꯤꯕ
udhampur,ꯎꯗꯝꯇꯥꯄꯔ
maangpa,ꯃꯥꯡꯄ
santana,ꯁꯥꯟꯇ
ayambagi,ꯑꯌꯥꯝꯕꯒꯤ
patterson,ꯄꯇꯦꯔꯁꯨꯟꯁꯣꯟ
chenhanba,ꯆꯦꯟꯍꯟꯕ
kailashahar,ꯀꯥꯢꯃꯔꯔꯆ
balmiki,ꯕꯥꯜꯃꯤꯛꯀꯤ
saathiraba,ꯁꯥꯊꯤꯔꯕ
organ,ꯑꯣꯔꯥꯟ
punjab,ꯄꯨꯟꯖꯕ
headquarter,ꯍꯦꯗꯋꯋꯋꯔ
meeyamna,ꯃꯤꯌꯥꯝꯅ
belkoni,ꯕꯦꯜꯀꯣꯅꯤ
potpham,ꯄꯣꯠꯐꯝ
wasif,ꯋꯥꯖꯤꯐ
kouraba,ꯀꯧꯔꯥꯕ
pope,ꯄꯣꯄꯦ
choudhary,ꯆꯧꯔꯥꯔꯤ
kangleipaakpu,ꯀꯪꯂꯩꯄꯥꯨ
soto,ꯁꯣꯇꯣ
sanaareina,ꯁꯅꯥꯔꯅ
pambigi,ꯄꯥꯝꯕꯤꯒꯤ
underwood,ꯎꯟꯗꯦꯗꯣꯔ
primate,ꯄ꯭ꯔꯃꯦꯇꯦ
laknage,ꯂꯥꯛꯅ
isuzu,ꯏꯁꯨꯨ
hakki,ꯍꯥꯛꯀꯤ
pambisingna,ꯄꯝꯕꯤꯁꯤꯡ
irvine,ꯏꯔꯤꯕꯦ
meishaa,ꯃꯩꯁꯥ
parrish,ꯄꯔꯔꯤꯁ
romda,ꯔꯣꯝꯗ
ashley,ꯑꯁꯦꯂꯌ
mamaangngeigi,ꯃꯃꯥꯡꯉꯩꯒꯤ
lawrie,ꯂꯥꯔꯔꯤꯔ
bhushan,ꯚꯨꯁꯥꯟ
special,ꯁ꯭ꯄꯦꯄꯦꯜ
seamec,ꯁꯦꯃꯦ
niwajgi,ꯅꯤꯋꯥꯖꯒꯤ
gaikwad,ꯒꯥꯢꯋꯥꯡꯗ
fare,ꯐꯔꯦ
tingthoktuna,ꯇꯤꯡꯊꯣꯛꯇꯨꯅ
jersey,ꯖꯦꯔꯌꯌꯦ
laiyek,ꯂꯥꯢꯌꯩ
dhatu,ꯚꯥꯨꯨ
artifact,ꯑꯥꯔꯤꯆꯥꯇꯤꯛ
costa,ꯀꯑꯁꯁ
ngashishu,ꯉꯁꯁꯤꯌ
bhagalpur,ꯚꯥꯥꯥꯄꯥꯔꯔꯔ
lansinggi,ꯂꯥꯟꯁꯤꯡꯒꯤ
rameswaram,ꯔꯥꯃꯦꯁꯝ
dev,ꯗꯦꯚ꯭
ahuja,ꯑꯍꯨꯖꯤ
semlakpa,ꯁꯦꯝꯂꯛꯄ
global,ꯒꯦꯒꯣꯂꯕ
ningthourelni,ꯅꯤꯡꯊꯧꯔꯤꯂꯤꯅꯤ
dart,ꯗꯔꯦꯠ
samtharaktanaba,ꯁꯝꯊꯛꯈꯕ
amuksu,ꯑꯃꯨꯛꯁꯨ
chaurasiya,ꯆꯥꯔꯁꯁꯤꯌꯥ
panana,ꯄꯅꯅꯥ
sandorakpadagi,ꯁꯟꯗꯣꯛꯔꯛꯄꯒꯒꯤ
konlaga,ꯀꯣꯟꯂꯥ
europeki,ꯏꯌꯨꯔꯔꯛꯄꯤ
buxar,ꯕꯨꯔꯔꯔ
narsinghgarh,ꯅꯔꯤꯁꯊꯡꯔ
feichom,ꯐꯩꯆꯣꯝ
giles,ꯖꯤꯁꯦꯠ
dialect,ꯗꯤꯔꯥꯂꯦ
sathina,ꯁꯥꯤꯤꯅ
uttar,ꯎꯠꯇꯔ
amazon,ꯑꯃꯥꯎꯟ
leiminnahankhi,ꯂꯩꯃꯤꯟꯅꯈꯤ
chanipanga,ꯆꯅꯅꯤꯖꯐꯟ
dadra,ꯗꯗꯔꯥ
waheina,ꯋꯥꯍꯅ
debita,ꯗꯦꯕꯇꯦ
sophia,ꯁꯣꯐꯤꯌꯥ
mishra,ꯃꯤꯁ꯭ꯔ
heal,ꯍꯦꯜ
thaina,ꯊꯥꯢꯅ
hourakpa,ꯍꯧꯔꯛꯄ
ireland,ꯏꯔꯦꯂꯟ
enid,ꯏꯗꯤꯌꯥꯢ
naiba,ꯅꯥꯕ
fluorine,ꯐ꯭ꯂꯣꯔꯤꯌꯦꯟ
hoshangabad,ꯍꯣꯁꯥꯡꯕꯗ
sayreville,ꯁꯥꯔꯦꯦꯂꯦꯂꯦ
dispur,ꯗꯤꯖꯔ
virani,ꯚꯤꯔꯥꯅꯤ
serrano,ꯁꯦꯔꯥꯟꯣ
seishak,ꯁꯩꯛ
floyd,ꯐꯂꯣꯗ
kokfaigi,ꯀꯣꯈꯥꯢꯒꯤ
sakolpan,ꯁꯛꯄꯣꯜꯂꯥ
waatli,ꯋꯥꯠꯂꯤ
meenungshi,ꯃꯤꯅꯨꯈꯤꯁꯤꯡꯤ
melton,ꯃꯦꯜꯇꯣꯟ
paaraa,ꯄꯥꯔꯥ
turelni,ꯇꯨꯔꯦꯜꯅꯤ
kushwaha,ꯀꯨꯋꯚꯚꯋ
ngashepam,ꯉꯁꯤꯌꯥ
lanlou,ꯂꯥꯟꯂꯧ
hurley,ꯍꯨꯔꯤꯌꯩ
maheshwari,ꯃꯍꯤꯚꯔꯔꯤ
jamshedpur,ꯖꯝꯁꯨꯗ꯭ꯔ
maun,ꯃꯌꯟ
tamfamshang,ꯇꯝꯐꯥꯝꯁ
poly,ꯄꯣꯂꯤꯌ
weymouth,ꯋꯤꯌꯧꯇꯧ
agarawal,ꯑꯒꯥꯔꯦꯜ
cotton,ꯀꯣꯠꯇꯣꯟ
centro,ꯁꯦꯟꯇꯔꯣ
zinc,ꯖꯤꯟꯇꯦ
corp,ꯀꯔꯔ
kanaba,ꯀꯅꯕ
tilakpur,ꯇꯤꯂꯛꯛꯔꯨ
phaaktoklaga,ꯐꯥꯛꯇꯣꯛꯂꯒ
keshari,ꯀꯦꯁꯔꯤ
desabathula,ꯗꯦꯁꯥꯖꯠꯂ
lirammi,ꯂꯤꯔꯝꯃꯤ
gaya,ꯒꯥꯌꯥ
thongbasingna,ꯊꯣꯡꯕꯁꯤꯡꯅ
jelly,ꯖꯦꯜꯁꯤꯅꯤ
krishna,ꯀ꯭ꯔꯤꯟꯅ
prasad,ꯄ꯭ꯁꯁꯥꯗ
nagpur,ꯅꯥꯄꯨꯔꯔ
saadrisibo,ꯁꯥꯗ꯭ꯔꯤꯕ
shruti,ꯁ꯭ꯔꯤꯇꯤ
leimajam,ꯂꯩꯃꯃꯔꯥ
gonda,ꯒꯣꯟꯗ
touri,ꯇꯧꯔꯤ
beaverton,ꯕꯦꯔꯦꯠꯣ
johns,ꯖꯣꯍꯣꯟꯁ
nabha,ꯅꯥꯕ
yaoriba,ꯌꯥꯎꯔꯤꯕ
kaanglupki,ꯀꯥꯡꯂꯨꯞꯄꯤꯤ
toudana,ꯇꯧꯗꯅ
douglas,ꯗꯧꯒ
meeshak,ꯃꯤꯁꯀ
jarvis,ꯔꯔꯦꯕꯁꯤ
barai,ꯕꯔꯥꯢ
collierville,ꯀꯦꯂꯦꯟꯂꯦꯜ
glycols,ꯒ꯭ꯂ꯭ꯂꯦꯁꯦꯜꯁ
electrosteel,ꯏꯂꯦꯛꯇ꯭ꯔꯦꯁꯜ
wachetmanbi,ꯋꯥꯈꯦꯝꯝꯅꯤꯕꯤ
yuba,ꯌꯨꯕꯥ
leikhidaba,ꯂꯩꯈꯤꯗꯕ
mayamsigi,ꯃꯌꯥꯝꯁꯤꯒꯤ
shantiniketan,ꯁꯥꯟꯇꯤꯇꯦꯟꯇꯥꯟ
veda,ꯚꯦꯗ
lane,ꯂꯥꯅꯦ
centum,ꯁꯦꯟꯇꯝꯝ
asini,ꯑꯁꯤꯅꯤ
patel,ꯄꯇꯦꯠ
aeronautics,ꯑꯦꯔꯤꯑꯣꯇꯥꯢꯁꯛ
khumaang,ꯈꯨꯃꯥꯡ
africa,ꯑꯐ꯭ꯔꯔꯤꯌ
siwan,ꯁꯤꯋꯥꯟ
mamingdagi,ꯃꯃꯤꯡꯒꯒꯤ
haannagi,ꯍꯥꯟꯅꯥꯒꯤ
suri,ꯁꯨꯔꯤ
potsangpam,ꯄꯣꯠꯁꯥꯄꯝ
machida,ꯃꯆꯤꯗ
maagi,ꯃꯥꯒꯤ
macias,ꯃꯁꯤꯁ
guha,ꯖꯨꯚꯥ
nakhutna,ꯅꯥꯈꯨꯅ
ayaangpa,ꯑꯌꯥꯡꯄ
laikhulempi,ꯂꯥꯢꯈꯧꯈꯣꯝꯤ
autometa,ꯑꯌꯧꯇꯣꯃꯇꯇ
randhawa,ꯔꯥꯟꯋꯥꯈ
gravita,ꯒ꯭ꯔꯚꯇꯥ
sakpa,ꯁꯛꯄ
waangngi,ꯋꯥꯡꯉꯤ
tiwari,ꯇꯤꯔꯥꯔꯤ
lacey,ꯂꯥꯦꯦꯀꯤ
yotngou,ꯌꯣꯠꯉꯧ
gangadas,ꯒꯥꯡꯒꯥꯁꯁꯁ
charity,ꯆꯔꯤꯇꯤ
worldwide,ꯋꯣꯔꯤꯦꯦ
yeningthaa,ꯌꯦꯅꯤꯊꯊꯉꯥ
chatnalammi,ꯆꯠꯂꯝꯂꯝꯝꯃꯤ
peck,ꯄꯦꯛꯇꯛ
oibani,ꯑꯣꯢꯕꯅꯤ
thongnaba,ꯊꯣꯡꯅꯕ
kikipedia,ꯀꯤꯀꯤꯄꯗꯤꯌꯩꯗꯗ
pulempa,ꯄꯨꯂꯦꯝꯄ
pithari,ꯄꯤꯊꯔꯤ
laangon,ꯂꯥꯉꯣꯟ
prasath,ꯄ꯭ꯁꯦꯠꯊ
maurya,ꯃꯌꯨꯔꯥ
taagi,ꯇꯥꯒꯤ
moreno,ꯃꯣꯔꯣꯅꯣ
pleasant,ꯄꯂꯂꯦꯟꯇ
kunmari,ꯀꯨꯟꯃꯥꯔꯤ
asasi,ꯑꯁꯥꯁꯤ
bodh,ꯕꯣꯗ
nakhong,ꯅꯈꯣꯣꯡ
jambavan,ꯖꯝꯕꯠꯟ
yaraba,ꯌꯥꯔꯕ
frisco,ꯐꯤꯁꯣꯔ
satin,ꯁꯥꯇꯤꯟ
neinalonbu,ꯅꯩꯅꯥꯣꯂꯣꯟꯕꯨ
everest,ꯏꯔꯤꯚꯦꯠ
jhunjhunu,ꯖꯨꯟꯖꯨꯅꯦ
murrieta,ꯃꯨꯔꯤꯇꯥ
jennings,ꯖꯦꯟꯅꯤꯡꯁꯤ
little,ꯂꯤꯠꯂꯦꯠ
miss,ꯃꯤꯁꯁ
thajanaba,ꯊꯥꯖꯅꯕ
thambagi,ꯊꯝꯕꯥꯒꯤ
river,ꯔꯤꯔꯦ
marok,ꯃꯔꯣꯛ
maria,ꯃꯔꯥꯌꯤ
phaarabani,ꯐꯥꯔꯕꯅꯤ
crawford,ꯀ꯭ꯔꯣꯐꯔꯔ
darshan,ꯗꯔꯦꯟ
tamthiba,ꯇꯝꯊꯤꯕ
guevara,ꯒꯨꯔꯦꯔꯥ
beasley,ꯕꯦꯁꯦꯂꯦ
leifamna,ꯂꯩꯐꯝꯅ
lourakpham,ꯂꯧꯔꯛꯐꯝ
silvassa,ꯁꯤꯜꯕꯁ
sevagram,ꯁꯦꯚꯚꯔꯦꯝ
moran,ꯃꯣꯔꯥꯟ
priya,ꯄ꯭ꯔꯥ
saageirel,ꯁꯥꯒꯩꯔꯜ
panpaki,ꯄꯥꯟꯄꯛꯛꯤ
kangbuni,ꯀꯪꯡꯕꯨꯅꯤ
phijam,ꯐꯤꯖꯝ
vishnuna,ꯚꯤꯁꯅꯅꯨ
epak,ꯏꯄꯥꯛ
tanbagi,ꯇꯥꯟꯕꯒꯤ
greenfield,ꯒ꯭ꯔꯤꯐꯦꯜꯦ
ghaziabad,ꯖꯥꯖꯤꯕꯕ
cera,ꯁꯦꯔꯥ
ngaaksennanaba,ꯉꯥꯛꯁꯦꯟꯅꯕ
berg,ꯕꯦꯔꯒ
puwarida,ꯄꯨꯋꯥꯔꯤꯗꯌꯥ
safari,ꯁꯥꯖꯔꯤ
matonsi,ꯃꯇꯣꯟꯁꯤ
rivas,ꯔꯤꯚꯥꯁ
merlion,ꯃꯦꯔꯤꯂꯣꯟ
chanu,ꯆꯥꯅ
panaraga,ꯄꯅꯔꯒ
district,ꯗꯤꯛꯇ꯭ꯔꯤꯛꯁꯛ
kayam,ꯀꯌꯥꯝ
khare,ꯈꯔꯦ
behar,ꯕꯦꯍꯔ
conway,ꯀꯤꯟꯋꯥ
chaadana,ꯆꯥꯗꯅ
shrivastav,ꯁ꯭ꯔꯚꯚꯁ
mehta,ꯃꯦꯜꯊꯥ
grover,ꯔ꯭ꯔꯚꯚꯔꯦ
punsinduna,ꯄꯨꯟꯁꯤꯟꯁꯨꯅ
upada,ꯎꯄꯗ
castaneda,ꯀꯥꯇꯦꯅꯁꯦꯁꯦ
patra,ꯄꯥꯇꯔ
taneja,ꯇꯥꯅꯖꯖ
natei,ꯅꯇꯩ
kayaatsingna,ꯀꯌꯥꯠꯁꯤꯡꯅ
hopkins,ꯍꯣꯞꯀꯤꯟꯁ
saktaakkhi,ꯁꯛꯇꯥꯛꯈꯤ
khanjaraba,ꯈꯟꯖꯔꯔꯕ
essel,ꯏꯁꯦꯜ
himachal,ꯍꯤꯔꯆꯜ
judiens,ꯖꯨꯗꯤꯟꯁꯁ
alwadhi,ꯑꯂꯥꯋꯋꯤ
kanniyakumari,ꯀꯟꯟꯀꯤꯌ꯭ꯝꯔꯤ
stokes,ꯁ꯭ꯦꯁꯁ
vincent,ꯚꯤꯟꯀꯦꯟ
religare,ꯔꯦꯂꯤꯔꯦꯅꯦ
bharatiya,ꯚꯔꯥꯇꯩꯇꯤꯌꯥ
littleton,ꯂꯤꯇꯇꯇꯣꯟ
thaanaa,ꯊꯥꯅꯥ
yumsalon,ꯌꯨꯝꯁꯥꯂꯣꯟ
burch,ꯕꯨꯔꯆ
centennial,ꯁꯦꯟꯅꯦꯟꯟꯟ
vilas,ꯚꯤꯂꯥꯁ
thomas,ꯊꯣꯃꯥꯁ
kokpiba,ꯀꯣꯛꯄꯤꯕ
katihar,ꯀꯥꯔꯃꯔ
chengalpattu,ꯆꯦꯡꯄꯥꯇꯨ
aristotle,ꯑꯔꯔꯇꯇꯇꯦ
jivani,ꯖꯤꯕꯅꯤ
changdamnaba,ꯆꯪꯡꯗꯕ
kokphaigi,ꯀꯣꯛꯆꯥꯒꯤ
bethlehem,ꯕꯦꯊꯦꯜꯍꯝ
dwevedi,ꯗ꯭ꯚꯦꯗꯦꯠꯤ
bedford,ꯕꯦꯗ꯭ꯔꯣꯔꯣ
baranwal,ꯕꯔꯅꯦꯟꯔꯜ
aggrawal,ꯑꯒꯒꯔꯣꯔꯥꯜ
londaada,ꯂꯣꯟꯗꯥ
vaasudeva,ꯚꯥꯗꯗꯚꯦ
rupa,ꯔꯨꯄꯥ
view,ꯚꯤꯋꯦ
wendt,ꯋꯦꯟꯗ
shak,ꯁꯥꯛ
nabadurgaa,ꯅꯕꯗꯔꯔꯒ
maheiloisingna,ꯃꯍꯩꯂꯣꯔꯤꯡꯁ
ruminant,ꯔꯨꯃꯤꯟꯇꯥ
khasia,ꯈꯁꯤꯌ
programmingna,ꯄ꯭ꯔꯣꯒꯃꯤꯁꯥꯡꯅ
taakli,ꯇꯥꯛꯂꯤ
spartanburg,ꯁ꯭ꯄꯦꯔꯥꯒꯨ
nahan,ꯅꯍꯟꯣ
waadu,ꯋꯥꯗꯨ
eyao,ꯏꯌꯥꯎ
machunachingbada,ꯃꯆꯨꯅꯆꯤꯡꯗꯕ
heisingbu,ꯍꯩꯁꯤꯡꯕꯨ
saatkanli,ꯁꯥꯠꯀꯥꯂꯂꯤ
financial,ꯐꯤꯅꯅꯦꯟꯥꯛ
january,ꯖꯅꯥꯨꯔꯥ
ahluwalia,ꯑꯍꯍꯋꯧꯂꯋꯤꯌ
jodhpur,ꯖꯣꯔꯐꯔꯤ
thaleima,ꯊꯂꯂꯩꯌ
chaibasa,ꯆꯥꯢꯕꯁ
cincinnati,ꯁꯤꯟꯁꯤꯟꯇꯤ
digvijay,ꯗꯤꯖꯤꯌꯥ
icici,ꯏꯁꯤ
nemty,ꯅꯦꯝꯇꯤ
chembond,ꯆꯦꯝꯕꯣꯗꯣ
innovation,ꯏꯟꯅꯣꯟꯅꯅꯅꯤ
berlin,ꯕꯦꯔꯤꯟ
lamjing,ꯂꯝꯖꯤꯡ
daman,ꯗꯝꯗ
hounaba,ꯍꯧꯅꯕ
khurailaakpa,ꯈꯨꯔꯥꯂꯥꯛꯄꯥꯛ
jammu,ꯖꯝꯃꯨ
sanghi,ꯁꯪꯤꯤ
aurobindo,ꯑꯌꯨꯔꯣꯕꯣꯟꯗ
conner,ꯀꯣꯟꯅꯔ
singsu,ꯁꯤꯡꯁꯨ
sah,ꯁꯥꯍ
herrera,ꯍꯦꯔꯦ
nongin,ꯅꯣꯡꯒꯤꯟ
danbury,ꯗꯥꯟꯗꯔꯨꯔ
cheihiki,ꯆꯩꯍꯤꯛꯤ
olsen,ꯑꯣꯜꯁꯦꯟ
amabuni,ꯑꯃꯕꯨꯅꯤ
eisu,ꯑꯩꯁꯨ
lingkhatkhibani,ꯂꯤꯡꯈꯠꯈꯤꯕꯅꯤ
idea,ꯏꯕꯩ
shakpa,ꯁꯛꯄꯥ
manghanba,ꯃꯥꯡꯍꯟꯕ
protection,ꯄ꯭ꯔꯦꯇꯣꯇꯤꯤ
normal,ꯅꯣꯔꯥꯜ
amamba,ꯑꯃꯝꯕ
maheising,ꯃꯍꯩꯁꯤꯡ
khurailakpa,ꯈꯨꯔꯥꯂꯩꯄꯥꯛꯄ
leifam,ꯂꯩꯐꯝꯝ
figueroa,ꯐꯤꯒꯥꯔꯥ
statesingga,ꯁ꯭ꯇꯦꯁꯤꯌꯁꯒꯤ
thapi,ꯊꯥꯄꯤ
dailek,ꯗꯥꯢꯂꯦꯛ
coon,ꯀꯣꯟ
kangleichasingna,ꯀꯪꯂꯩꯄꯥꯁꯤꯡꯅ
alembic,ꯑꯂꯦꯃꯤꯀꯤꯤꯠ
rasayan,ꯔꯥꯁꯥꯡ
naatampa,ꯅꯥꯇꯝꯄ
mcguire,ꯃꯦꯄꯔꯦ
luhongkhi,ꯂꯨꯍꯣꯟꯈꯤ
ngallingeidagi,ꯉꯥꯜꯂꯤꯉꯩꯒꯤ
andhra,ꯑꯟꯟꯗ꯭ꯔ
chandragiri,ꯆꯥꯟꯗ꯭ꯔꯔꯤ
matungdagina,ꯃꯇꯨꯡꯗꯅ
lembani,ꯂꯦꯝꯕꯅꯤ
toujaribani,ꯇꯧꯖꯥꯔꯤꯕꯅꯤ
pathapki,ꯄꯥꯊꯥꯛꯀꯤ
luna,ꯂꯨꯅ
urbana,ꯎꯔꯕꯅ
thankhre,ꯊꯥꯟꯈ꯭ꯔꯦ
teja,ꯇꯦꯖꯥ
chakpasinggi,ꯆꯥꯛꯄꯁꯤꯡꯒꯤ
ranchi,ꯔꯥꯟꯤꯤ
moil,ꯃꯣꯜ
latnaduna,ꯂꯥꯠꯅꯗꯨ
panihati,ꯄꯅꯤꯅꯊꯤ
tripathi,ꯇ꯭ꯄꯥꯛꯤꯤ
vargas,ꯚꯥꯔꯥꯁ
leitenglaba,ꯂꯩꯇꯦꯡꯂꯕ
mizoram,ꯃꯤꯖꯣꯔꯝ
orlando,ꯑꯣꯔꯥꯜꯟ
potlam,ꯄꯣꯠꯂꯝ
nungsiruba,ꯅꯨꯡꯁ꯭ꯕꯕꯨ
jarvis,ꯖꯔꯤꯁꯁꯤ
chittaurgarh,ꯆꯤꯠꯊꯔꯒ
ollakkhiba,ꯑꯣꯜꯂꯛꯈꯤꯕ
pangthei,ꯄꯥꯊꯩꯉꯩ
kok,ꯀꯣꯛ
altamonte,ꯑꯦꯜꯇꯥꯝꯇꯦꯟ
linaba,ꯂꯤꯅꯕ
leihou,ꯂꯩꯌꯧ
binodini,ꯕꯤꯅꯣꯟꯗꯤ
thapigi,ꯊꯥꯄꯤꯒꯤ
walls,ꯋꯥꯜꯂꯁ
thaadoktuna,ꯊꯥꯗꯣꯠꯇꯨꯅ
akron,ꯑꯀꯣꯔꯟꯟ
chennai,ꯆꯦꯟꯅꯥ
harmon,ꯍꯥꯃꯣꯟ
paaktuna,ꯄꯥꯛꯇꯨꯅ
plano,ꯄ꯭ꯂꯥꯣꯣ
engkhonda,ꯏꯪꯈꯣꯟꯗ
thenjin,ꯊꯦꯟꯖꯤꯟ
hayainugi,ꯍꯥꯌꯥꯢꯅꯒꯤꯒꯤ
taakpani,ꯇꯥꯛꯄꯅꯤ
nmdc,ꯅꯦꯝꯗꯦꯛ
amuba,ꯑꯃꯨꯕ
leisingbu,ꯂꯩꯁꯤꯡꯕ
charlotte,ꯆꯥꯔꯣꯠꯇ
linden,ꯂꯤꯟꯗꯦꯟ
delano,ꯗꯦꯂꯥꯣ
chahao,ꯆꯥꯖꯥ
nareng,ꯅꯥꯔꯦꯡ
chinglembi,ꯆꯤꯡꯂꯦꯝꯕꯤ
robbins,ꯔꯣꯕꯤꯟꯁꯁ
tayaamna,ꯇꯌꯥꯃꯅ
nemle,ꯅꯦꯝꯂꯦ
wangkhem,ꯋꯥꯡꯈꯦꯝ
pharmaceuticals,ꯐꯔꯦꯃꯇꯌꯌꯦꯁꯁ
phanggani,ꯐꯪꯒꯅꯤꯤ
haryana,ꯍꯥꯔꯅ
texas,ꯇꯦꯁꯁ
palisetti,ꯄꯦꯂꯦꯁꯇꯤꯇꯤ
lafu,ꯂꯥꯇꯨ
bhatt,ꯚꯥꯠꯇ
fernandez,ꯐꯦꯔꯥꯟꯗꯦ
hutchinson,ꯍꯨꯆꯤꯛꯁꯤꯟꯁꯟ
bhattacharjee,ꯚꯥꯠꯈꯔꯦ
taitansinggidamak,ꯇꯥꯢꯇꯥꯡꯅꯤꯃꯃꯃꯃꯛꯤꯤꯤꯤꯤ
thar,ꯊꯔꯔ
puthokkhi,ꯄꯨꯊꯣꯛꯤ
phare,ꯐꯔꯦ
paabunggi,ꯄꯥꯕꯨꯟꯒꯤ
elizabeth,ꯏꯂꯤꯥꯐꯥꯐ
rutherfordium,ꯔꯨꯊꯣꯔꯔꯥꯝꯌꯝ
panna,ꯄꯥꯟꯅ
trivedi,ꯇꯤꯇꯤꯗꯤ
sangleicha,ꯁꯪꯂꯩꯄꯥ
leipaakpu,ꯂꯩꯄꯥꯛꯄꯨ
nitrite,ꯅꯤꯇ꯭ꯔꯤ
phunnabada,ꯐꯨꯟꯅꯕꯗ
manaana,ꯃꯅꯥꯅ
cooper,ꯀꯣꯄꯔꯥꯄ
lourakfam,ꯂꯧꯔꯛꯐꯝꯝ
awangda,ꯑꯋꯥꯡꯗ
chattharakkhiba,ꯆꯠꯊꯛꯔꯤꯈꯤꯕ
leptrimakhei,ꯂꯦꯞꯇ꯭ꯔꯦꯜꯤꯤ
deleon,ꯗꯦꯗꯣꯟ
kaanglupsingbu,ꯀꯥꯡꯄꯨꯞꯂꯕꯁꯨ
wasudev,ꯋꯁꯨꯗꯗꯦ
kangleicha,ꯀꯪꯂꯩꯐꯥ
mahesana,ꯃꯍꯩꯁꯅ
pusa,ꯄꯨꯁꯥ
mapugi,ꯃꯄꯨꯒꯤ
sidabi,ꯁꯤꯗꯕꯤ
ahumnu,ꯑꯍꯨꯝꯅꯨ
thaajanabiga,ꯊꯥꯖꯅꯕꯒꯤ
dharmapuri,ꯙꯥꯔꯥꯃꯨꯔꯤ
ngak,ꯉꯥꯛ
khangde,ꯈꯪꯗ
sijinnaphamsi,ꯁꯤꯖꯤꯟꯅꯐꯤꯁꯤ
febulas,ꯐꯦꯕꯗꯁ
yokpa,ꯌꯣꯛꯄ
manipurising,ꯃꯅꯤꯔꯨꯁꯤꯡꯁꯤꯡ
hanul,ꯍꯥꯅꯣꯜ
blue,ꯕꯦꯂꯦ
longmont,ꯂꯣꯡꯃꯥꯃꯇ
thaasi,ꯊꯥꯁꯤ
beverages,ꯕꯦꯚꯦꯔꯦ
dhaabi,ꯙꯥꯕꯤ
delray,ꯗꯦꯜꯔꯥ
machaduna,ꯃꯆꯥꯗꯅꯨ
lanmeena,ꯂꯥꯟꯃꯤꯅ
wells,ꯂꯦꯜꯂꯦꯁꯦꯟ
bhilai,ꯚꯤꯂꯥꯢ
english,ꯏꯪꯂꯤꯕꯁꯤ
harvey,ꯍꯥꯔꯚꯦ
saaphagadaba,ꯁꯥꯐꯪꯕ
apollo,ꯑꯣꯣꯂꯣꯟ
sabi,ꯁꯕꯤ
oibagini,ꯑꯣꯢꯕꯒꯅꯤ
nungsi,ꯅꯨꯡꯁꯤ
awangdagi,ꯑꯋꯥꯡꯗꯒꯤ
wadu,ꯋꯗꯗꯨ
guna,ꯒꯨꯅꯥ
strongsville,ꯁꯦꯇꯦꯡꯇꯦꯔꯦ
moirangthem,ꯃꯣꯢꯔꯦꯡꯊꯦꯝ
robles,ꯔꯣꯕꯦꯁꯦ
yadav,ꯌꯥꯗꯥ
chingnaba,ꯆꯤꯡꯅꯕ
thagonnaba,ꯊꯥꯒꯣꯟꯅꯕ
thompson,ꯊꯣꯝꯄꯔꯦꯟ
chaturvedi,ꯆꯇꯨꯗ꯭ꯔꯦꯟꯗꯤ
bowie,ꯕꯣꯂꯤ
chaubey,ꯆꯥꯕꯦ
phou,ꯐꯧ
cutural,ꯀꯨꯇꯔꯦꯜ
pakhet,ꯄꯥꯈꯦꯠ
pithoragarh,ꯄꯤꯊꯣꯔꯔꯥꯃꯥ
touriba,ꯇꯧꯕꯤꯔ
ahanba,ꯑꯍꯟꯕ
titan,ꯇꯤꯇꯥꯟ
paba,ꯄꯥꯕ
safaba,ꯁꯥꯐꯕ
yaahalli,ꯌꯥꯍꯜꯂꯤ
yakhibi,ꯌꯥꯈꯤꯕꯤ
taakhanba,ꯇꯥꯈꯟꯕ
nahaasing,ꯅꯍꯥꯁꯤꯡ
mamani,ꯃꯃꯅꯤ
ngaseppam,ꯉꯥꯖꯦꯄꯝꯄꯝ
khagembagi,ꯈꯥꯒꯦꯝꯕꯒꯤ
pfaudler,ꯐꯨꯗꯦꯔ
yahalli,ꯌꯥꯍꯜꯂꯤ
hestia,ꯍꯦꯁꯇꯤꯌꯥ
kouduna,ꯀꯧꯗꯨꯅ
mahalka,ꯃꯍꯥꯀꯀ
molina,ꯃꯣꯂꯤꯅꯅ
mayekshi,ꯃꯌꯦꯛꯁꯤ
pune,ꯄꯨꯅꯦ
madikeri,ꯃꯗꯤꯀ꯭ꯔꯤ
hinggathannaduna,ꯍꯤꯡꯒꯠꯈꯟꯗꯨꯅ
friendswood,ꯐꯤꯗꯦꯟꯗꯦꯗ
investments,ꯏꯟꯕ꯭ꯁꯦꯁꯤ
kaapsinba,ꯀꯥꯞꯁꯤꯟꯕ
sandokkhi,ꯁꯟꯗꯣꯛꯈꯤ
beavercreek,ꯕꯥꯔꯔꯦꯛ
asija,ꯑꯁꯤꯖ
trivedi,ꯇ꯭ꯔꯤꯗꯤ
faaba,ꯐꯥꯕ
laalpichaa,ꯂꯥꯞꯄꯆꯤꯥ
poirei,ꯄꯣꯢꯔꯩ
lairampu,ꯂꯥꯢꯔꯝꯄꯄ
construction,ꯀꯣꯔꯇꯔꯔꯁꯁꯤꯡꯅ
nongkhal,ꯅꯣꯡꯍꯜ
jaitley,ꯖꯥꯢꯇꯂꯌꯦ
mamaida,ꯃꯃꯥꯢꯗ
yabirammi,ꯌꯥꯕꯤꯔꯝꯝꯤ
kachin,ꯀꯥꯤ
sandagi,ꯁꯟꯗꯒꯤ
marana,ꯃꯔꯥꯅ
schooldagi,ꯁ꯭ꯣꯣꯜꯂꯒꯤ
petaluma,ꯄꯦꯇꯥꯂꯝꯃꯨ
tyrannosaurus,ꯇꯨꯔꯥꯟꯣꯁ꯭ꯔꯦꯁ
dehri,ꯗꯦꯔꯤꯔꯤ
eris,ꯏꯔꯤꯁ
kanglei,ꯀꯪꯂꯩꯩ
ambedkar,ꯑꯦꯕꯗꯦꯔꯁ
anant,ꯑꯅꯥꯠꯇꯦꯟ
khullaakpi,ꯈꯨꯜꯂꯛꯄꯤ
germanygi,ꯒꯦꯔꯤꯟꯃꯒꯤ
indoaryan,ꯏꯟꯗꯔꯔꯣꯟꯅꯔ
khunsingda,ꯈꯨꯟꯁꯤꯡꯗ
mangda,ꯃꯥꯡꯗ
daulatabad,ꯗꯥꯂꯥꯇꯗ
motherson,ꯃꯣꯊꯦꯔꯦꯟꯁ
nandanwar,ꯅꯟꯗ꯭ꯔꯅꯤ
vysya,ꯚꯤꯁꯌꯥ
pura,ꯄꯨꯔꯥ
thebes,ꯊꯦꯕꯤꯁ
pokliba,ꯄꯣꯛꯂꯤꯕ
engraji,ꯏꯪꯔꯔꯤ
asinachingbasingbu,ꯑꯁꯤꯅꯆꯆꯤꯡꯕꯒꯤ
flowers,ꯐ꯭ꯂꯧꯔꯤꯁꯁ
odom,ꯑꯣꯗꯣꯝ
khanongpokta,ꯈꯥꯅꯣꯡꯇꯛꯇ
lisaang,ꯂꯤꯁꯪꯡ
bhalla,ꯕꯜꯂꯥ
mapal,ꯃꯄꯥꯜ
shaknairaba,ꯁꯥꯢꯅꯔꯤꯕ
minerals,ꯃꯤꯀꯦꯂꯦꯁꯁ
brock,ꯕ꯭ꯔꯣꯛ
pricol,ꯄ꯭ꯀꯣꯢꯔꯣꯜ
tinsinnaraba,ꯇꯤꯟꯁꯤꯟꯅꯔꯕ
kaatu,ꯀꯥꯇꯨ
mamangngeigi,ꯃꯃꯥꯡꯉꯩꯒꯤ
khunnaigi,ꯈꯨꯟꯅꯥꯢꯒꯤ
mahapatra,ꯃꯍꯥꯇꯥꯛꯇꯔꯦ
breweries,ꯕ꯭ꯔ꯭ꯔꯤꯁꯁ
sougrakpam,ꯁꯧꯒꯥꯛꯆꯝꯄ
makhouri,ꯃꯈꯧꯔꯔꯤ
satle,ꯁꯠꯂꯦ
khomduna,ꯈꯣꯝꯗꯨꯅ
webster,ꯋꯦꯕꯇꯔꯤꯔ
longview,ꯂꯣꯡꯚꯤꯇ
korounu,ꯀꯣꯔꯨꯟꯅꯨ
bheda,ꯚꯦꯗꯥ
phailen,ꯐꯥꯢꯂꯦꯟ
moroccan,ꯃꯣꯔꯣꯔꯥꯁꯁꯥꯟ
roach,ꯔꯣꯆ
leingaakta,ꯂꯩꯉꯥꯛꯇ
thokliba,ꯊꯣꯛꯂꯤꯕ
delta,ꯗꯦꯜꯇ
anubis,ꯑꯅꯨꯁꯁꯁ
ventures,ꯚꯦꯟꯇ꯭ꯔꯁꯁꯦ
cherrapunji,ꯆꯦꯔꯥꯟꯨꯨꯨꯨꯔꯤ
gilmore,ꯒꯣꯜꯂ꯭ꯔꯦ
hathras,ꯍꯥꯊꯔꯤꯁ
torrance,ꯇꯣꯔꯥꯦꯦꯟ
lanmisingna,ꯂꯥꯟꯃꯤꯁꯤꯡꯅ
shangleicha,ꯁꯪꯂꯩꯆꯥ
peifam,ꯄꯩꯐꯝ
satkanli,ꯁꯠꯠꯅꯂꯤ
sitapur,ꯁꯤꯇꯔꯔꯔꯨ
khangjinba,ꯈꯪꯖꯤꯟꯕ
houdoklamba,ꯍꯧꯗꯣꯛꯂꯝꯕ
faobagidi,ꯐꯥꯎꯕꯗꯒꯤ
khangnakhiba,ꯈꯪꯅꯈꯈꯈꯤꯕ
lepnaduna,ꯂꯦꯞꯅꯅꯗꯨꯅ
nu,ꯅꯨ
yoder,ꯌꯣꯗꯔꯦ
peipham,ꯄꯥꯐꯝ
yot,ꯌꯣꯠ
pharabani,ꯐꯔꯕꯅꯅꯤ
khaangda,ꯈꯥꯡꯗ
nowgong,ꯅꯣꯡꯉꯣ
heinei,ꯍꯩꯅꯩ
kathua,ꯀꯠꯊꯥ
matheran,ꯃꯊꯦꯔꯟ
manungdasu,ꯃꯅꯨꯡꯗꯁꯨ
phungawarising,ꯐꯨꯉꯥꯥꯋꯥꯔꯤꯡ
varghese,ꯚꯥꯚꯓꯦꯔꯦ
toubi,ꯇꯧꯕꯤ
leirabini,ꯂꯩꯔꯕꯅꯤ
ngasepam,ꯉꯥꯖꯦꯝꯝ
steele,ꯁ꯭ꯇꯦꯅꯦ
vishwakarma,ꯚꯤꯁꯃ꯭ꯋꯃꯃꯔꯥ
ningba,ꯅꯤꯡꯕ
chingjel,ꯆꯤꯡꯖꯦꯜ
mehrotra,ꯃꯦꯕꯣꯅꯔꯥꯇ
asiadana,ꯑꯁꯥꯎꯅꯗ
juned,ꯖꯨꯅꯦꯗ
tulshidas,ꯇꯨꯜꯁꯤꯗꯁ
enzyme,ꯏꯟꯖꯦꯝ
tagetes,ꯇꯥꯒꯦꯠꯁ
phibham,ꯐꯤꯕꯝ
nextgen,ꯅꯦꯛꯇꯦꯟ
longanga,ꯂꯣꯡꯉꯥ
phamlongi,ꯐꯝꯂꯣꯟꯒꯤ
victorville,ꯚꯤꯇꯔꯔꯔꯛꯀꯦ
roseville,ꯔꯣꯁꯦꯁꯤꯌꯦ
mythology,ꯃꯤꯊꯣꯂꯣꯢ
mannana,ꯃꯥꯟꯅ
renewables,ꯔꯦꯟꯦꯦꯕꯦ
anand,ꯑꯅꯥꯡꯗ
pasco,ꯄꯥꯁꯣ
pirammi,ꯄꯤꯔꯝꯃꯤ
humputaraa,ꯍꯨꯝꯄꯔꯥꯔꯥ
laiphamdagi,ꯂꯥꯢꯐꯝꯗꯒꯤ
khunthokpaga,ꯈꯨꯟꯊꯣꯛꯈꯒ
kshetrimayum,ꯀꯦꯠꯇ꯭ꯔꯦꯌꯥꯝ
shahid,ꯁꯥꯍꯤꯟ
mayur,ꯃꯌꯨꯔ
kanglupki,ꯀꯪꯂꯧꯄꯨꯀꯤ
ningthousinggi,ꯅꯤꯡꯊꯧꯁꯤꯡꯒꯤ
juarez,ꯖꯨꯔꯦꯁꯦꯌꯥꯒ
jyothy,ꯖꯤꯑꯣꯊꯇꯤ
meidingu,ꯃꯩꯗꯤꯡꯁꯨ
kaanglupna,ꯀꯥꯡꯂꯨꯞꯅ
sanders,ꯁꯟꯗ꯭ꯔꯁꯁ
saanglaba,ꯁꯥꯡꯕꯥ
loibada,ꯂꯣꯢꯕꯗ
araappada,ꯑꯔꯥꯞꯄꯗ
yallaga,ꯌꯥꯜꯂꯒ
distriparks,ꯗꯤꯛꯇ꯭ꯔꯤꯁꯛ
binoranjan,ꯕꯤꯅꯣꯔꯥꯅꯥ
saangba,ꯁꯥꯡꯕ
katu,ꯀꯇꯨ
lakpadagi,ꯂꯥꯛꯄꯗꯒꯤ
palemdi,ꯄꯂꯝꯗꯤ
laanchao,ꯂꯥꯟꯆꯥꯎ
natraaj,ꯅꯠꯔꯔꯔ
chuchaak,ꯆꯨꯆꯥꯛ
moiranggi,ꯃꯣꯢꯔꯪꯁꯤꯡ
paotak,ꯄꯥꯎꯇꯛꯛ
laatnaduna,ꯂꯥꯠꯅꯗꯨꯅ
rizwan,ꯔꯤꯒꯋꯔꯥꯟ
yaddanapudi,ꯌꯥꯗꯗꯨꯅꯥꯨꯅꯤ
kagi,ꯀꯥꯒꯤꯤ
sintakhansingna,ꯁꯤꯟꯅꯥꯛꯆꯤꯡꯅ
niyog,ꯅꯤꯑꯣꯒꯣ
chei,ꯆꯩ
evans,ꯏꯋꯥꯟꯁ
ambikapur,ꯑꯦꯕꯤꯀꯔꯔꯥꯄ
saphu,ꯁꯥꯨ
tissue,ꯇꯤꯁꯨꯦ
schultz,ꯁ꯭ꯆꯦꯠꯇꯦ
aluminium,ꯑꯂꯨꯃꯣꯢꯝꯝꯝ
manhattan,ꯃꯥꯟꯊꯥ
kolkata,ꯀꯣꯜꯀꯇꯇ
lanmina,ꯂꯥꯟꯃꯤꯅ
barasat,ꯕꯔꯥꯠꯇ
atul,ꯑꯇꯨꯝ
kumhei,ꯀꯨꯝꯍꯩ
yumlingi,ꯌꯨꯝꯂꯤꯟꯒꯤ
dwivedi,ꯗꯚꯚꯦꯗꯤ
bruno,ꯕ꯭ꯇꯣꯅꯣ
spokane,ꯁ꯭ꯂꯣꯅꯅꯥ
noblesville,ꯅꯣꯕꯦꯂꯦꯁꯦ
manchikanti,ꯃꯥꯟꯆꯤꯛꯇꯤ
phiral,ꯐꯤꯔꯜ
asaba,ꯑꯁꯥꯕ
tamilpetromarine,ꯇꯃꯤꯣꯣꯣꯣꯟꯅꯔꯦ
hung,ꯍꯨꯡ
pot,ꯄꯣꯠ
chaakkouba,ꯆꯥꯀꯧꯕ
rajkot,ꯔꯥꯖꯣꯠꯇ
nupada,ꯅꯨꯄꯥꯗ
exchange,ꯏꯀꯦꯆꯆꯦ
ispat,ꯏꯁꯁꯠ
kumbakarna,ꯀꯨꯝꯕꯔꯛꯅ
khongchat,ꯈꯣꯡꯆꯠ
telheiba,ꯇꯦꯜꯍꯩꯕ
surya,ꯁꯨꯔꯥ
akoibada,ꯑꯀꯣꯢꯕꯗ
seiraangbani,ꯁꯩꯔꯥꯡꯕꯅꯤ
paomee,ꯄꯥꯎꯃꯦ
tewari,ꯇꯦꯔꯥꯔꯤ
radico,ꯔꯥꯗꯤꯗꯣ
hu,ꯍꯨ
waamang,ꯋꯥꯃꯪ
neeraj,ꯅꯤꯔꯥꯖ
hangchitla,ꯍꯪꯆꯤꯠꯂ
paakchaobadagini,ꯄꯥꯛꯆꯥꯎꯕꯗꯅꯤ
thyrotechno,ꯊꯤꯔꯦꯅꯣ
gears,ꯖꯥꯔꯁꯦ
north,ꯅꯣꯔꯥ
terre,ꯇꯦꯔꯦ
luis,ꯂꯨꯢꯁ
leisou,ꯂꯩꯑꯧ
tingkhanggumna,ꯇꯤꯡꯈꯥꯡꯅꯨꯡꯅ
raymond,ꯔꯥꯃꯣꯟꯗ
kirk,ꯀꯤꯔꯛ
minneapolis,ꯃꯤꯟꯅꯥꯛꯄꯤꯁꯤꯁꯤ
hercules,ꯍꯦꯔꯀꯨꯜꯁꯦ
lacedaemon,ꯂꯥꯁꯦꯗꯦꯟ
sei,ꯁꯩ
tinsinnaba,ꯇꯤꯟꯁꯤꯟꯅꯕ
kanniyakumari,ꯀꯟꯅꯤꯌꯥꯔꯃꯤꯔꯤ
vineland,ꯚꯤꯑꯦꯜꯦꯦꯟꯗ
watkani,ꯋꯥꯠꯀꯅꯤ
paki,ꯄꯥꯀꯤ
cranston,ꯀꯦꯟꯁꯇꯣꯟ
bryan,ꯕ꯭ꯔꯦꯟ
khajuraho,ꯈꯥꯖꯔꯣꯣ
seshasayee,ꯁꯦꯁꯁꯤ
thammi,ꯊꯝꯃꯤ
algiers,ꯑꯜꯐ꯭ꯌꯔꯁꯁꯥꯁ
kharagi,ꯈꯔꯥꯒꯤꯒꯤ
leelagi,ꯂꯦꯂꯥꯒꯤ
chamthaba,ꯆꯝꯊꯕ
kasniya,ꯀꯥꯤꯌꯤꯌꯥ
houkharaba,ꯍꯧꯈꯔꯕ
purakkhre,ꯄꯨꯔꯛꯈ꯭ꯔꯦ
vasudebagi,ꯚꯁꯨꯨꯗꯕꯒꯒꯤ
chaanei,ꯆꯥꯅꯩ
iowa,ꯏꯋꯣ
phangdriba,ꯐꯪꯗ꯭ꯔꯤꯕ
puthokli,ꯄꯨꯊꯣꯛꯂꯤ
seth,ꯁꯦꯊ
elenpung,ꯏꯂꯦꯡꯄꯨꯡ
mamaannabisingga,ꯃꯃꯥꯟꯅꯁꯤꯕꯁꯤ
nayib,ꯅꯥꯕꯤꯕ
bbc,ꯕꯦꯁ
cheiramsing,ꯆꯩꯔꯝꯁꯤꯡ
wangu,ꯋꯥꯡ
mamingmathaa,ꯃꯃꯤꯡꯃꯥ
lana,ꯂꯥꯅ
apokpasingni,ꯑꯄꯣꯛꯄꯅꯤꯡꯅꯤ
khongchatka,ꯈꯣꯡꯆꯠꯀ
seishakpa,ꯁꯩꯁꯛꯄ
chatnabisinggi,ꯆꯠꯅꯕꯁꯤꯡꯒꯤ
pumnamaksi,ꯄꯨꯝꯅꯔꯁꯤ
hisar,ꯍꯤꯗꯔ
ngambagi,ꯉꯝꯕꯒꯤ
aribam,ꯑꯔꯤꯝꯕꯝ
waaheibu,ꯋꯥꯍꯧꯕꯕꯨ
kolounongpu,ꯀꯣꯂꯨꯎꯄꯨ
angur,ꯑꯉꯨꯔ
mathur,ꯃꯊꯨꯔ
naina,ꯅꯥꯢꯅ
chingsindaba,ꯆꯤꯡꯁꯤꯟꯕꯗ
virbhadra,ꯚꯤꯔꯚꯗꯔꯥ
veishnav,ꯚꯦꯁꯤꯟꯕꯥ
punsinaba,ꯄꯨꯟꯁꯤꯟꯅꯕ
ratnagiri,ꯔꯠꯅꯔꯔꯒꯤ
gadge,ꯒꯥꯒꯗꯦ
heritage,ꯍꯦꯔꯇꯦ
shenoy,ꯁꯦꯅꯣ
khagemba,ꯈꯥꯒꯦꯝꯕ
findlay,ꯐꯤꯟꯗꯤ
lafoisi,ꯂꯥꯖꯣꯁꯤ
maannaramde,ꯃꯥꯟꯅꯔꯦ
aster,ꯑꯁꯦꯔꯦ
pokchaba,ꯄꯣꯛꯆꯕ
ningthourolsing,ꯅꯤꯡꯊꯧꯔꯤꯡꯂꯤꯡ
palakkad,ꯄꯥꯂꯛꯂꯗ
bayonne,ꯕꯥꯌꯣꯟꯅꯦ
asheville,ꯑꯦꯁꯤꯕꯦꯜꯦ
parbhani,ꯄꯔꯔꯤꯅꯤ
columbus,ꯀꯣꯂꯝꯝꯁ
suven,ꯁꯨꯦꯦꯟ
thililda,ꯊꯤꯂꯤꯗ
murfreesboro,ꯃꯨꯔꯦꯔꯨꯁ
crosse,ꯀ꯭ꯔꯁꯦ
olympia,ꯑꯣꯂꯤꯌꯤꯌꯥꯄ
waseem,ꯋꯥꯁꯦꯝꯝ
cipla,ꯁꯤꯂꯂ
maalang,ꯃꯥꯂꯪ
emung,ꯏꯃꯨꯡ
burke,ꯕꯨꯔꯀ
jauhari,ꯖꯥꯖꯔꯤ
yaya,ꯌꯥꯌꯥ
bhal,ꯚꯜꯜ
kharashu,ꯈꯔꯁꯁꯨ
wheeling,ꯋꯩꯃꯦꯜꯒꯤ
dutt,ꯗꯨꯠꯇꯠ
aloi,ꯑꯂꯣꯢ
insecticides,ꯏꯟꯀꯦꯁꯤꯁꯇꯤꯁꯁ
sati,ꯁꯇꯤ
virus,ꯚꯤꯔꯨꯁ
nungngaiba,ꯅꯨꯡꯉꯥꯢꯕ
phajaba,ꯐꯖꯖꯕ
elgi,ꯏꯂꯣꯜꯒꯤ
paambigi,ꯄꯥꯝꯕꯤꯒꯤ
tandon,ꯅꯥꯟꯗꯣꯟ
miramar,ꯃꯔꯔꯃꯃꯔ
chadian,ꯆꯥꯗꯤꯟ
loulok,ꯂꯧꯂꯣꯛ
phouda,ꯐꯧꯗ
chabun,ꯆꯥꯕꯟꯟ
dhaulpur,ꯙꯥꯞꯄꯔꯨꯔ
sanskritki,ꯁꯟꯗ꯭ꯔꯛꯇꯤ
davangere,ꯗꯥꯔꯦꯉꯦꯔꯦ
sareen,ꯁꯔꯦꯟ
florence,ꯐ꯭ꯂꯦꯔꯣꯟꯦ
flynn,ꯐ꯭ꯂꯤꯟ
mentor,ꯃꯦꯟꯇ꯭ꯔꯤ
machangsing,ꯃꯆꯥꯡꯁꯤꯡ
mammary,ꯃꯃꯤꯔꯔ
apisa,ꯑꯄꯤꯁꯥ
wahanbagidamak,ꯋꯥꯍꯕꯗꯒꯤꯛ
rajput,ꯔꯥꯖꯨꯠ
khotthokpagi,ꯈꯣꯠꯆꯣꯛꯄꯒꯤ
loukrakpam,ꯂꯧꯛꯔꯝꯄ
marak,ꯃꯔꯥꯛ
varanasi,ꯚꯥꯔꯥꯁꯅꯁꯤ
ngaoduna,ꯉꯥꯎꯗꯨꯅ
garrison,ꯒꯔꯔꯤꯁꯣꯟ
chaudhary,ꯆꯥꯋꯔꯔꯥꯔ
kangfalgi,ꯀꯪꯐꯥꯜꯒꯤ
madurai,ꯃꯗꯨꯔꯥ
marifu,ꯃꯔꯤꯐꯨ
sangbannaba,ꯁꯪꯕꯥꯟꯕ
tongbram,ꯇꯣꯡꯕ꯭ꯔꯝꯝ
yotleena,ꯌꯣꯠꯂꯦꯅ
biocon,ꯕꯤꯑꯣꯞꯅꯦ
rane,ꯔꯥꯅꯦ
mathunda,ꯃꯊꯨꯟꯗ
sheishak,ꯁꯩꯁꯛ
maikeigi,ꯃꯏꯥꯏꯩꯒꯤ
september,ꯁꯦꯞꯇꯔꯝꯕ
lourakkhi,ꯂꯧꯔꯤꯛꯈꯤ
lang,ꯂꯥꯡ
saatpa,ꯁꯥꯠꯇ
hengatlak,ꯍꯦꯟꯒꯠꯂꯛ
ngada,ꯉꯥꯗ
kharagpur,ꯈꯔꯔꯥꯄꯨ
yeknabada,ꯌꯦꯛꯅꯗꯕ
horn,ꯍꯣꯔꯅ
polyplex,ꯄꯣꯂꯦꯛꯄꯣꯅ
nanabagi,ꯅꯅꯕꯕꯒꯤ
yuropki,ꯌꯨꯔꯣꯛꯄꯤ
midnapore,ꯃꯤꯟꯅꯔꯔꯣ
pennington,ꯄꯦꯟꯅꯤꯟꯣ
thrissur,ꯊ꯭ꯔꯤꯁꯨꯔ
maheigi,ꯃꯍꯩꯒꯤ
gangwar,ꯒꯪꯔꯥꯔ
numitkidamak,ꯅꯨꯃꯤꯀꯦꯛꯗꯃꯛꯤ
latnaba,ꯂꯠꯇꯕ
feeds,ꯐꯤꯗꯁ
mcdowell,ꯃꯦꯗꯆꯧꯦꯦꯜ
chhipa,ꯆꯤꯄꯥ
tongnganba,ꯇꯣꯡꯒꯥꯟꯕ
ngasisu,ꯉꯁꯤꯁꯨ
camarillo,ꯀꯃꯃꯥꯔꯣꯣꯣ
chaanu,ꯆꯥꯅꯨ
taakpa,ꯇꯥꯛꯄ
madison,ꯃꯗꯤꯔꯣꯟꯣꯟ
lam,ꯂꯝ
tirana,ꯇꯤꯔꯥꯅ
novi,ꯗꯣꯕꯤ
thangbadi,ꯊꯪꯕꯗꯤ
thaakhare,ꯊꯥꯈꯔꯦ
ngashisu,ꯉꯁꯤꯁꯁ
lanna,ꯂꯥꯟꯅ
dekalb,ꯗꯦꯀꯜꯜ
khumde,ꯈꯨꯝꯗꯦ
kavi,ꯀꯥꯕꯤ
tomar,ꯇꯣꯃꯔꯔ
tyre,ꯇꯤꯔꯦ
michamsingbu,ꯃꯤꯆꯝꯁꯤꯕꯨ
weeks,ꯋꯦꯛꯁꯦ
arabki,ꯑꯔꯥꯕꯀꯤ
rochester,ꯔꯣꯆꯦꯁ꯭ꯔꯦ
carlsbad,ꯀꯔꯦꯦꯗꯕ
leo,ꯂꯩꯑ
chaorakkhi,ꯆꯥꯎꯔꯛꯈꯤ
taipangpaal,ꯇꯥꯢꯄꯪꯄꯥꯜ
maanghanba,ꯃꯥꯡꯍꯟꯕ
emalonbu,ꯏꯃꯥꯂꯣꯟꯕꯨ
yendrembam,ꯌꯦꯟꯗ꯭ꯔꯦꯝꯕ
purakpa,ꯄꯨꯔꯛꯄꯥ
chaoshaangba,ꯆꯥꯎꯁꯪ
cheihigi,ꯆꯩꯍꯤꯒꯤ
dasila,ꯗꯥꯤꯀꯗꯥ
mayamda,ꯃꯌꯥꯝꯗ
sakkhangbidriba,ꯁꯥꯈꯪꯈ꯭ꯗꯤꯔꯕ
takpa,ꯇꯥꯛꯄ
yengnabada,ꯌꯦꯡꯅꯕꯗ
ngaklongi,ꯉꯥꯛꯂꯣꯟꯒꯤ
kaalratri,ꯀꯥꯜꯔ꯭ꯔꯇꯤ
acevedo,ꯑꯦꯀꯀꯀꯣ
kotturu,ꯀꯣꯠꯇꯨꯔ
digvijay,ꯗꯤꯚꯤꯌꯥ
malang,ꯃꯉꯥꯡ
sehgal,ꯁꯦꯍꯥꯜ
rajgarh,ꯔꯥꯖꯔ
uchan,ꯎꯆꯥꯟ
meisa,ꯃꯩꯁꯥ
river,ꯔꯤꯚꯔ
youngstown,ꯌꯧꯡꯊꯣꯟ
thapaalon,ꯊꯥꯄꯂꯣꯟ
ngamdaba,ꯉꯝꯗꯕ
mamallapuram,ꯃꯃꯥꯂꯝꯄꯔ
redeemer,ꯔꯦꯗꯤꯔꯃ
gutti,ꯒꯨꯠꯇꯤ
mapulen,ꯃꯄꯨꯦꯟ
lising,ꯂꯤꯁꯤꯡꯁꯤꯡ
thaangchahanpa,ꯊꯥꯡꯆꯟꯂꯥꯄ
yonnei,ꯌꯣꯟꯅꯩ
provo,ꯄ꯭ꯔꯧꯑꯣ
yaakhibi,ꯌꯥꯈꯤꯕꯤ
ebungngo,ꯏꯕꯨꯡꯉꯣ
laanleima,ꯂꯥꯟꯂꯩꯃ
yaaraba,ꯌꯥꯔꯕ
khutmaaba,ꯈꯨꯠꯃꯝꯕꯕ
gandhimathi,ꯒꯥꯟꯗꯥꯊꯤꯌꯤ
hidakloisingsi,ꯍꯤꯗꯥꯛꯣꯟꯁꯤꯡꯁꯤ
life,ꯂꯤꯖꯦ
laisangsinggi,ꯂꯥꯢꯁꯪꯁꯤꯡꯒꯤ
panani,ꯄꯅꯅꯤ
sarukki,ꯁꯔꯀꯛꯀꯤ
bhukya,ꯚꯨꯈꯥ
cerritos,ꯁꯦꯔꯤꯇꯔꯣꯁꯁꯤ
pokpagidamak,ꯄꯣꯛꯄꯛꯀꯒꯗꯤ
hassan,ꯍꯥꯁꯁꯟ
kharasu,ꯈꯔꯁꯨ
sharuk,ꯁꯔꯨꯛ
valdosta,ꯕꯥꯗꯣꯁꯇꯇꯇ
pukhi,ꯄꯨꯈꯤ
austin,ꯑꯥꯁꯇꯤꯟ
shandilya,ꯁꯥꯟꯗꯤꯌꯥꯜ
james,ꯖꯝꯁꯦ
piraduna,ꯄꯤꯔꯨꯗꯨꯅ
peru,ꯄꯦꯔꯨ
gaur,ꯒꯥꯔꯦ
foodworks,ꯐꯣꯔꯗꯣꯛꯁ
shaktaakkhi,ꯁꯛꯇꯥꯛꯈꯤ
higgins,ꯍꯤꯒꯤꯟꯁꯤ
phimuna,ꯐꯤꯝꯅꯥ
mayamga,ꯃꯌꯥꯝꯒ
multimedia,ꯃꯨꯛꯇꯤꯃꯗꯦꯗꯥ
stanton,ꯁ꯭ꯇꯇꯇꯣꯟ
tambinaba,ꯇꯝꯕꯤꯅꯅ
rao,ꯔꯥꯎꯑꯥ
dhap,ꯙꯥꯞ
food,ꯐꯣꯑꯣꯟ
affle,ꯑꯐꯦꯜ
graduate,ꯔ꯭ꯔꯥꯇꯥ
ngantuleng,ꯉꯥꯟꯇꯨꯡꯂꯥ
araambai,ꯑꯔꯥꯝꯕꯤ
jhabua,ꯐꯕꯥ
tamphamshang,ꯇꯝꯐꯝꯁꯁꯁꯡ
mariphumapan,ꯃꯔꯤꯐꯨꯃꯥꯄꯥꯟ
palanpur,ꯄꯥꯂꯟꯄꯔꯛ
konungdagi,ꯀꯣꯅꯨꯡꯗꯒꯤ
mafamsu,ꯃꯐꯝꯁꯨ
hankhibana,ꯍꯟꯈꯈꯈꯤꯕꯅ
pusa,ꯄꯨꯁꯥ
shivagauri,ꯁꯤꯖꯥꯒꯨꯔꯤ
wokha,ꯋꯣꯈ
mayaamsigi,ꯃꯌꯥꯝꯁꯤꯒꯤ
quess,ꯀ꯭ꯁꯦꯁ
chaokhatnaba,ꯆꯥꯎꯈꯠꯅꯕ
rosales,ꯔꯣꯂꯦꯁꯦ
ata,ꯑꯇꯥ
infraconstruction,ꯏꯟꯅꯔꯔꯣꯁꯤꯅꯤꯁꯤꯟ
lynchburg,ꯂꯨꯟꯈ꯭ꯔꯒ
warisinggi,ꯋꯔꯤꯁꯤꯡꯒꯤ
utlaba,ꯎꯠꯂꯕ
laatamni,ꯂꯥꯇꯝꯅꯤ
diamond,ꯗꯤꯗꯥꯟꯗ
amaangsang,ꯑꯃꯁꯥꯡꯁ
thakna,ꯊꯥꯛꯅ
pidilite,ꯄꯤꯔꯤꯂꯦ
anggurmuk,ꯑꯪꯒ꯭ꯔꯨꯝ
bengal,ꯕꯦꯡꯒꯜ
echaada,ꯏꯆꯥꯗ
nongshamei,ꯅꯣꯡꯁꯥꯃꯩꯃꯤ
laisinggi,ꯂꯥꯢꯁꯤꯡꯒꯤ
bhopal,ꯕꯣꯄꯥ
aleem,ꯑꯂꯦꯝ
ilat,ꯏꯄꯥꯠ
mangte,ꯃꯪꯦ
indora,ꯏꯟꯗꯣꯔꯣꯔ
indus,ꯏꯟꯗꯨꯁꯁ
sorus,ꯁꯣꯔꯁꯁꯁ
waheisingsigi,ꯋꯥꯍꯩꯁꯁꯁꯁꯤꯒꯤ
taraq,ꯇꯔꯥꯟ
wangbadu,ꯋꯥꯡꯕꯗꯨ
khallo,ꯈꯜꯂꯣ
bentonville,ꯕꯦꯟꯇꯣꯟꯂꯦ
arunachal,ꯑꯔꯨꯋꯥꯆꯆꯟꯜ
paangduna,ꯄꯥꯡꯗꯨꯅ
moupwaada,ꯃꯧꯄꯥꯔ
srichakra,ꯁꯔꯔꯤꯀꯥ
tumit,ꯇꯨꯃꯤꯠ
sandilya,ꯁꯟꯟꯤꯂꯤꯌꯥ
stanley,ꯁ꯭ꯇꯦꯂꯣꯅꯥ
arya,ꯑꯔꯤꯌꯥ
mobile,ꯃꯣꯕꯦꯌꯂꯦ
ashaba,ꯑꯁꯥꯕ
kanchan,ꯀꯥꯟꯆꯪ
lilium,ꯂꯤꯂꯃꯨꯝꯝ
fani,ꯐꯅꯤ
natureview,ꯅꯇꯇꯔꯇ
vikram,ꯚꯤꯛꯔꯤꯝ
khanbadagi,ꯈꯟꯗꯗꯒꯤ
riverside,ꯔꯤꯚ꯭ꯔꯦꯁ
laishon,ꯂꯥꯢꯁꯣꯟ
mapokkasu,ꯃꯄꯣꯛꯁꯨ
oakley,ꯑꯣꯛꯂꯩꯌ
kaangbu,ꯀꯥꯡꯕꯨ
faahoubagi,ꯐꯥꯧꯕꯧꯒꯤ
gary,ꯒꯔꯤꯌꯥ
bender,ꯕꯦꯟꯗ꯭ꯔ
yungba,ꯌꯨꯡꯕ
chairman,ꯆꯥꯢꯃꯅꯅ
axis,ꯑꯁꯤ
manila,ꯃꯅꯤꯂ
haveli,ꯍꯋꯦꯦꯤ
nulaa,ꯅꯨꯂꯥ
kansai,ꯀꯟꯁꯥꯤ
raza,ꯔꯥꯌꯥ
kapurthala,ꯀꯥꯎꯊꯚꯔ
navas,ꯅꯥꯥꯕꯁ
hapchinduna,ꯍꯥꯞꯆꯤꯟꯗꯨꯅ
anam,ꯑꯅꯝꯃ
avenues,ꯑꯦꯦꯅꯁꯁ
pradesh,ꯄ꯭ꯔꯥꯁꯁꯁ
authority,ꯑꯥꯠꯔꯤꯇ꯭ꯔꯤꯌꯣ
pennington,ꯄꯤꯟꯇꯣꯡꯁꯣꯟ
thongba,ꯊꯣꯡꯕ
indiadadi,ꯏꯟꯗꯤꯗꯤ
gables,ꯒꯦꯦꯂꯁ
khubaak,ꯈꯨꯕꯛ
thasi,ꯊꯥꯁꯤ
apparels,ꯑꯦꯄꯥꯔꯔꯦꯟꯁꯦ
paalamba,ꯄꯥꯂꯝꯕ
fabada,ꯐꯥꯕꯗ
euclid,ꯏꯌꯤꯠꯂꯤ
insurance,ꯏꯟꯈ꯭ꯔꯦꯦ
karimnagar,ꯀꯔꯤꯤꯤꯅꯔꯥꯔ
sansenbi,ꯁꯟꯟꯦꯦꯟꯕꯤ
manggon,ꯃꯥꯡꯉꯣꯟ
baripada,ꯕꯔꯤꯄꯦꯟꯗ
masam,ꯃꯔꯝ
yauhandana,ꯌꯨꯍꯍꯟꯅ
castalloy,ꯀꯥꯇꯥꯂꯤꯌꯥ
samjireigumna,ꯁꯝꯖꯤꯔꯉꯥꯡ
deoria,ꯗꯦꯌꯣꯔꯤꯌꯥꯥ
wikipediasi,ꯋꯤꯀꯤꯌꯦꯁꯦꯗꯤ
lisang,ꯂꯤꯁꯪ
georgetown,ꯖꯤꯖꯩꯔꯣꯟ
houfam,ꯍꯧꯐꯝ
laapthorakpada,ꯂꯥꯎꯊꯣꯛꯄꯔꯗꯗ
music,ꯃ꯭ꯁꯤꯁ
puyaane,ꯄꯨꯌꯅꯦ
rapids,ꯔꯥꯄꯤꯁꯨ
ganesha,ꯒꯥꯟꯅꯥꯁ
kumpapada,ꯀꯨꯝꯄꯗ
crosby,ꯀꯤꯁꯨꯔꯤ
kangfaalgi,ꯀꯪꯐꯥꯜꯒꯤ
paangthoklamba,ꯄꯥꯡꯊꯣꯛꯈꯝꯕ
pangdaba,ꯄꯪꯗꯕ
jindal,ꯖꯤꯟꯗꯜ
chapel,ꯆꯥꯇꯦꯜ
porterville,ꯄꯣꯇꯦꯔꯦꯜ
nupaana,ꯅꯨꯄꯥꯅ
translesangi,ꯇ꯭ꯔꯦꯟꯁꯦꯟꯁꯤꯡꯒꯤ
tibetna,ꯇꯤꯕꯦꯠꯅ
tinkang,ꯇꯤꯟꯅꯆ
tayamna,ꯇꯌꯥꯝꯅ
phattababu,ꯐꯠꯇꯕ
yaare,ꯌꯥꯔꯦ
madam,ꯃꯔꯝꯕ
nombagi,ꯅꯣꯝꯕꯒꯤ
natural,ꯅꯥꯇꯔꯣꯜ
bean,ꯕꯦꯟ
leiraang,ꯂꯩꯔꯪ
lamlaisingki,ꯂꯝꯂꯂꯤꯁꯤꯡ
inaak,ꯏꯅꯥꯛ
covalent,ꯀꯤꯇꯦꯦꯂꯦꯟ
ramanathapuram,ꯔꯃꯥꯃꯅꯌꯥꯝ
testa,ꯇꯦꯠꯇ
nalla,ꯅꯜꯜꯂ
infraprojects,ꯏꯟꯈ꯭ꯔꯤꯛꯄꯦꯠ
assam,ꯑꯁꯥꯝꯝ
ngaantuleng,ꯉꯥꯟꯇꯨꯡꯂꯨꯡ
stevenson,ꯁ꯭ꯇꯦꯟꯅꯦꯁ
brigade,ꯕ꯭ꯔꯤꯒꯦꯗ
chaosaangba,ꯆꯥꯎꯁꯥꯡꯕ
varshney,ꯚꯥꯔꯦꯁꯦ
ngaakpagi,ꯉꯥꯛꯄꯒꯤ
sudana,ꯁꯨꯗꯅ
brennan,ꯕꯦꯔꯦꯟ
akola,ꯑꯀꯣꯂꯥ
shravanabelagola,ꯁ꯭ꯔꯦꯕꯥꯂꯥ
kokuyo,ꯀꯣꯀꯣꯣꯣ
namu,ꯅꯥꯃꯨ
cooch,ꯀꯣꯆꯣ
phangkhibadugi,ꯐꯪꯈꯤꯕꯗꯤ
laishram,ꯂꯥꯢꯁ꯭ꯔꯝ
mitchell,ꯃꯤꯠꯆꯦꯜ
carr,ꯀꯔꯔ
emungni,ꯏꯃꯨꯡꯅꯤ
rectifiers,ꯔꯦꯆꯤꯌꯁ
amagi,ꯑꯃꯥꯒꯤ
charles,ꯆꯔꯔꯦꯁꯁ
nagappattinam,ꯅꯥꯄꯠꯇꯝꯣꯃꯝ
mathis,ꯃꯊꯤꯁ
dehra,ꯗꯦꯔꯔꯥ
janesville,ꯖꯦꯅꯦꯁꯦꯁ
laiphina,ꯂꯥꯢꯐꯤꯟꯅ
oinaba,ꯑꯣꯢꯅꯕ
articlenachingba,ꯑꯥꯔꯇꯦꯛꯂꯕꯤꯡ
thoothukudi,ꯊꯣꯎꯊꯧꯁꯤꯗ
cheion,ꯆꯩꯑꯣꯟ
shokeen,ꯁꯣꯀꯦꯟ
panghal,ꯄꯪꯡꯥꯜ
plyboards,ꯄ꯭ꯂꯤꯌꯣꯕꯁꯁ
laija,ꯂꯥꯢꯖꯥ
kayaamarumna,ꯀꯌꯥꯃꯔꯥꯃ
apex,ꯑꯄꯦꯛꯁ
dijastarni,ꯗꯤꯖꯥꯇꯀꯁꯅꯤ
davenport,ꯗꯥꯌꯦꯟꯥꯔꯦ
maddipatla,ꯃꯥꯗꯗꯦꯜꯇꯥ
atkins,ꯑꯇꯤꯟꯁꯤꯟꯁ
yeklambadu,ꯌꯦꯛꯂꯝꯕꯗꯨ
cardenas,ꯀꯔꯔꯦꯁꯁ
saraa,ꯁꯔꯥ
thadokpagi,ꯊꯥꯗꯣꯛꯛꯒꯤ
bhansali,ꯕꯟꯟꯁꯥ
pittsburgh,ꯄꯤꯠꯊ꯭ꯔꯒ
tourism,ꯇꯧꯔꯤꯝꯁꯝ
stephens,ꯁ꯭ꯊꯦꯠꯐꯦꯟꯁ
payment,ꯄꯥꯃꯦꯟ
wardha,ꯋꯥꯔꯥꯁ
brownsville,ꯕ꯭ꯔꯦꯟꯇꯦꯁꯦꯂꯤ
khaktani,ꯈꯛꯇꯅꯤ
luwaopa,ꯂꯨꯔꯥꯄꯄ
naahanbani,ꯅꯥꯍꯟꯟꯕꯅꯤ
takpagi,ꯇꯥꯛꯄꯒꯤ
meehutsing,ꯃꯤꯍꯨꯠꯁꯤꯡ
siwan,ꯁꯤꯋꯥꯟ
summerville,ꯁꯨꯝꯃ꯭ꯔꯦꯂꯦ
kunthrataret,ꯀꯨꯟꯈ꯭ꯇ꯭ꯔꯦꯇꯦ
mahawar,ꯃꯍꯥꯔꯔ
micham,ꯃꯥꯝꯝ
mapuroiba,ꯃꯄꯨꯔꯤꯕ
kayaadu,ꯀꯌꯥꯗꯨ
apakpa,ꯑꯄꯛꯄꯄ
alluminium,ꯑꯦꯂꯦꯝꯃꯝꯝꯨꯝ
grove,ꯔ꯭ꯔꯚꯚꯦ
barauni,ꯕꯔꯨꯅꯅꯤ
rockford,ꯔꯣꯑꯣꯔꯣꯔꯣꯗ
khul,ꯈꯨꯜ
houkhibani,ꯍꯧꯈꯤꯕꯅꯤ
paakhangpana,ꯄꯥꯈꯪꯄꯅ
hantharakli,ꯍꯟꯊꯔꯛꯀꯤ
birmingham,ꯕꯤꯔꯤꯃꯩꯊꯝ
bruyn,ꯕ꯭ꯔꯤꯟ
ethatsingda,ꯏꯊꯠꯁꯤꯡꯗ
khakna,ꯈꯥꯛꯅ
excel,ꯑꯦꯦꯀꯦꯜ
jeffersonville,ꯖꯦꯐꯦꯔꯦꯔꯦꯔꯦꯦꯦ
kaamduna,ꯀꯥꯝꯗꯨꯅ
lanli,ꯂꯥꯟꯂꯤ
leitri,ꯂꯩꯇ꯭ꯔꯤ
ujakhi,ꯌꯨꯈꯈꯤ
puyane,ꯄꯨꯌꯦꯅꯦ
menifee,ꯃꯦꯅꯤ
samjinnahanba,ꯁꯝꯖꯤꯟꯅꯕ
funggaawaarising,ꯐꯨꯡꯒꯥꯔꯤꯁꯤꯡ
sudanese,ꯁꯨꯗꯟꯁꯦꯡꯁ
chingkhalbam,ꯆꯤꯡꯍꯜꯂꯝꯕ
tidagi,ꯇꯤꯗꯒꯤ
mongol,ꯃꯣꯡꯂꯣꯜ
saanpa,ꯁꯥꯟꯄ
visaka,ꯚꯤꯁꯥꯀ
infratel,ꯏꯟꯖ꯭ꯔꯤꯠ
shakopee,ꯁꯥꯀꯣꯄꯦ
maanggon,ꯃꯥꯡꯉꯣꯟ
crisil,ꯀꯤꯔꯤꯜꯁꯜ
yaayaa,ꯌꯥꯌꯥ
nongngin,ꯅꯣꯡꯅꯤꯡ
sankary,ꯁꯟꯀꯔꯦꯈꯤ
keizer,ꯀꯩꯒꯦꯔ
clara,ꯀ꯭ꯔꯥꯥ
peralta,ꯄꯦꯔꯥꯠꯇ
scottsdale,ꯁꯦꯇꯦꯦꯇꯦ
marakki,ꯃꯔꯛꯛꯅꯤ
kayamaromda,ꯀꯌꯥꯃꯔꯣꯝꯗ
reddy,ꯔꯦꯗꯗ
menhit,ꯃꯦꯟꯊꯤꯠꯠ
haaktaktaki,ꯍꯥꯛꯇꯛꯛꯀꯤ
thapalon,ꯊꯥꯄꯂꯦꯟ
kumsinglon,ꯀꯨꯝꯁꯤꯡꯂꯣꯡ
wabag,ꯋꯥꯕꯒ
chahichada,ꯆꯥꯍꯤꯗꯗ
binghamton,ꯕꯤꯡꯍꯝꯣꯟ
grapevine,ꯒ꯭ꯄꯥꯔꯤꯁꯤꯌꯦ
onkhi,ꯑꯣꯟꯈꯤ
gaagaa,ꯒꯥꯒꯥ
thabaktasu,ꯊꯕꯀꯥꯇꯇꯁꯨ
chahichaada,ꯆꯍꯤꯆꯗ
motihari,ꯃꯣꯇꯔꯤꯔꯤ
maayoknaba,ꯃꯥꯌꯣꯛꯅꯕ
thinliba,ꯊꯤꯟꯂꯤꯕ
haapchinduna,ꯍꯥꯞꯆꯤꯟꯗꯨꯅ
khongthangda,ꯈꯣꯡꯊꯪꯗ
brookfield,ꯕ꯭ꯔꯣꯐꯣꯔꯦꯜ
trenton,ꯇꯦꯇꯇꯟ
ramayan,ꯔꯥꯃꯥꯟ
heikat,ꯍꯩꯇꯥꯛ
emaa,ꯏꯃꯥ
whitaker,ꯋꯤꯍꯦꯠꯀꯔꯔ
burnsville,ꯕꯨꯔꯤꯁꯜꯅꯦ
thaajanaba,ꯊꯥꯖꯅꯕ
yama,ꯌꯥꯃ
allium,ꯑꯜꯂꯝꯝꯝ
monuments,ꯃꯣꯅꯨꯇꯇꯦꯁꯦ
percygi,ꯄꯦꯔꯤꯄꯒꯤ
lopez,ꯂꯣꯄꯦꯁꯥ
anaheim,ꯑꯅꯍꯤꯌꯝ
gravita,ꯔ꯭ꯚꯇꯇ
mindtree,ꯃꯤꯟꯗ꯭ꯔꯦ
killeen,ꯀꯤꯂꯦꯟ
paakthokpa,ꯄꯥꯛꯊꯣꯛꯄ
sinha,ꯁꯤꯟ
laichat,ꯂꯥꯢꯆꯠ
marik,ꯃꯔꯤꯛ
nanglibani,ꯅꯪꯂꯤꯕꯅꯤ
khetrimayum,ꯈꯦꯇ꯭ꯔꯦꯝꯌꯝ
namnaba,ꯅꯝꯅꯕ
marel,ꯃꯔꯦꯜ
alipur,ꯑꯦꯄꯤꯄꯨ
le,ꯂꯦ
chatthok,ꯆꯠꯊꯣꯛ
kline,ꯀ꯭ꯂꯦꯅꯦ
miyamna,ꯃꯤꯝꯃꯥ
takhanba,ꯇꯥꯈꯟꯕ
hodges,ꯍꯣꯢꯌꯦꯁꯁꯁꯁ
vernon,ꯚꯦꯔꯅꯣꯟ
thakhare,ꯊꯥꯈꯔꯦ
misak,ꯃꯤꯁꯥꯛ
cathedral,ꯀꯠꯗꯦꯔꯦꯟ
focus,ꯐꯣꯁꯨꯁ
sachan,ꯁꯥꯆꯟ
chaanpipi,ꯆꯥꯟꯄꯤ
largo,ꯂꯥꯔꯣꯣ
leiraba,ꯂꯩꯔꯕ
pitts,ꯄꯤꯠꯁ
nguyen,ꯉꯨꯌꯦꯟ
frazier,ꯐ꯭ꯔꯤꯔ
tucson,ꯇꯨꯁꯣꯟ
sulung,ꯁꯨꯂꯨꯡ
keizer,ꯀꯩꯒꯔ
ukraine,ꯎꯛꯔꯥꯃꯣꯛꯅ
sajik,ꯁꯥꯖꯤꯛ
dwivedi,ꯗ꯭ꯚꯤꯚꯦ
katiyar,ꯀꯇꯇ꯭ꯔꯥ
natheiramle,ꯅꯊꯦꯜꯀꯦꯣꯂꯦ
athokpam,ꯑꯊꯣꯛꯄꯝ
mcclain,ꯃꯦꯛꯀꯥꯟꯅꯤ
eurynome,ꯏꯌꯨꯔꯤꯃꯦ
bhaagabat,ꯚꯥꯕꯒꯇ
goodyear,ꯒꯣꯑꯣꯔꯃꯥ
solis,ꯁꯣꯢꯁꯤ
nikobar,ꯅꯤꯀꯣꯔꯔ
atonbidusu,ꯑꯇꯣꯟꯕꯁꯤꯗꯨ
thinnaba,ꯊꯤꯟꯅꯕ
kananota,ꯀꯅꯥꯅꯇꯇ
tirunelveli,ꯇꯤꯔꯨꯂꯦꯅꯤ
samjinnari,ꯁꯝꯖꯤꯟꯅꯔꯤ
islam,ꯏꯂꯥꯝꯝ
chavan,ꯆꯥꯕꯟ
view,ꯚꯤꯚꯦ
upadhyay,ꯎꯄꯥꯗꯥꯋꯦ
puyallup,ꯄꯨꯌꯥꯜꯂꯝ
chaanipaanga,ꯆꯥꯅꯤꯄꯥꯟ
fangdriba,ꯐꯪꯗ꯭ꯔꯤꯕ
silikongi,ꯁꯤꯂꯣꯣꯛꯇꯣꯟꯒꯤ
heiningjom,ꯍꯩꯅꯤꯡꯉꯣ
batala,ꯕꯥꯇꯥ
buena,ꯕꯨꯅꯥ
mayollamgi,ꯃꯌꯣꯜꯂꯝꯒꯤ
aprajita,ꯑꯄꯦꯔꯤꯖꯥ
renton,ꯔꯦꯟꯇꯣ
lanchao,ꯂꯥꯟꯍꯥꯎ
yumjao,ꯌꯨꯝꯖꯥꯎ
saaphu,ꯁꯥꯐꯨ
goyal,ꯒꯣꯑꯥꯂꯜ
tripuraga,ꯇꯤꯄ꯭ꯔꯒꯥ
rowlett,ꯔꯣꯇꯦꯂꯣꯠ
thaangyikum,ꯊꯥꯡꯒꯤꯃꯝ
nungshiraba,ꯅꯨꯡꯁꯤꯕꯥ
chakni,ꯆꯥꯛꯅꯤ
laappa,ꯂꯥꯞꯄ
fayetteville,ꯐꯌꯦꯌꯦꯠꯂꯩ
arthur,ꯑꯦꯔꯇꯔꯨ
carlo,ꯀꯦꯔꯣ
buckley,ꯕꯨꯀꯤꯀꯁ
takhellambam,ꯇꯥꯈꯦꯝꯝꯝꯝꯕ
land,ꯂꯥꯟꯗꯨ
manchanda,ꯃꯥꯟꯆꯟꯗ
thaalon,ꯊꯥꯂꯣꯟ
lingkhatlamba,ꯂꯤꯡꯈꯠꯂꯕ
churachanna,ꯆꯨꯔꯆꯟꯅ
itarsi,ꯏꯇꯥꯔꯁꯤ
mapung,ꯃꯄꯨꯡ
waanghouba,ꯋꯥꯡꯧꯧꯕ
briggs,ꯕ꯭ꯔꯤꯡ
amaravati,ꯑꯃꯥꯋꯥꯇꯇꯤ
chabada,ꯆꯥꯕꯗ
gaski,ꯒꯥꯁꯀꯤ
balkrishna,ꯕꯦꯀ꯭ꯔꯤꯁꯅ
masood,ꯃꯁꯣꯑꯣꯟ
guntur,ꯒꯨꯟꯇꯨꯨ
louis,ꯂꯧꯁꯨꯁ
lainupini,ꯂꯥꯢꯅꯨꯄꯅꯤ
ichu,ꯏꯆꯨ
escondido,ꯏꯁꯣꯟꯁꯤꯑꯣ
walters,ꯋꯥꯜꯇꯦꯔꯁꯁ
sind,ꯁꯤꯟꯗ
aishwary,ꯑꯥꯔꯤꯔꯥ
wolf,ꯋꯣꯜꯐꯝ
slovakiya,ꯁ꯭ꯂꯣꯃꯤꯌꯥꯥ
sevagram,ꯁꯦꯕꯔꯔꯝꯄꯝ
tagi,ꯇꯥꯒꯤ
burke,ꯕꯨꯔꯦ
fampalda,ꯐꯝꯄꯥꯜꯗ
palmdale,ꯄꯜꯜꯂꯦꯦꯦ
leisubi,ꯂꯩꯁꯨꯕꯒꯤ
founder,ꯐꯧꯟꯗ꯭ꯔ
erode,ꯏꯔꯣꯗꯦ
haokip,ꯍꯥꯎꯏꯄ
gaandhaarigi,ꯒꯥꯟꯖꯥꯟꯐꯔꯒꯤ
ipaakachouba,ꯏꯄꯥꯎꯈꯥꯕ
meiraa,ꯃꯩꯔꯥ
mayo,ꯃꯌꯣ
path,ꯄꯥꯊ
pathaapki,ꯄꯥꯊꯥꯛꯄꯤ
nunggarei,ꯅꯨꯡꯒꯔꯦ
kansas,ꯀꯟꯟꯁ
thakur,ꯊꯥꯗꯔ
leipaakna,ꯂꯩꯄꯥꯛꯇ
sioux,ꯁꯤꯑꯨꯞ
mayanglambam,ꯃꯌꯥꯡꯂꯝꯕ
kangbagi,ꯀꯪꯕꯒꯤ
holidays,ꯍꯣꯂꯤꯁꯤꯌꯌꯁꯤ
nokningba,ꯅꯣꯛꯅꯤꯡꯕ
khundangbam,ꯈꯨꯟꯗꯪꯡꯕ
houkhibagi,ꯍꯧꯈꯤꯕꯒꯤ
brake,ꯔ꯭ꯔꯥꯛꯣ
faulkner,ꯐꯥꯜꯂꯔ
telangana,ꯇꯦꯂꯪꯡ
khargone,ꯈꯔꯒꯣꯟꯦ
rosas,ꯔꯣꯁꯁꯁ
thangamayil,ꯊꯥꯒꯥꯃꯂꯜ
chungsennubi,ꯀꯨꯡꯁꯦꯟꯁꯤꯕꯤ
francisco,ꯐ꯭ꯔꯛꯟꯁꯁꯣ
humpu,ꯍꯨꯝꯄꯨ
king,ꯀꯤꯡ
thangal,ꯊꯥꯡꯜ
laanmisingna,ꯂꯥꯟꯃꯤꯁꯤꯡꯅ
shajapur,ꯁꯥꯖꯥꯄꯨꯔ
hiyanggei,ꯍꯤꯌꯥꯡꯉꯩ
poram,ꯄꯔꯝꯝ
ngaada,ꯉꯥꯗ
mapei,ꯃꯄꯩ
afghanistan,ꯑꯐꯐꯅꯤꯁꯗ
leimakhujam,ꯂꯩꯃꯥꯃꯥꯝ
chatcharo,ꯆꯠꯆꯥꯔꯣ
harvey,ꯍꯔꯦ
sequent,ꯁꯦꯀꯦꯟ
ningsingba,ꯅꯤꯡꯁꯤꯡꯕ
punna,ꯄꯨꯟꯅ
phylum,ꯐꯤꯂꯧꯝꯝ
mahbubnagar,ꯃꯍꯧꯕꯣꯅꯔꯔ
pandava,ꯄꯥꯟꯗꯕ
harlingen,ꯍꯥꯔꯤꯡꯂꯟ
ganganagar,ꯒꯪꯒꯅꯔꯥꯒ
shakminnabagi,ꯁꯥꯃꯅꯤꯟꯕꯒꯤ
dewas,ꯗꯦꯋꯁ
mangbara,ꯃꯥꯡꯕꯔ
mamaangthakta,ꯃꯃꯥꯡꯊꯛꯄ
horton,ꯍꯣꯔꯣꯟ
chatarukka,ꯆꯇꯥꯛꯄꯛꯛ
bhasin,ꯚꯥꯤꯤꯟ
miyambu,ꯃꯤꯌꯥꯝꯕꯨꯨꯨ
savita,ꯁꯥꯚꯇ
faaraba,ꯐꯥꯔꯕ
burnett,ꯕꯨꯔꯦꯇꯠ
ngangnarakliba,ꯉꯥꯡꯅꯛꯔꯤꯕ
angangsingda,ꯑꯉꯥꯡꯁꯡꯁꯤꯡꯗ
ware,ꯋꯥꯔꯦ
banda,ꯕꯥꯟꯗ
saruksi,ꯁꯔꯛꯅꯁꯤ
mariphumangaa,ꯃꯔꯤꯐꯨꯃꯉꯣ
barbuda,ꯕꯔꯔꯗ
seed,ꯁꯦꯗ
oswal,ꯑꯣꯁꯥꯂꯜ
kharadagi,ꯈꯔꯗꯒꯤ
khudakki,ꯈꯨꯗꯥꯛꯀꯤ
ngangoi,ꯉꯉꯣꯢ
thaafam,ꯊꯥꯐꯝ
chenthakhiba,ꯆꯦꯟꯊꯈꯈꯤꯕ
mihutsing,ꯃꯤꯍꯨꯁꯁꯤꯡꯡ
faare,ꯐꯥꯔꯦ
aizawl,ꯑꯏꯍꯚꯦꯜ
inthokkhi,ꯏꯟꯊꯣꯛꯈꯤ
nung,ꯅꯨꯡ
fuentes,ꯐꯨꯟꯁꯦꯠꯁ
mercado,ꯃꯦꯔꯥꯣꯣ
hicks,ꯍꯤꯛꯁ
lairenjam,ꯂꯥꯢꯔꯦꯟꯐꯝ
lampakka,ꯂꯝꯄꯥꯛꯇ
statesingda,ꯁ꯭ꯇꯦꯁꯁꯤꯡꯗ
mangan,ꯃꯉꯥꯟ
sirca,ꯁꯤꯔꯤ
timken,ꯇꯤꯝꯀꯦꯟ
chingdongi,ꯆꯤꯡꯗꯣꯒꯤ
mcmahon,ꯃꯦꯃꯥꯍꯣꯟ
kaalraatri,ꯀꯥꯜꯀꯔꯔꯇꯤ
thouramda,ꯊꯧꯔꯝꯗ
vegas,ꯚꯤꯖꯁ
chingsinnaba,ꯆꯤꯡꯁꯤꯟꯅꯕ
reach,ꯔꯤꯁ
leach,ꯂꯦꯛ
reed,ꯔꯦꯗ
wangngi,ꯋꯥꯡꯉꯤ
akzo,ꯑꯈꯣ
kayaga,ꯀꯌꯥꯒ
imphaldagi,ꯏꯝꯐꯥꯜꯗꯒꯤ
chandrapur,ꯆꯟꯟꯗ꯭ꯔꯣ
chaathaang,ꯆꯥꯊꯪ
pali,ꯄꯥꯂꯤ
aphaba,ꯑꯐꯕꯕ
yaannanaba,ꯌꯥꯟꯅꯕꯕ
sabha,ꯁꯜꯗ
saafaba,ꯁꯥꯕ
mami,ꯃꯃꯤ
whittier,ꯋ꯭ꯂꯤꯇꯤꯌ꯭ꯔꯔ
mayaamda,ꯃꯌꯥꯝꯗ
haynes,ꯍꯥꯅꯦꯁ
sembi,ꯁꯦꯝꯕꯤ
ridge,ꯔꯤꯗꯒꯦ
gurnani,ꯖꯨꯔꯥꯅꯅꯤ
thangchahanpa,ꯊꯥꯡꯆꯥꯟꯄ
paoselnapa,ꯄꯥꯎꯁꯦꯞꯄ
terry,ꯇꯦꯔꯤ
khongtekcham,ꯈꯣꯡꯊꯦꯈꯦꯝ
dejesus,ꯗꯦꯖꯦꯁ
langthabal,ꯂꯥꯡꯊꯜꯂ
anidu,ꯑꯅꯤꯗꯨ
thaadokpagi,ꯊꯥꯗꯣꯛꯄꯒꯤ
ningshingba,ꯅꯤꯡꯁꯤꯡꯕ
thokkhibagini,ꯊꯣꯛꯈꯤꯕꯅꯤꯤꯤ
fasteners,ꯐꯥꯦꯇꯦꯁꯁꯁ
islands,ꯏꯂꯥꯜꯅꯅꯁ
amreli,ꯑꯦꯔꯦꯜꯤ
chakhanba,ꯆꯥꯍꯟꯅꯕ
khada,ꯈꯗꯥ
raillambi,ꯔꯥꯜꯂꯝꯕꯤ
chakrida,ꯆꯥꯔꯤꯗ
swaraj,ꯁ꯭ꯀꯥꯔꯖꯥ
kang,ꯀꯪ
kokomo,ꯀꯣꯀꯣꯝꯣꯣ
phalodi,ꯐꯥꯂꯣꯗꯤ
orange,ꯑꯣꯔꯥꯉꯦ
piramlaga,ꯄꯤꯔꯝꯂꯥꯒ
gaines,ꯒꯥꯢꯅꯦꯁ
leipham,ꯂꯩꯐꯝ
kourabasinggi,ꯀꯧꯔꯥꯕꯁꯤꯒꯤ
chang,ꯆꯪ
saphagadaba,ꯁꯥꯕꯗ
chaangdamnaba,ꯆꯥꯡꯗꯝꯅꯕ
bipin,ꯕꯤꯄꯤꯟ
gujarat,ꯖꯨꯖꯔꯥꯠ
tirupati,ꯇꯤꯔꯨꯇꯇꯤ
jagdalpur,ꯖꯥꯗꯥꯄ꯭ꯔꯥꯄꯔ
sciences,ꯁꯦꯦꯦꯦꯦꯁꯦ
cantu,ꯀꯥꯟꯇꯨ
knoxville,ꯀ꯭ꯀꯤꯛꯆꯦꯔꯦꯛꯁꯦ
nongthrei,ꯅꯣꯡꯊ꯭ꯔꯤ
missouri,ꯃꯤꯁꯨꯔꯤ
pujaa,ꯄꯨꯖꯥ
tanglaba,ꯇꯥꯡꯂꯕ
adhaulia,ꯑꯗꯥꯂꯤꯌꯥ
yamala,ꯌꯥꯃꯜ
lamkoiba,ꯂꯝꯀꯣꯢꯕ
ipak,ꯏꯄꯛ
crore,ꯔꯣꯔꯦ
himatsingka,ꯍꯤꯃꯥꯛꯇꯁꯤꯡ
semsaba,ꯁꯦꯝꯁꯥꯕ
das,ꯗꯁꯥ
koktuna,ꯀꯣꯛꯇꯨꯅꯅ
koina,ꯀꯣꯢꯅꯥ
laappada,ꯂꯥꯞꯄꯗ
waangkhatpa,ꯋꯥꯡꯈꯠꯄ
hangnade,ꯍꯥꯡꯗꯦ
beaverton,ꯕꯦꯇꯦꯔꯣꯟ
saayongi,ꯁꯥꯌꯣꯟꯒꯤ
shekhar,ꯁꯦꯈꯔꯔ
tel,ꯇꯦꯜ
ogden,ꯑꯣꯖꯦꯟ
nambana,ꯅꯝꯕꯅ
ingpa,ꯏꯪꯄꯥ
keisumsangda,ꯀꯩꯁꯝꯁꯡꯡꯗ
chingna,ꯆꯤꯡꯅ
mastek,ꯃꯁꯦꯠ
awatapa,ꯋꯋꯥꯄ
sweden,ꯁ꯭ꯦꯦꯦꯦꯦꯦꯟ
rawat,ꯔꯋꯥꯠ
nainital,ꯅꯥꯢꯇꯤꯇꯜ
barnstable,ꯕꯔꯔꯁꯇꯦꯇꯦ
mityengfam,ꯃꯤꯠꯦꯤꯡꯐꯝ
sangsalol,ꯁꯥꯡꯁꯥꯂꯣꯜ
belarus,ꯕꯦꯂꯥꯃꯨꯔ
pangli,ꯄꯪꯂꯤ
habra,ꯍꯥꯔ꯭
pakchaobadagini,ꯄꯥꯛꯆꯥꯎꯗꯅꯤ
silva,ꯁꯤꯜꯕꯥ
mosley,ꯃꯣꯁꯦꯌꯌ
yaoraktringeida,ꯌꯥꯎꯔꯛꯄꯇꯤꯡꯁꯤ
waykos,ꯋꯥꯀꯣꯁꯁ
thadoklamlaga,ꯊꯥꯗꯣꯛꯂꯒ
development,ꯗꯦꯚꯣꯂꯦꯌꯦꯠ
fry,ꯐ꯭ꯔꯥ
mariphu,ꯃꯔꯤꯞ
resham,ꯔꯤꯁꯝ
french,ꯐ꯭ꯟꯆꯦ
nadiad,ꯅꯗꯤꯗꯥ
kabulna,ꯀꯥꯕꯨꯜꯅ
kochi,ꯀꯣꯆꯤ
ashini,ꯑꯁꯤꯅꯤ
salaichaasingga,ꯁꯂꯥꯢꯆꯥꯁꯁꯤꯡꯡꯒ
eden,ꯏꯦꯦꯟ
petersburg,ꯄꯦꯇꯦꯔꯇꯁ
toubro,ꯇꯧꯕꯣꯔ
shawnee,ꯁꯥꯇꯦ
chaannana,ꯆꯥꯟꯅ
bryant,ꯕ꯭ꯔꯦꯇꯇꯠ
shakei,ꯁꯥꯀꯩ
sultanpur,ꯁꯨꯞꯇꯅꯔꯄꯔ
ebadubu,ꯏꯗꯕꯕꯨꯠ
bhojpur,ꯕꯣꯖꯔꯨꯔ
kanna,ꯀꯟꯅ
cheriti,ꯆꯦꯔꯤꯇꯤ
fahanli,ꯐꯍꯂꯟꯂꯤ
foley,ꯐꯣꯂꯦꯌ
wood,ꯋꯣꯑꯗ
barbera,ꯕꯔꯦꯔꯔ
nagaland,ꯅꯥꯒꯜꯗ
eliad,ꯏꯂꯤꯌꯥꯗ
machaaki,ꯃꯆꯥꯀꯤ
thouraba,ꯊꯧꯔꯕ
amamam,ꯑꯃꯃꯝ
gayatri,ꯒꯥꯌꯔꯇꯔꯔꯤ
sharu,ꯁꯔꯨ
shada,ꯁꯗꯥ
anal,ꯑꯅꯥꯜ
forge,ꯐꯣꯔꯦ
loktak,ꯂꯣꯛꯇꯥꯛ
strongsville,ꯁ꯭ꯔꯣꯛꯇꯦꯜ
kane,ꯀꯅꯦ
maheiroisingna,ꯃꯍꯩꯔꯥꯢꯁꯤꯅ
minungshi,ꯃꯤꯅꯨꯡꯁꯤꯡꯤ
solanki,ꯁꯣꯂꯥꯟꯅꯤ
zunheboto,ꯖꯨꯟꯖꯦꯣꯣ
pambagi,ꯄꯥꯝꯕꯒꯤ
apple,ꯑꯦꯦꯂꯦ
lenexa,ꯂꯦꯅꯦꯛꯅ
phaare,ꯐꯥꯔꯦ
khurumjei,ꯈꯨꯔꯤꯝꯖꯤ
texarkana,ꯇꯦꯛꯀꯔꯁꯅ
mangkaa,ꯃꯪꯀꯥ
carroll,ꯀꯔꯔꯣꯔꯣꯜ
humphutaraataret,ꯍꯨꯝꯐꯨꯇꯔꯥꯔꯦꯇ
budaun,ꯕꯨꯗꯗꯟ
atupu,ꯑꯇꯨꯄꯨ
mamingsingdudi,ꯃꯃꯤꯡꯁꯤꯡꯗꯤ
wagh,ꯋꯥꯍ
bhawani,ꯚꯋꯥꯅꯅꯤ
lusiyaa,ꯂꯨꯌꯤꯌꯥ
powers,ꯄꯣꯔꯦꯔꯁ
thougatpa,ꯊꯧꯒꯥꯞ
lonnachingba,ꯂꯣꯟꯅꯆꯤꯡꯕ
smart,ꯁ꯭ꯔꯥꯇ
palladium,ꯄꯜꯂꯝꯗꯝ
maplewood,ꯃꯦꯂꯦꯗꯣ
yavatmal,ꯌꯥꯕꯠꯇꯣꯜ
ahmadnagar,ꯑꯍꯤꯅꯗꯔꯒꯔ
hills,ꯍꯤꯜꯁ
angoubi,ꯑꯉꯧꯕꯤ
louthoklaga,ꯂꯧꯊꯣꯛꯂꯒ
balram,ꯕꯥꯝꯔꯝ
yengbada,ꯌꯦꯡꯕꯗ
kottayam,ꯀꯣꯠꯇꯥꯃꯝ
bennett,ꯕꯦꯟꯇꯦꯠ
wanghouba,ꯋꯥꯡꯕꯧꯕ
sawyer,ꯁꯋꯦꯔꯔ
assembly,ꯑꯁꯦꯦꯂꯝꯌꯤ
jalor,ꯖꯂꯣꯔꯔ
yanam,ꯌꯥꯅꯝ
he,ꯍꯥ
akolkar,ꯑꯀꯣꯛꯀꯔ
piklingeidagi,ꯄꯤꯛꯂꯤꯉꯒꯤ
potter,ꯄꯣꯠꯇꯔ
sintha,ꯁꯤꯟꯊꯥ
jebina,ꯖꯦꯕꯤꯅ
control,ꯀꯣꯟꯇꯣꯔꯣꯜ
sugar,ꯁꯨꯒꯔꯔ
lingkhatli,ꯂꯤꯡꯈꯠꯂꯤ
equipment,ꯏꯔꯧꯄꯃꯝꯇꯟ
twin,ꯇꯤꯌꯤꯟ
taanbada,ꯇꯥꯟꯗꯗ
nongchenpam,ꯅꯣꯡꯆꯦꯟꯐꯝ
meza,ꯃꯦꯓ
pakthokpa,ꯄꯥꯛꯊꯣꯛꯄ
machani,ꯃꯆꯥꯅꯤ
charangpat,ꯆꯥꯔꯥꯇꯠ
nahasing,ꯅꯥꯍꯥꯁꯤꯡ
houjiksu,ꯍꯧꯖꯤꯛꯁꯨ
shoreline,ꯁꯣꯔꯦꯂꯦꯟ
anganba,ꯑꯉꯥꯟꯕ
ningthem,ꯅꯤꯡꯊꯦꯝ
rhodes,ꯔꯣꯗꯁꯁ
feijom,ꯐꯩꯖꯣꯝ
behuria,ꯕꯦꯍ꯭ꯔꯤꯌꯥ
kar,ꯀꯔ
ithel,ꯏꯊꯦꯜ
bernardino,ꯕꯦꯔꯥꯔꯗꯅꯅ
square,ꯁꯤꯋꯔꯦ
movers,ꯃꯣꯚꯦꯔ
varun,ꯚꯥꯔꯨꯟ
lairen,ꯂꯥꯢꯔꯦꯟ
madden,ꯃꯥꯗꯦꯟ
laifao,ꯂꯥꯢꯐꯐꯥ
matsya,ꯃꯇꯤꯌꯥ
pandabha,ꯄꯥꯟꯥꯕ
bulandshahr,ꯕꯨꯂꯥꯟꯟꯗꯔꯦ
waithungminnakhi,ꯋꯥꯢꯊꯪꯈꯤꯤꯅꯤ
phangde,ꯐꯥꯡꯗꯦ
charlottesville,ꯆꯔꯔꯦꯇꯦ
eros,ꯏꯔꯣꯛꯁ
brentwood,ꯕ꯭ꯔꯦꯠꯇꯣꯗ
fontana,ꯐꯣꯟꯇꯅ
kunthraataret,ꯀꯨꯟꯊ꯭ꯇꯔꯇꯦꯔꯥꯠ
sidokpa,ꯁꯤꯗꯣꯛꯄ
firal,ꯐꯤꯔꯜ
rohtak,ꯔꯣꯠꯊꯛꯛ
thaajajaba,ꯊꯥꯖꯖꯕ
paak,ꯄꯥꯛ
laakpadagi,ꯂꯥꯛꯄꯗꯒꯤ
faoduna,ꯐꯥꯎꯗꯨꯅ
lonbu,ꯂꯣꯟꯕꯨ
gurdaspur,ꯖꯨꯔꯔꯁꯨꯁ
kangleichaa,ꯀꯪꯂꯩꯆꯥ
anou,ꯑꯅꯣ
buildcon,ꯕꯨꯜꯗꯣꯟ
ojha,ꯑꯣꯖꯥ
snow,ꯁ꯭ꯋꯧꯚꯣ
kayaana,ꯀꯥꯅꯥ
navkar,ꯅꯔꯥꯔꯔꯁ
artemis,ꯑꯥꯔꯃꯃꯁꯤ
loubasu,ꯂꯧꯕꯁꯨ
bijandogi,ꯕꯤꯖꯥꯡꯗꯒꯤ
oirakpa,ꯑꯣꯢꯔꯛꯄꯥ
thalon,ꯊꯥꯂꯣꯟ
anishuba,ꯑꯅꯤꯕꯨꯅ
fine,ꯐꯤꯅꯦ
laphoidagi,ꯂꯥꯐꯣꯢꯗꯒꯤ
dhaulakhandi,ꯙꯥꯂꯟꯗꯤ
kaang,ꯀꯥꯡ
ningthouja,ꯅꯤꯡꯊꯧ
montclair,ꯃꯣꯟꯇꯣꯔꯤ
bhaskar,ꯚꯥꯀꯔ
sak,ꯁꯛ
dronacharya,ꯗ꯭ꯔꯦꯟꯅꯥꯥꯥ
kayaamaromda,ꯀꯌꯥꯃꯃꯝꯗꯨ
mandal,ꯃꯟꯗꯥꯜ
basirhat,ꯕꯥꯖꯤꯇ꯭
sayangsinggi,ꯁꯌꯥꯡꯁꯤꯡꯒꯤ
aggarwal,ꯑꯒꯥꯔꯥꯜ
hainadi,ꯍꯥꯢꯅꯗꯤ
novato,ꯅꯣꯚꯥ
saruktana,ꯁꯔꯨꯛꯇꯅ
hess,ꯍꯦꯁꯁ
waangkhatlakkhi,ꯋꯥꯡꯈꯠꯈꯤꯈ
madhubani,ꯃꯙꯨꯕꯅꯤ
ortiz,ꯑꯣꯔꯤꯇꯤꯌꯤꯑꯌ
baxter,ꯕꯥꯦꯇꯔ
midwest,ꯃꯤꯗ꯭ꯁꯇ꯭ꯌꯦꯠ
vijayapura,ꯚꯤꯖꯥꯐꯥꯔꯥ
nischal,ꯅꯤꯁꯜ
naanabagi,ꯅꯥꯅꯕꯒꯤ
morgan,ꯃꯣꯔꯥꯟ
shanthi,ꯁꯟꯊꯤ
lalpicha,ꯂꯥꯜꯄꯤꯤꯆ
yucaipa,ꯌꯨꯀꯥꯢꯀꯥꯄ
medizensar,ꯃꯦꯗꯦꯗꯤꯁ
mairel,ꯃꯥꯔꯦꯜ
awaafam,ꯑꯋꯥꯐꯝ
taplabadi,ꯇꯞꯄꯕꯗꯤ
romeda,ꯔꯣꯃꯗ
ngaakthoki,ꯉꯥꯛꯊꯣꯛꯀꯤ
maangte,ꯃꯥꯡꯇꯦ
hayengla,ꯍꯥꯌꯦꯡꯂꯥ
lepte,ꯂꯦꯞꯇꯦ
romeoville,ꯔꯣꯃꯦꯂꯜꯂꯦ
jenon,ꯖꯦꯅꯣꯟ
gtpl,ꯒꯦꯠꯄ
passaic,ꯄꯥꯁꯥꯛꯄ
waarinachingbasinggi,ꯋꯥꯔꯤꯟꯆꯆꯤꯁꯁꯤꯡꯕꯤꯒꯤ
sirohi,ꯁꯤꯔꯤ
mapaal,ꯃꯄꯥꯜ
kalki,ꯀꯜꯜꯀꯤ
mainpuri,ꯃꯥꯢꯄ꯭ꯔꯔꯤ
amblikani,ꯑꯦꯝꯕꯤꯛꯀꯤꯅꯤ
alwar,ꯑꯜꯋꯔꯥ
khundaba,ꯈꯨꯟꯗꯕ
thiruvananthapuram,ꯊꯤꯔꯦꯟꯕꯤꯟꯅꯥꯐꯝ
sintaknabi,ꯁꯤꯟꯇꯥꯛꯕꯤ
titagarh,ꯇꯤꯇꯥꯈꯔ
mandarin,ꯃꯟꯗꯔꯅꯤꯤ
pithaki,ꯄꯤꯊꯥꯛꯤ
putta,ꯄꯨꯇꯇ
savita,ꯁꯥꯇꯇ
ethel,ꯏꯊꯦꯜ
umba,ꯎꯝꯕ
lithiumgi,ꯂꯤꯊꯧꯃꯝꯒꯤ
maharashtra,ꯃꯍꯔꯁꯥꯇꯔ
pulap,ꯄꯨꯂꯥꯞ
abkhaziada,ꯑꯕꯈꯦꯤꯗ
leitrabi,ꯂꯩꯇ꯭ꯔꯕꯤ
houjikna,ꯍꯧꯖꯤꯟ
carpentersville,ꯀꯔꯔꯦꯦꯦꯅꯦꯁꯦ
ayers,ꯑꯌꯦꯔꯁꯁ
nungsirei,ꯅꯨꯡꯁꯤꯔꯩ
puwarisi,ꯄꯨꯔꯥꯔꯤꯤ
kayamarom,ꯀꯌꯥꯃꯃꯔꯝ
animak,ꯑꯅꯤꯃꯛ
dial,ꯗꯤꯑꯥꯜ
sangsaalol,ꯁꯪꯁꯥꯂꯣꯜ
waaheiparengsing,ꯋꯥꯍꯩꯦꯦꯟꯁꯦꯡꯤꯡ
cortes,ꯀꯣꯔꯇꯁ
uttarakhand,ꯎꯠꯊꯛꯈꯔꯟꯗ
yaaduna,ꯌꯥꯗꯨꯅ
lewisville,ꯂꯦꯋꯤꯁꯂꯤꯂꯦ
yaduna,ꯌꯥꯗꯨꯅ
paakthokpana,ꯄꯥꯛꯊꯣꯛꯅ
halebid,ꯍꯂꯦꯕꯗꯤ
pannaraga,ꯄꯥꯟꯅꯔꯒ
phylumni,ꯐꯤꯂꯝꯝꯤꯅꯤ
ananki,ꯑꯅꯅꯀꯀꯤ
palli,ꯄꯥꯂꯤ
fangkhibadugi,ꯐꯪꯈꯤꯕꯗꯒ
manaonupi,ꯃꯅꯥꯎꯅꯤꯄ
waheiparengsing,ꯋꯥꯍꯩꯄꯦꯔꯤꯡꯁꯤꯡ
denver,ꯗꯦꯟꯗ꯭ꯔꯦ
yaade,ꯌꯥꯗꯦ
leirang,ꯂꯩꯔꯪ
shurungni,ꯁꯨꯔꯨꯡꯅꯤ
hiramda,ꯍꯤꯔꯝꯗ
silvassa,ꯁꯤꯜꯁꯕ
palo,ꯄꯥꯂꯣ
linariba,ꯂꯤꯅꯔꯔꯤꯕ
vizianagaram,ꯚꯤꯖꯤꯅꯥꯔꯝ
lonnabada,ꯂꯣꯟꯅꯗ
ngaoraga,ꯉꯥꯎꯔꯒ
rusian,ꯔꯨꯁꯤꯟꯁ
asahi,ꯑꯁꯍꯤ
laichinglempigi,ꯂꯥꯢꯈꯤꯡꯂꯝꯝꯒꯒꯤ
claire,ꯀꯦꯔꯤꯌꯦ
booth,ꯕꯣꯊꯊꯦꯠ
contracts,ꯀꯣꯟꯇ꯭ꯔꯁꯁ
sambhal,ꯁꯝꯍꯜ
shoes,ꯁꯧꯁ
taankhibana,ꯇꯥꯈꯈꯤꯕꯅ
thadoktuna,ꯊꯥꯗꯣꯛꯇꯨ
pangduna,ꯄꯪꯗꯨꯅ
damoh,ꯗꯥꯍꯣꯣ
laatpaki,ꯂꯥꯇꯛꯛꯀꯤ
kavi,ꯀꯥꯕꯤ
moradabad,ꯃꯣꯔꯗꯗꯕꯗ
mandi,ꯃꯟꯗꯤ
nathdwara,ꯅꯠꯗ꯭ꯔꯥ
sasidharan,ꯁꯥꯖꯤꯗꯔꯥꯟ
ongani,ꯑꯣꯟꯒꯅꯤ
khuyum,ꯈꯨꯌꯨꯝ
communications,ꯀꯣꯃꯦꯟꯅꯦꯁꯁꯤ
chakma,ꯆꯥꯃ
chitranshi,ꯆꯤꯠꯇ꯭ꯔꯥꯟꯁꯤ
panggalbagi,ꯄꯥꯡꯒꯜꯂꯒꯤ
haute,ꯍꯥꯇꯦꯠ
turen,ꯇꯨꯔꯦꯟ
haijei,ꯍꯥꯢꯖꯩ
tiruchchirappalli,ꯇꯤꯔꯨꯐꯤꯔꯂꯨꯝꯅꯤ
jagaragallu,ꯖꯥꯒꯥꯔꯂꯝ
novak,ꯅꯣꯔꯥꯛ
remains,ꯔꯦꯃꯥꯃꯤꯟꯁ
ouria,ꯑꯧꯔꯥꯌꯥ
saknakhi,ꯁꯥꯛꯈꯤ
biotec,ꯕꯤꯑꯣꯛꯠ
dudeja,ꯗꯨꯗꯦꯗ
porwal,ꯄꯣꯔꯥꯥꯋꯥꯜ
eagan,ꯏꯥꯥꯒꯟ
shores,ꯁꯣꯔꯦꯁ
mayoknaba,ꯃꯌꯣꯛꯅꯕ
gudepu,ꯖꯨꯗꯗꯦ
kalidas,ꯀꯥꯂꯤꯗꯁ
khuman,ꯈꯨꯃꯅ
haor,ꯍꯥꯎꯔ
ekha,ꯏꯈꯥ
kayamarumna,ꯀꯌꯥꯃꯔꯝꯨꯅ
gould,ꯒꯧꯗ
lonsingdudi,ꯂꯣꯟꯁꯤꯡꯗꯨ
hinton,ꯍꯤꯟꯇꯣꯟ
koubi,ꯀꯧꯕꯤ
epakachouba,ꯏꯄꯥꯎꯆꯣꯝꯕ
kerr,ꯀꯦꯔꯔ
imarat,ꯏꯔꯥꯇꯠ
hankhibagi,ꯍꯥꯈꯤꯟꯕꯒꯤ
thapaalongi,ꯊꯥꯄꯥꯂꯣꯟꯒꯤ
health,ꯍꯦꯞꯊꯦ
peel,ꯄꯤꯜ
hans,ꯍꯥꯟꯁ
neongi,ꯅꯦꯑꯣꯡꯒꯤ
felipe,ꯐꯦꯂꯤꯄꯦ
hourakliba,ꯍꯧꯔꯛꯂꯤꯕ
yektuna,ꯌꯦꯛꯇꯨꯅ
kansal,ꯀꯟꯁꯥꯜ
setpi,ꯁꯦꯠꯄꯤ
urbandale,ꯌꯨꯔꯖꯦꯦ
longganga,ꯂꯣꯡꯒꯥꯡ
ishing,ꯏꯁꯤꯡ
manunggi,ꯃꯅꯨꯡꯒꯤ
morepen,ꯃꯣꯔꯦꯄꯦꯟ
nizamabad,ꯅꯤꯖꯥꯗꯕ
sahu,ꯁꯥꯍꯨ
ulhasnagar,ꯎꯍꯚꯁꯤꯔꯥꯁ
lusiya,ꯂꯨꯌꯤꯌꯥ
raichur,ꯔꯥꯢꯊꯨꯔ
rewari,ꯔꯦꯋꯥꯔꯤ
phabagi,ꯐꯕꯒꯤ
sitising,ꯁꯤꯇꯤꯁꯤꯡ
kelly,ꯀꯦꯜꯂꯤ
sebastian,ꯁꯦꯕꯥꯔꯦꯟꯅꯤ
khullaakpani,ꯈꯨꯜꯂꯛꯄꯅꯤ
solapur,ꯁꯣꯄꯥꯔꯔꯨ
madikeri,ꯃꯤꯗ꯭ꯔꯤꯀꯔꯤ
shivamogga,ꯁꯤꯕꯥꯥꯣ
vaish,ꯚꯥꯢꯁ
sasan,ꯁꯁꯥꯟ
nashik,ꯅꯥꯤꯁ
yengsinba,ꯌꯦꯡꯁꯤꯟꯕ
labs,ꯂꯥꯕꯁ
shalimar,ꯁꯂꯤꯃꯁꯤꯌꯔ
ayodhya,ꯑꯌꯣꯌꯗꯥ
rajapalayam,ꯔꯥꯖꯥꯐꯝ
jay,ꯖꯥꯌ
ngaohanbagi,ꯉꯥꯍꯍꯡꯕꯒꯤ
churaachaanna,ꯆꯨꯔꯥꯟꯆꯅꯥ
etawah,ꯏꯇꯋꯋꯥ
lishaang,ꯂꯤꯡꯁꯥ
jadhav,ꯖꯥꯗꯚꯔ
phoureima,ꯐꯧꯔꯩ
mityengpham,ꯃꯤꯠꯦꯐꯝ
organic,ꯑꯣꯔꯥꯅꯁꯛꯁꯤ
khagokpam,ꯈꯥꯒꯣꯢꯄꯝ
chicopee,ꯆꯤꯀꯣꯄ
jambawan,ꯖꯝꯕꯔꯣꯟ
agrada,ꯑꯔꯗꯗ
pradeshta,ꯄ꯭ꯗꯦꯁꯇ
ewanglon,ꯏꯋꯥꯉꯂꯣꯟ
vilas,ꯚꯤꯂꯥꯁ
thouninarammi,ꯊꯧꯅꯤꯅꯔꯝꯝꯤ
taklamba,ꯇꯥꯛꯂꯝꯕ
saknairaba,ꯁꯥꯀꯔꯅꯤꯕ
prince,ꯄ꯭ꯔꯤꯄꯦꯟ
tyler,ꯇꯤꯂꯦꯔꯤ
yanaba,ꯌꯥꯅꯕ
aartifek,ꯑꯥꯔꯇꯛꯄꯛ
laishangsinggi,ꯂꯥꯢꯁꯪꯁꯤꯡꯒꯤ
paannaraga,ꯄꯥꯟꯅꯔꯔꯒ
walnut,ꯋꯥꯜꯅꯨꯇ
nayak,ꯅꯥꯌꯛ
sikarwar,ꯁꯤꯀꯥꯛꯔꯔ
maikeigasu,ꯃꯥꯢꯉꯩ
lappada,ꯂꯥꯞꯄꯗ
wangkhatpa,ꯋꯥꯡꯈꯠꯄ
nath,ꯅꯊꯠ
laphoisi,ꯂꯥꯐꯣꯢꯁꯤ
moody,ꯃꯣꯑꯣꯢꯅꯤ
mahavidya,ꯃꯍꯥꯌꯤꯗ
lunglei,ꯂꯨꯡꯂꯩ
hawthorne,ꯍꯥꯊꯣꯟꯔꯦ
priyadarshi,ꯄ꯭ꯔꯥꯁꯤꯁꯤ
tools,ꯇꯣꯠꯁꯠ
saruksingda,ꯁꯔꯨꯛꯁꯤꯡ
infotech,ꯏꯟꯐꯧꯈ
bharat,ꯚꯔꯥꯠ
thaajanabi,ꯊꯥꯖꯅꯕꯤ
lily,ꯂꯤꯂꯤꯌꯤ
merta,ꯃꯦꯔꯥ
ising,ꯏꯁꯪ
maxina,ꯃꯀꯤꯅ
channana,ꯆꯟꯅꯅ
syngene,ꯁꯤꯡꯅꯦ
santa,ꯁꯟꯇ
thingkhiba,ꯊꯤꯡꯈꯤꯕ
carpentersville,ꯀꯦꯔꯦꯟꯦꯔꯑꯦꯠꯂꯦ
egypt,ꯏꯖꯤꯠ
luhonggadouribina,ꯂꯨꯍꯣꯡꯈꯣꯗꯗꯉꯅꯅꯨꯕꯅ
purinaraga,ꯄꯨꯔꯤꯔꯥꯉꯥ
sacramento,ꯁꯁꯇꯔꯇꯣꯣꯅ
khunsigi,ꯈꯨꯟꯁꯤꯒꯤ
naoriya,ꯅꯥꯎꯔꯤꯌꯥ
sudanga,ꯁꯨꯗꯗꯒꯟ
charong,ꯆꯥꯔꯣꯡ
khongchangloi,ꯈꯣꯡꯆꯥꯂꯣꯢ
sennaba,ꯁꯦꯟꯅꯕ
wipro,ꯋꯤꯄ꯭ꯔꯣ
wa,ꯋꯥ
ngaangkhaleima,ꯉꯥꯡꯈꯩꯊꯩꯃꯃ
kharada,ꯈꯔꯗꯗ
pallamba,ꯄꯥꯜꯂꯝꯕ
gowa,ꯒꯣꯋꯥ
haktaktaki,ꯍꯥꯛꯇꯥꯛꯀꯤ
khenchonglongi,ꯈꯦꯟꯆꯣꯡꯂꯤ
hamirpur,ꯍꯥꯃ꯭ꯔꯨꯔ
archaeological,ꯑꯥꯔꯥꯎꯄꯦꯜꯂꯤ
garud,ꯚꯔꯨꯗ
technoplast,ꯇꯦꯛꯈꯣꯟꯇꯦꯁ
ahanpa,ꯑꯍꯥꯟꯄ
paabadani,ꯄꯥꯕꯕꯅꯤ
singh,ꯁꯤꯡꯊ
kalamazoo,ꯀꯂꯥꯃꯥ
linda,ꯂꯤꯟꯗ
yoimongba,ꯌꯣꯢꯃꯣꯡꯕ
kheipik,ꯈꯩꯄꯤ
dharmshala,ꯙꯥꯔꯜꯂ
moines,ꯃꯣꯢꯅꯦ
leingakta,ꯂꯩꯉꯥꯛꯇꯇ
konthoucham,ꯀꯣꯟꯊꯧꯐꯝꯝ
chaobasi,ꯆꯥꯎꯕꯁꯤ
kolte,ꯀꯣꯜꯇꯦ
paamchate,ꯄꯥꯝꯈꯠ
avery,ꯑꯚꯦꯔꯤ
phaorabadi,ꯐꯥꯎꯔꯕꯗꯤ
kappa,ꯀꯞꯄ
lirambadagi,ꯂꯤꯔꯝꯕꯒꯤ
sarangpur,ꯁꯔꯥꯄꯥꯛꯔꯨ
nizamat,ꯅꯤꯌꯥꯝ
napa,ꯅꯥꯄ
coimbatore,ꯀꯦꯢꯕꯔꯔꯦꯔꯦ
phaahanli,ꯐꯥꯍꯜꯂꯤ
hapnaba,ꯍꯥꯞꯅꯕ
montgomery,ꯃꯣꯟꯇꯣꯔꯤꯌꯤ
phoenix,ꯐꯣꯅꯤꯛ
haangdokkhi,ꯍꯥꯡꯗꯣꯛꯈꯤ
worth,ꯋꯣꯔꯦꯠ
apcotex,ꯑꯦꯄꯦꯟꯁꯤꯇ
waachetmaanbi,ꯋꯥꯆꯦꯝꯦꯝꯕꯤꯅꯤ
paamjaba,ꯄꯥꯝꯖꯕ
wangkhi,ꯋꯥꯈꯈꯤ
sikkimese,ꯁꯤꯀꯤꯝꯁꯤ
fabulous,ꯐꯥꯕꯨꯁꯁꯁ
mcmillan,ꯃꯦꯀꯤꯂꯤꯟꯂ
lanleima,ꯂꯥꯟꯂꯩꯃ
saluk,ꯁꯥꯀꯛ
utlammi,ꯌꯠꯂꯝꯃꯤ
bush,ꯕꯨꯁ
movers,ꯃꯣꯚꯔꯁ
innovation,ꯏꯟꯅ꯭ꯟꯇꯣꯅꯅꯤ
kulkarni,ꯀꯨꯜꯀꯔꯅꯤ
shadai,ꯁꯗꯗꯤ
new,ꯅꯦꯋꯣ
barry,ꯕꯔꯔꯤꯌꯥ
khatoon,ꯈꯥꯇꯣꯟ
kullu,ꯀꯨꯜꯂꯨ
mclaughlin,ꯃꯦꯄꯂꯜꯂꯤ
yumsaalon,ꯌꯨꯝꯁꯥꯎꯍꯣꯟ
thengnabani,ꯊꯦꯡꯅꯕꯅꯤ
samarjit,ꯁꯃꯃꯥꯢꯇꯥ
manana,ꯃꯅꯅ
aromatics,ꯑꯔꯣꯃꯤꯇꯤꯛꯁ
sarath,ꯁꯔꯥꯠ
rock,ꯔꯣꯛꯀ
singjamei,ꯁꯤꯡꯖꯥꯃꯤ
dabur,ꯗꯥꯕꯔꯔ
kuppa,ꯀꯨꯞꯄ
pakhouba,ꯄꯥꯢꯈꯧꯕ
lainingda,ꯂꯥꯢꯅꯤꯡꯗ
leinaotaabi,ꯂꯩꯅꯥꯟꯇꯇꯤꯕꯤ
praveenchand,ꯄ꯭ꯔꯦꯖꯦꯟꯗꯥ
pembroke,ꯄꯦꯝꯕꯣꯔꯔ
blackburn,ꯕ꯭ꯔꯥꯔꯨꯛꯕꯨꯟ
kumon,ꯀꯨꯃꯣꯟ
leinaotabi,ꯂꯩꯅꯥꯥꯇꯕꯇꯤ
duncanville,ꯗꯨꯟꯀꯟꯟꯦ
lengsinbiraksi,ꯂꯦꯡꯁꯤꯟꯅꯔꯤꯕꯁꯤ
salazar,ꯁꯥꯂꯔꯥ
cables,ꯀꯦꯕꯦꯁꯦ
eshing,ꯏꯁꯤꯡ
laanpung,ꯂꯥꯟꯄꯨꯡ
bhadauriya,ꯚꯗꯗꯔꯥꯥꯔ
malegaon,ꯃꯥꯥꯔꯌꯣꯡ
ramon,ꯔꯥꯃꯣꯟ
rakhecha,ꯔꯥꯈꯆ
awaangdagi,ꯑꯋꯥꯡꯗꯒꯤ
amangshang,ꯑꯃꯥꯡꯁꯪ
ahaanba,ꯑꯍꯥꯟꯕ
gepelina,ꯒꯦꯄꯦꯄꯤꯂꯤꯅ
aloibada,ꯑꯂꯣꯢꯕꯗ
covina,ꯀꯤꯕꯅ
sreeleathers,ꯁꯦꯔꯦꯔꯦꯦꯦꯦꯁꯨ
adugei,ꯑꯨꯒꯩ
duncanville,ꯗꯨꯟꯀꯨꯟꯦꯦꯦꯂꯦ
dinu,ꯗꯤꯅꯨ
brooklyn,ꯕ꯭ꯔꯣꯟꯀꯣꯟ
rampur,ꯔꯝꯄꯨꯔ
imung,ꯏꯅꯨꯡ
aventura,ꯑꯦꯦꯟꯇ꯭ꯔꯥ
thaakhraba,ꯊꯥꯈ꯭ꯔꯕ
richardson,ꯔꯤꯆꯔꯁꯟ
grapevine,ꯔ꯭ꯔꯦꯄꯇꯇꯤ
khanaona,ꯈꯅꯅꯥ
miyengkhaada,ꯃꯤꯌꯦꯡꯈꯥꯗ
alameda,ꯑꯂꯥꯃꯗ
maong,ꯃꯑꯣꯡ
iqbal,ꯏꯥꯕꯜ
gardner,ꯒꯔꯦꯟꯅꯔꯤ
hines,ꯍꯤꯅꯁ
kipgen,ꯀꯤꯡꯦꯦꯟ
yellam,ꯌꯦꯜꯂꯝ
deerfield,ꯗꯤꯔꯦꯤꯐꯦꯜ
leingaklamba,ꯂꯩꯉꯥꯛꯂꯕ
chopra,ꯆꯣꯞꯔ
hanglabadi,ꯍꯪꯂꯕꯗꯤ
hades,ꯍꯗꯦꯦꯁꯦ
russell,ꯔꯨꯁꯦꯜ
purana,ꯄꯨꯔꯅ
burnsville,ꯕꯨꯔꯁꯦꯠꯅꯦ
takli,ꯇꯥꯛꯂꯤ
soma,ꯁꯣꯃ
latli,ꯂꯥꯠꯂꯤ
pidolhalli,ꯄꯤꯗꯣꯜꯈꯤ
golden,ꯒꯣꯜꯗꯦꯟ
miramar,ꯃꯤꯃꯥꯔꯔ
development,ꯗꯦꯇꯦꯂꯣꯟꯦꯇꯠ
kanojia,ꯀꯅꯖꯤꯖꯥ
inunglon,ꯏꯅꯨꯡꯂꯦꯡ
khakempagi,ꯈꯥꯛꯀꯦꯝꯗꯒꯤ
nagoria,ꯅꯥꯒꯣꯔꯤꯌꯥ
hunduna,ꯍꯨꯟꯗꯨꯅꯅ
chada,ꯆꯥꯗ
chandigarh,ꯆꯟꯗ꯭ꯔꯤꯖꯥ
potshangpam,ꯄꯣꯠꯁꯥꯡꯄꯝ
mamangthakta,ꯃꯃꯥꯡꯊꯥꯛꯇ
rabon,ꯔꯥꯕꯣꯟ
jabalpur,ꯖꯥꯕꯥꯔꯥꯔꯦ
lucie,ꯂꯨꯀꯤ
thoujaldagi,ꯊꯧꯖꯥꯜꯗꯒꯤ
narayan,ꯅꯔꯥꯟ
makhoina,ꯃꯈꯣꯢꯅꯥ
bristol,ꯔ꯭ꯔꯤꯁꯣ
patil,ꯄꯥꯇꯂꯜ
maiba,ꯃꯥꯢꯕ
humfunipan,ꯍꯨꯝꯍꯨꯅꯅꯥꯄꯤ
ngaangnarakliba,ꯉꯥꯡꯅꯔꯛꯂꯕꯤ
suman,ꯁꯨꯃꯟ
tubi,ꯇꯨꯕꯤ
aster,ꯑꯁꯇꯦꯔ
puyaasingdadi,ꯄꯨꯌꯥꯡꯗꯗꯤꯡꯗ
stephens,ꯁ꯭ꯦꯦꯦꯦꯦꯦꯦꯦꯁꯁꯁ
registration,ꯔꯤꯔꯤꯁꯇꯤꯁꯣꯟ
ahaanpa,ꯑꯍꯥꯟꯄꯥ
yelhoungeigi,ꯌꯦꯍꯨꯡꯅꯒꯤ
nagarjuna,ꯅꯥꯔꯖꯨꯅꯨ
agarwal,ꯑꯔꯔꯥꯋꯥꯜ
udaipur,ꯎꯗꯥꯢꯄꯔ
artemis,ꯑꯥꯇꯦꯃꯤꯁꯁ
hill,ꯍꯤꯜ
mathews,ꯃꯊꯦꯛꯁ
tougumbasung,ꯇꯧꯒꯨꯝꯕꯁꯡ
thajanabigi,ꯊꯥꯖꯤꯕꯒꯤ
seithai,ꯁꯩꯊꯥꯢ
marumsu,ꯃꯔꯨꯞꯁꯨ
etou,ꯏꯇꯧ
patrick,ꯄꯥꯇꯤꯛ
meghwal,ꯃꯦꯚꯥꯜ
lemlei,ꯂꯦꯝꯂꯩ
lehi,ꯂꯦꯍꯤ
chingshang,ꯆꯤꯡꯁꯪ
khaoda,ꯈꯥꯎꯗ
kaangbuni,ꯀꯥꯡꯕꯨꯅꯤ
saaphaba,ꯁꯥꯐꯕ
sutlej,ꯁꯨꯠꯂꯦꯕ
chaturvedi,ꯆꯇꯨꯔꯦꯔꯦꯗꯤ
miraibai,ꯃꯤꯔꯕꯤꯤ
malik,ꯃꯥꯂꯀꯤꯛ
pham,ꯐꯝ
hakchaangdagi,ꯍꯛꯆꯪꯒꯒꯒꯤ
barwani,ꯕꯔꯥꯢꯅꯤ
fatehpur,ꯐ꯭ꯊꯨꯊꯇꯨꯔ
phone,ꯐꯣꯅꯦ
