heidelbergceat,ꯍꯩꯗꯦꯁꯦꯔꯕꯤꯇꯔ
pakhangpana,ꯄꯥꯈꯪꯄꯅ
likla,ꯂꯤꯛꯂꯥ
famdengba,ꯐꯝꯗꯦꯡꯕ
primavera,ꯄ꯭ꯔꯤꯃꯥꯚꯔꯔꯥ
reading,ꯔꯤꯗꯥꯟ
vista,ꯕꯤꯁꯇ
shamjetshabam,ꯁꯝꯖꯦꯁꯕꯝꯝ
watts,ꯋꯠꯠꯁ
financiers,ꯐꯤꯅꯥꯅꯤꯁ꯭ꯁꯦꯁ
ngangkhaleima,ꯉꯥꯡꯈꯈꯩꯃ
waterbury,ꯋꯥꯇꯦꯔꯔꯕꯤ
ray,ꯔꯥ
phampalda,ꯐꯝꯄꯥꯥꯥꯜ
pollabatungdana,ꯄꯣꯂꯕꯇꯂꯨꯡꯗꯅ
tumukhong,ꯇꯨꯨꯈꯣꯡꯡ
shillong,ꯁꯤꯜꯂꯣꯡ
hillsboro,ꯍꯤꯜꯂꯣꯔꯕꯣ
londada,ꯂꯣꯟꯗꯥ
dubey,ꯗꯨꯕ꯭ꯋ꯭ꯌ
dikshit,ꯗꯤꯛꯁꯤꯠ
mut,ꯃꯨꯠ
hengatlakpa,ꯍꯦꯟꯒꯠꯂꯛꯄ
collins,ꯀꯣꯂꯤꯂꯁꯟ
sanpa,ꯁꯥꯟꯄ
zehra,ꯓꯦꯔꯥ
chahichaadadi,ꯆꯍꯤꯆꯥꯗꯗꯤ
quraishi,ꯀꯨꯔꯥꯁꯤꯤ
challi,ꯆꯜꯂꯤ
arvada,ꯑꯔꯥꯗꯥ
kumari,ꯀꯨꯃꯥꯔꯤ
pambei,ꯄꯥꯝꯕꯩ
sakkhangdaba,ꯁꯛꯈꯪꯗꯕ
adumak,ꯑꯗꯨꯃꯛ
waters,ꯋꯥꯇꯔꯁ
bhattacharya,ꯚꯠꯇꯥꯔ꯭ꯌ
shivamogga,ꯁꯤꯕꯒꯣꯃꯒ
dimasa,ꯗꯤꯃꯥꯥ
firaal,ꯐꯤꯔꯥꯜ
laanngamduna,ꯂꯥꯟꯉꯝꯗꯨꯅ
pumnamakki,ꯄꯨꯝꯅꯃꯛꯀꯤ
medina,ꯃꯦꯗꯤꯅꯥ
mangpa,ꯃꯥꯡꯄ
burleson,ꯕ꯭ꯔꯤꯁꯃꯣꯟ
ngaareima,ꯉꯥꯔꯩꯃ
salka,ꯁꯜꯀ
mirolgi,ꯃꯤꯔꯣꯜꯒꯤ
dahlan,ꯗꯥꯂꯥꯟ
expleo,ꯏꯦꯛꯁꯦꯌꯣ
aibani,ꯑꯏꯕꯅꯤ
guduri,ꯖꯨꯗꯨꯔꯤ
seirangbani,ꯁꯩꯔꯥꯡꯕꯅꯤ
manna,ꯃꯥꯟꯅ
pravesh,ꯄ꯭ꯔꯥꯕꯁ
wave,ꯋꯥꯦ
sengar,ꯁꯦꯡꯔꯥ
rishiraj,ꯔꯤꯁꯔꯤꯖ
laana,ꯂꯥꯅ
telelinks,ꯇꯦꯂꯤꯂꯦꯟꯁ
americada,ꯑꯃꯔꯃꯤꯀꯥꯗ
manungsida,ꯃꯅꯨꯡꯁꯤꯗ
fanglakkhi,ꯐꯪꯂꯈꯈꯤ
plainfield,ꯄꯦꯂꯥꯥꯥꯥꯤꯤꯗꯗ
yambada,ꯌꯥꯝꯕꯗ
ima,ꯏꯃꯥ
sterlite,ꯁ꯭ꯇꯦꯔꯤꯖꯦꯠ
bauer,ꯕꯥꯎꯔ
shankdhar,ꯁꯟꯟꯈ꯭ꯔ
hugli,ꯍꯨꯜꯂꯤ
nemba,ꯅꯦꯝꯕ
rizvi,ꯔꯤꯚꯤꯤ
rafael,ꯔꯐꯦꯜ
niphumapan,ꯅꯤꯐꯨꯃꯥꯄꯟ
enggadabadagi,ꯏꯪꯒꯗꯕꯗꯒꯤ
sasaram,ꯁꯥꯔꯔꯝ
lara,ꯂꯥꯔ
ten,ꯇꯦꯟ
saruk,ꯁꯔꯨꯛ
czech,ꯆꯦꯆ
nag,ꯅꯥꯒ
saada,ꯁꯥꯗ
leiphamna,ꯂꯩꯐꯝꯅ
waareng,ꯋꯥꯔꯦꯡ
mannaramde,ꯃꯥꯟꯅꯔꯝꯗꯦ
asuppa,ꯑꯁꯨꯞꯄ
kakinada,ꯀꯥꯢꯅꯗ
mityeng,ꯃꯤꯠꯌꯦꯡ
moleculesinggi,ꯃꯣꯂꯦꯀꯨꯂꯤꯁꯤꯡꯒꯤ
hathor,ꯍꯥꯊꯣꯔ
kanagumba,ꯀꯥꯒꯥꯝꯕ
kangbagi,ꯀꯪꯕꯒꯤ
semnanaba,ꯁꯦꯝꯅꯅꯕ
milk,ꯃꯤꯜꯛ
humfutaraataret,ꯍꯨꯝꯐꯨꯇꯔꯥꯇꯔꯥꯛ
tolli,ꯇꯣꯜꯂꯤ
chingsinfam,ꯆꯤꯡꯁꯤꯟꯐꯝ
thamphamni,ꯊꯝꯐꯝꯅꯤ
hammond,ꯍꯥꯝꯃꯣꯟꯗ
espinoza,ꯏꯁꯤꯖꯤꯅꯥꯥ
stein,ꯁ꯭ꯇꯦꯟ
chingsang,ꯆꯤꯡꯁꯪ
parag,ꯄꯔꯥꯒ
telheipagi,ꯇꯦꯜꯍꯩꯄꯒꯤ
ayangpa,ꯑꯌꯥꯡꯄ
charei,ꯆꯥꯔꯩ
lampaakta,ꯂꯝꯄꯥꯛꯇ
bhatpara,ꯚꯥꯠꯄꯔ
paotaak,ꯄꯥꯎꯇꯛꯛ
laanjaonachingba,ꯂꯥꯟꯖꯥꯎꯅꯆꯤꯕ
sayreville,ꯁꯔꯤꯦꯜꯂꯦꯜ
duar,ꯗꯥꯔ
malhotra,ꯃꯥꯜꯣꯇ꯭ꯔꯤ
phukpa,ꯐꯨꯛꯄ
greenwood,ꯒ꯭ꯔꯦꯟꯄꯣꯟꯗꯣ
saakei,ꯁꯥꯀꯩ
makhada,ꯃꯈꯥꯗ
siliconegi,ꯁꯤꯂꯤꯀꯦꯟꯒꯤ
gail,ꯒꯥꯜ
shaada,ꯁꯥꯗ
ingraji,ꯏꯪꯒ꯭ꯔꯤ
nerolac,ꯅꯦꯔꯣꯂꯣꯛ
atingkokna,ꯑꯇꯤꯡꯀꯣꯛꯅ
hannagi,ꯍꯥꯟꯅꯒꯤ
montes,ꯃꯣꯟꯇꯦꯁ
keisi,ꯀꯩꯁꯤ
mahadewi,ꯃꯍꯥꯗꯦꯋꯤ
thadok,ꯊꯥꯗꯣꯛ
housing,ꯍꯧꯁꯤꯡ
liklaa,ꯂꯤꯛꯂꯥ
gomashe,ꯒꯣꯃꯥꯁꯦ
kaangpa,ꯀꯥꯡꯄ
seisak,ꯁꯩꯁꯛ
pamnakhiba,ꯄꯥꯝꯅꯈꯤꯕ
kiran,ꯀꯤꯔꯥꯟ
thakhraba,ꯊꯥꯈ꯭ꯔꯕ
heilom,ꯍꯩꯂꯣꯝ
mahaakka,ꯃꯍꯥꯛꯀ
woonsocket,ꯋꯣꯅꯣꯁꯀꯁꯦꯠ
chadana,ꯆꯥꯗꯅ
naoda,ꯅꯥꯎꯗ
meeoiba,ꯃꯤꯑꯣꯢꯕ
mapaapu,ꯃꯄꯥꯄꯨ
thoudam,ꯊꯧꯗꯝ
sithou,ꯁꯤꯊꯧ
shoaib,ꯁꯣꯢꯕ
kamputarna,ꯀꯝꯄꯨꯔꯥꯅ
everett,ꯏꯖꯔꯦꯠꯕꯠ
tezpur,ꯇꯦꯕꯨꯔꯨ
laion,ꯂꯥꯢꯑꯣꯟ
panthoipi,ꯄꯥꯟꯊꯣꯄꯤ
nupaada,ꯅꯨꯄꯥꯗ
humphunipan,ꯍꯨꯝꯐꯨꯅꯤꯄꯥꯟ
rana,ꯔꯥꯅ
design,ꯗꯦꯁꯤꯡ
ganore,ꯒꯥꯅꯣꯦ
hasni,ꯍꯥꯁꯅꯤ
koubagi,ꯀꯧꯕꯒꯤ
lina,ꯂꯤꯅ
tenawaa,ꯇꯦꯅꯥꯥ
washington,ꯋꯥꯁꯤꯡꯇꯣꯟ
tankhibana,ꯇꯥꯟꯈꯤꯕꯅ
amroha,ꯑꯦꯝꯐꯣ
nifu,ꯅꯤꯐꯨ
kayatsingna,ꯀꯌꯥꯠꯁꯤꯡꯅ
yengluba,ꯌꯦꯡꯂꯨꯕ
tokpam,ꯇꯣꯛꯄꯥꯝ
kanglupsigi,ꯀꯥꯡꯂꯨꯞꯁꯤꯒꯤ
khongthaang,ꯈꯣꯡꯊꯥꯡ
til,ꯇꯤꯜ
yumshaalon,ꯌꯨꯝꯁꯥꯂꯣꯟ
bombay,ꯕꯣꯝꯕꯤ
chaadaa,ꯆꯥꯗꯥ
phani,ꯐꯥꯅꯤ
hangdokkhi,ꯍꯥꯡꯗꯣꯛꯈꯤ
bokaro,ꯕꯣꯀꯥꯔꯣꯌ
apakma,ꯑꯄꯛꯃꯥ
mangan,ꯃꯉꯥꯟ
elangbam,ꯏꯂꯥꯡꯕꯝ
odisha,ꯑꯣꯗꯤꯁꯁ
plaines,ꯄꯦꯂꯥꯅꯤꯁ
khunthoklam,ꯈꯨꯟꯊꯣꯛꯂꯝ
nyx,ꯅꯤꯛ
leitaaba,ꯂꯩꯇꯥꯕ
takpani,ꯇꯥꯛꯄꯅꯤ
singhaa,ꯁꯤꯡꯍꯥ
anigi,ꯑꯅꯤꯒꯤ
khaspur,ꯈꯁꯄꯨꯔ
hemet,ꯍꯦꯃꯦꯠ
cruces,ꯀ꯭ꯔꯤꯁ
langdai,ꯂꯥꯡꯗꯥꯢ
repro,ꯔꯦꯞꯑꯣ
safagadaba,ꯁꯥꯐꯗꯕ
communications,ꯀꯃꯣꯟꯅꯤꯤꯌꯁꯁꯁ
yokkhatpa,ꯌꯣꯛꯈꯠꯄ
ketharaga,ꯀꯦꯊꯔꯒ
sangleichaa,ꯁꯪꯂꯩꯆꯥ
miyengkhada,ꯃꯤꯌꯥꯡꯈꯗ
vincent,ꯚꯤꯟꯅꯦꯛ
godhra,ꯒꯣꯙ꯭ꯔꯥ
heblikar,ꯍꯦꯕꯤꯀꯤꯔ
carbogen,ꯀꯥꯔꯖꯦꯕꯣꯟ
charlottesville,ꯆꯥꯇꯇꯦꯂꯤꯂꯂꯤꯇꯦꯕ
marlborough,ꯃꯔꯔꯕꯣꯔꯒꯤ
hurallaga,ꯍꯨꯔꯥꯜꯂꯒ
chaoi,ꯆꯥꯎꯏ
ungduna,ꯎꯪꯗꯨꯅ
moupwada,ꯃꯧꯄ꯭ꯋꯥ
junagadh,ꯖꯨꯅꯥꯗ
theinaba,ꯊꯩꯅꯕ
fouba,ꯐꯧꯕ
shaktakkhi,ꯁꯛꯇꯥꯈꯤ
shennong,ꯁꯦꯟꯅꯣꯡ
idukki,ꯏꯗꯨꯀꯀꯤ
chaahao,ꯆꯥꯎꯥꯎ
malda,ꯃꯥꯜꯗ
mapangi,ꯃꯄꯥꯟꯒꯤ
ochoa,ꯑꯣꯆꯣ
wiliam,ꯋꯤꯂꯤꯌꯝ
accelya,ꯑꯦꯁꯀ꯭ꯂꯤꯌꯥ
mitra,ꯃꯤꯠꯇ꯭ꯔꯥ
bidar,ꯕꯤꯗꯥꯔ
ikhi,ꯏꯈꯥꯢ
ras,ꯔꯥꯁ
protist,ꯄ꯭ꯔꯣꯇꯤꯁꯇ
wareng,ꯋꯥꯔꯦꯡ
bite,ꯕꯤꯇꯦ
sharif,ꯁꯔꯤꯐ
enterprise,ꯑꯦꯟꯇꯦꯔꯤꯌꯣꯔꯤ
burmese,ꯕꯨꯔꯕ꯭ꯁꯦꯁ꯭ꯦꯥ
reilly,ꯔꯩꯂꯤꯜ
ateidi,ꯑꯇꯩꯗꯤ
zuari,ꯓꯨꯋꯥꯔꯤ
kanglupsingbu,ꯀꯥꯡꯂꯨꯞꯁꯤꯡꯕꯨ
nalla,ꯅꯜꯂꯥ
ahoubada,ꯑꯍꯧꯕꯗ
azhar,ꯑꯓꯓ
mohandas,ꯃꯣꯍꯥꯟꯗ
koilaang,ꯀꯣꯢꯂꯥꯡ
grande,ꯒꯥꯟꯗꯦ
kathoktuna,ꯀꯥꯊꯣꯛꯇꯨꯅ
sonnei,ꯁꯣꯟꯅꯩ
sakhenba,ꯁꯥꯛꯍꯟꯕ
evanston,ꯏꯕꯥꯟꯇꯣꯟ
taanbagi,ꯇꯥꯟꯕꯒꯤ
waheibu,ꯋꯥꯍꯩꯕꯨ
baker,ꯕꯥꯀꯦꯔ
uhalli,ꯎꯍꯜꯂꯤ
churu,ꯆꯨꯔꯨ
kulal,ꯀꯨꯂꯜ
kidwai,ꯀꯤꯗꯥꯢ
yangkheinipan,ꯌꯥꯡꯈꯩꯅꯤꯟ
dodson,ꯗꯣꯗꯗꯣꯟ
antioch,ꯑꯦꯟꯇꯤꯎꯆ
phanglakkhi,ꯐꯪꯂꯈꯈꯤ
italydadi,ꯏꯇꯥꯂꯤꯗꯗꯤ
bhramari,ꯚ꯭ꯔꯥꯃꯔꯤ
july,ꯖꯨꯂꯤ
springdale,ꯁ꯭ꯄꯤꯔꯤꯌꯣꯗꯦ
niphumaapan,ꯅꯤꯐꯨꯃꯥꯄꯟ
pittsburg,ꯄꯤꯠꯁꯤꯕꯒꯨ
delhi,ꯗꯦꯜꯍꯤ
kamduna,ꯀꯥꯝꯗꯨꯅ
carlson,ꯀꯥꯔꯣꯣꯜꯁꯟ
kongsang,ꯀꯣꯡꯁꯥꯡ
sayaangsinggi,ꯁꯌꯥꯡꯁꯤꯡꯒꯤ
machaak,ꯃꯆꯥꯛ
gurjar,ꯒꯨꯔꯖꯥ
meelolna,ꯃꯤꯂꯣꯜꯅ
omar,ꯑꯣꯃꯥꯔ
kougadabani,ꯀꯧꯒꯗꯕꯅꯤ
fortis,ꯐꯣꯔꯇꯤꯁ
herman,ꯍꯦꯃꯥꯟ
lim,ꯂꯤꯝ
manju,ꯃꯟꯖꯨ
casey,ꯀꯦꯁꯦ
jews,ꯖ꯭ꯌꯦꯁ
roanoke,ꯔꯣꯅꯥꯎꯣ
rallis,ꯔꯜꯂꯤꯁ
tropical,ꯇ꯭ꯔꯣꯄꯤꯜꯜ
tokhaihallaga,ꯇꯣꯛꯍꯜꯍꯩꯒꯤ
shivpuri,ꯁꯤꯕꯨꯔꯤꯤ
surat,ꯁꯨꯔꯠ
quick,ꯀꯤꯄꯤꯛꯛ
yonthokkhi,ꯌꯣꯟꯊꯣꯛꯈꯤ
loipi,ꯂꯣꯢꯄꯤ
wylie,ꯋꯤꯂꯤꯌ
daha,ꯗꯥꯥ
mioisinggi,ꯃꯤꯑꯣꯢꯁꯤꯡꯒꯤ
waheini,ꯋꯥꯍꯩꯅꯤ
columbia,ꯀꯣꯂꯝꯕꯤ
thengnakhi,ꯊꯦꯡꯅꯈꯤ
phaogatlaklibi,ꯐꯥꯎꯒꯠꯂꯛꯂꯤꯕꯤ
osiris,ꯑꯣꯁꯤꯔꯤꯁ
tidke,ꯇꯤꯗꯀꯦ
mipokpa,ꯃꯤꯄꯣꯛꯄ
barker,ꯕꯔꯀꯦꯔ
yemenda,ꯌꯦꯃꯦꯟꯗ
sonwani,ꯁꯣꯟꯋꯥꯅꯤ
pandam,ꯄꯥꯟꯗꯝ
chandra,ꯆꯥꯟꯗ꯭ꯔ
adugiraane,ꯑꯗꯨꯒ꯭ꯔꯤꯖꯦꯟ
tweets,ꯇ꯭ꯌꯦꯠꯁ
mayeksingbu,ꯃꯌꯦꯛꯁꯤꯡꯕꯨ
thangyikum,ꯊꯥꯡꯤꯤꯌꯀꯨ
chellani,ꯆꯦꯜꯂꯥꯅꯤ
lifestyle,ꯂꯤꯐꯦꯁꯦꯠꯦꯠ
laanli,ꯂꯥꯟꯂꯤ
mamingda,ꯃꯃꯤꯡꯗ
neemuch,ꯅꯤꯃꯨꯆ
shulung,ꯁꯨꯂꯨꯡ
pace,ꯄꯥꯦ
cheitharol,ꯆꯩꯊꯔꯣꯜ
reno,ꯔꯦꯅꯣ
durgavansh,ꯗꯨꯔꯕꯥꯟꯁꯤ
taraamna,ꯇꯥꯔꯝꯅ
infibeam,ꯏꯟꯦꯤꯕꯦꯝ
smartspaces,ꯁꯔꯥꯠꯁꯦꯁꯛꯁ
ayambada,ꯑꯌꯥꯝꯕꯗ
lothankhi,ꯂꯣꯊꯊꯟꯈꯤ
awapham,ꯑꯋꯥꯐꯝ
citysing,ꯁꯤꯇꯤꯌꯤꯡ
furit,ꯐꯨꯔꯤꯖꯤ
lakhmani,ꯂꯥꯛꯃꯟꯅꯤ
johari,ꯖꯣꯍꯔꯤ
kapole,ꯀꯥꯣꯣꯂꯦ
nuwa,ꯅꯨꯋꯥ
rollins,ꯔꯣꯂꯤꯟꯁꯟ
sangba,ꯁꯥꯡꯕ
asaagi,ꯑꯁꯥꯒꯤ
sarasota,ꯁꯔꯁꯇꯣ
chanugi,ꯆꯥꯅꯨꯒꯤ
ataangba,ꯑꯇꯥꯡꯕ
numitkhudinggi,ꯅꯨꯃꯤꯠꯈꯤꯗꯡꯡꯒꯤ
cementation,ꯀꯦꯃꯦꯟꯇꯦꯟꯇꯣ
sagatli,ꯁꯥꯒꯠꯂꯤ
nectar,ꯅꯦꯛꯇꯔ
ubada,ꯎꯕꯗ
mamal,ꯃꯃꯜ
missoula,ꯃꯤꯁꯨꯂꯂꯥ
sari,ꯁꯔꯤ
mafamdubu,ꯃꯐꯝꯗꯨꯕꯨ
khaanongpokta,ꯈꯥꯅꯣꯡꯄꯣꯛꯇ
disasterni,ꯗꯤꯁꯥꯔꯖꯦꯟꯤ
alkem,ꯑꯦꯜꯀꯦ
ankeny,ꯑꯦꯟꯀꯦꯦ
shailaputri,ꯁꯥꯢꯂꯥꯨꯄꯔꯒꯤ
yumshalon,ꯌꯨꯝꯁꯥꯂꯣꯟ
cambodiagi,ꯀꯦꯝꯕꯣꯗꯤꯗꯒꯤ
akolkar,ꯑꯀꯣꯀꯔꯔ
plantation,ꯄ꯭ꯂꯥꯟꯇꯥꯟꯇꯣ
miller,ꯃꯤꯜꯂꯦꯔ
touramba,ꯇꯧꯔꯝꯕ
dixon,ꯗꯤꯑꯣꯟ
loveland,ꯂꯣꯂꯦꯟꯕꯗ
khamnung,ꯈꯝꯅꯨꯡ
machak,ꯃꯆꯥꯛ
puducherry,ꯄꯨꯗ꯭ꯔꯤꯀ꯭ꯋꯔ
indianapolis,ꯏꯟꯗꯥꯢꯂꯣꯟꯁꯤꯁꯟ
kalratri,ꯀꯜꯂꯔꯇ꯭ꯔꯤ
mattancheri,ꯃꯇꯥꯅꯥꯆꯔꯟ
arambai,ꯑꯔꯝꯕꯤ
karaikal,ꯀꯔꯥꯢꯀꯜ
cheithaarol,ꯆꯩꯊꯥꯜꯔꯣꯜ
ipakachouba,ꯏꯄꯥꯀꯀꯧꯕ
kurukshetra,ꯀꯨꯔꯨꯀ꯭ꯔꯔꯤꯋꯥ
famba,ꯐꯝꯕ
sagatlakpa,ꯁꯥꯒꯠꯂꯛꯄ
koknaba,ꯀꯣꯛꯅꯕ
vance,ꯚꯥꯟꯁ
bhagabat,ꯚꯒꯥꯕ
valdosta,ꯚꯥꯗꯣꯣꯣꯇꯥꯛ
pearland,ꯄꯥꯔꯂꯂꯦꯟꯗ
dindigul,ꯗꯤꯟꯗꯤꯜꯒꯤ
dutta,ꯗꯨꯠꯇ
hainasu,ꯍꯥꯢꯅꯁꯨ
pangthoklamba,ꯄꯥꯡꯊꯣꯛꯂꯝꯕ
saanakhi,ꯁꯥꯅꯈꯤ
jajoo,ꯖꯖꯣꯣꯣ
arthropoda,ꯑꯥꯔꯇꯣꯔꯣꯐꯣꯗ
aiba,ꯑꯏꯕ
commerce,ꯀꯃꯃꯤꯁꯦ
imalonbu,ꯏꯃꯥꯂꯣꯟꯕ
chajibu,ꯆꯥꯖꯤꯕꯨ
sasan,ꯁꯥꯁꯟ
ventura,ꯚꯦꯟꯇꯔꯨ
whirlpool,ꯋꯤꯢꯄꯔꯜꯣꯜꯜ
awaapham,ꯑꯋꯥꯐꯝ
yadav,ꯌꯥꯗ
wausau,ꯋꯥꯎꯁꯨ
torrent,ꯇꯣꯔꯔꯦꯟꯠ
samiti,ꯁꯃꯤꯇꯤ
punch,ꯄꯨꯟꯆ
paisalo,ꯄꯥꯢꯁꯂꯣ
nadu,ꯅꯥꯗꯨ
bernard,ꯕꯦꯔꯅꯥꯗ
rathore,ꯔꯥꯊꯣꯔ
lainingthouni,ꯂꯥꯢꯅꯤꯡꯊꯧꯅꯤ
pheijom,ꯐꯩꯖꯣꯝ
mangaa,ꯃꯉꯥ
yenakha,ꯌꯦꯅꯈ
carson,ꯀꯦꯁꯣꯔꯟꯁꯟ
callahan,ꯀꯜꯂꯦꯟ
jajoo,ꯖꯖꯣꯣꯣ
erie,ꯏꯔꯩ
broadcast,ꯕ꯭ꯔꯣꯇꯥꯟꯁ
bhuj,ꯚꯨꯖ
cheihisi,ꯆꯩꯍꯤꯁꯤ
education,ꯏꯗꯨꯒꯨꯃꯤꯁꯟ
magi,ꯃꯥꯤꯒꯤ
sarukti,ꯁꯔꯨꯛꯇꯤ
laini,ꯂꯥꯢꯅꯤ
bhardwaj,ꯚꯥꯔꯖꯥꯖꯣ
colorado,ꯀꯣꯂꯣꯗꯥꯗꯣ
hardoi,ꯍꯥꯗꯣꯢ
sajibu,ꯁꯖꯤꯕꯖ
atlantic,ꯑꯦꯠꯇꯂꯟꯇꯤꯛ
kongshang,ꯀꯣꯡꯁꯪ
meira,ꯃꯩꯔ
kaahenna,ꯀꯥꯍꯦꯟꯅ
landa,ꯂꯥꯟꯗ
ahmadabad,ꯑꯍꯥꯃꯗꯕꯗ
leisinaduna,ꯂꯩꯁꯤꯟꯗꯨꯅ
pasadena,ꯄꯁꯥꯗꯦꯅ
mamaani,ꯃꯃꯥꯅꯤ
kheda,ꯈꯦꯗ
awaangbagi,ꯑꯋꯥꯡꯕꯒꯤ
morales,ꯃꯣꯔꯦꯖꯦꯁ
machakhaiba,ꯃꯆꯥꯈꯤꯕ
wilkinson,ꯋꯤꯜꯀꯤꯟꯁꯤꯟ
onduna,ꯑꯣꯟꯗꯨꯅ
langja,ꯂꯪꯡꯖ
fangde,ꯐꯥꯗꯦ
lavudya,ꯂꯥꯚꯗ꯭ꯔ
vizianagaram,ꯚꯤꯒꯥꯅꯚꯔꯒꯔꯝ
navas,ꯅꯥꯥꯥ
masaaga,ꯃꯁꯥꯒ
parengsingna,ꯄꯔꯦꯡꯁꯤꯡꯅ
magdum,ꯃꯥꯗꯨꯒ
rudragi,ꯔꯨꯗ꯭ꯔꯒꯤ
dallas,ꯗꯥꯂꯂꯥꯁ
sanaleipak,ꯁꯅꯥꯂꯩꯄꯥꯛ
banks,ꯕꯥꯟꯁꯛ
reeves,ꯔꯤꯚꯦꯁ
aschelminthes,ꯑꯦꯁꯀꯦꯜꯃꯦꯤꯊ
buchanan,ꯕꯨꯆꯥꯟ
hyderabad,ꯍꯥꯗꯗ꯭ꯔꯦꯕꯗ
anisuba,ꯑꯅꯤꯁꯨꯕ
shijagi,ꯁꯤꯖꯥꯒꯤ
portillo,ꯄꯣꯔꯤꯇꯣꯜꯂꯣ
afghanistan,ꯑꯐ꯭ꯒꯥꯟꯤꯁ꯭ꯇꯥꯅ
ipao,ꯏꯄꯥꯎ
humphutarataret,ꯍꯨꯝꯐꯨꯇꯔꯥꯇꯔꯦꯠ
shipping,ꯁꯤꯄꯄꯤꯡ
misingni,ꯃꯤꯁꯤꯡꯅꯤ
chingsangsingna,ꯆꯤꯡꯁꯪꯁꯤꯡꯡꯅ
visakhapatnam,ꯕꯤꯁꯥꯔꯦꯠꯅꯥꯝ
racine,ꯔꯥꯁꯤꯦꯦ
kota,ꯀꯣꯇꯥ
church,ꯆꯨꯔꯆ
lishing,ꯂꯤꯁꯤꯡ
lalonetikki,ꯂꯂꯣꯅꯤꯤꯇꯀꯤ
enaak,ꯏꯅꯥꯛ
lampaakka,ꯂꯝꯄꯥꯛꯀ
meisaa,ꯃꯩꯁꯥ
spandana,ꯁ꯭ꯄꯦꯟꯗꯅ
hoba,ꯍꯣꯕ
yumthakta,ꯌꯨꯝꯊꯛꯀ
australiada,ꯑꯣꯁꯇ꯭ꯔꯤꯌꯥꯗ
beck,ꯕꯦꯛꯁꯛ
fayetteville,ꯐꯥꯌꯦꯠꯇꯤꯂꯦꯕꯤ
taakpagi,ꯇꯥꯛꯄꯒꯤ
haapchinle,ꯍꯥꯞꯆꯤꯟꯂꯦ
laphu,ꯂꯥꯐꯨ
bacteria,ꯕꯦꯁꯇꯦꯔꯤꯌꯥ
machine,ꯃꯆꯤꯅꯦ
saabi,ꯁꯥꯕꯤ
pass,ꯄꯥꯁ
buenaventura,ꯕꯤꯕꯦꯟꯇꯔꯨꯇꯔ
chatnarammi,ꯆꯠꯅꯔꯝꯃꯤ
pravesh,ꯄ꯭ꯔꯚꯦꯁ
swain,ꯁ꯭ꯋꯥꯟ
taakpiramba,ꯇꯥꯛꯄ꯭ꯔꯤꯕ
shingsu,ꯁꯤꯡꯁꯨ
mitana,ꯃꯤꯇꯅ
phampaalda,ꯐꯝꯄꯥꯜꯗ
ichang,ꯏꯆꯪ
asagi,ꯑꯁꯥꯒꯤ
puthorakkhi,ꯄꯨꯊꯣꯛꯈꯤꯤ
saphaba,ꯁꯥꯐꯕ
nalwa,ꯅꯜꯋꯋ
barrett,ꯕꯔꯔꯦꯠ
ewaanglon,ꯏꯋꯥꯡꯂꯣꯟ
bhavnagar,ꯚꯥꯕꯅꯒꯔ
ahmad,ꯑꯍꯥꯃꯗ
hindustan,ꯍꯤꯟꯗ꯭ꯔꯥꯟ
atangba,ꯑꯇꯥꯡꯕ
puraktuna,ꯄꯨꯔꯛꯇꯨꯅ
puwaarida,ꯄꯨꯋꯥꯔꯤꯗ
tha,ꯊꯥ
ponce,ꯄꯣꯟꯁ
bisht,ꯕꯤꯁꯇ
pak,ꯄꯥꯛ
kushalappa,ꯀꯨꯁꯥꯂꯄꯄ
melinda,ꯃꯦꯂꯤꯟꯗ
pompano,ꯄꯣꯝꯄꯅꯣ
yatpa,ꯌꯥꯠꯄ
ataa,ꯑꯇꯥ
karkhele,ꯀꯥꯔꯦꯦꯜ
kanchhal,ꯀꯟꯆꯜ
taylorsville,ꯇꯥꯂꯤꯜꯔꯕꯤꯁꯦꯠ
houdoklakpa,ꯍꯧꯗꯣꯛꯂꯛꯄ
nakul,ꯅꯥꯀꯨꯜ
phaoduna,ꯐꯥꯎꯗꯨꯅ
pacheco,ꯄꯦꯀꯦꯀꯣ
paagani,ꯄꯥꯒꯅꯤ
surendranagar,ꯁꯨꯔꯦꯟꯗ꯭ꯔꯔꯔꯥꯟ
slovakia,ꯁꯦꯜꯂꯣꯥꯥꯥꯥꯥ
laurus,ꯂꯥꯎꯔꯨ
centre,ꯁꯦꯟꯇ꯭ꯔꯦ
hotnajaramba,ꯍꯣꯠꯅꯔꯔꯕꯔ
nungshiruba,ꯅꯨꯡꯁꯤꯖ꯭ꯔꯕ
puriklai,ꯄꯨꯔꯤꯛꯂꯥꯢ
ngaore,ꯉꯥꯎꯔꯦ
tapia,ꯇꯥꯄꯤ
awafam,ꯑꯋꯥꯐꯝ
thapham,ꯊꯥꯐꯝ
uningthou,ꯌꯨꯅꯤꯡꯊꯧ
sutton,ꯁꯨꯇꯣꯟ
kayaam,ꯀꯌꯥꯝ
makhaada,ꯃꯈꯥꯗ
leigong,ꯂꯩꯒꯣꯡ
composites,ꯀꯝꯄ꯭ꯁꯤꯁꯁ
barmer,ꯕꯔꯃꯦꯔ
halisahar,ꯍꯥꯂꯦꯁꯔꯔ
kaithal,ꯀꯥꯢꯊꯜ
muthappan,ꯃꯨꯊꯥꯄꯄ
mioi,ꯃꯤꯑꯣꯢ
sulochana,ꯁꯨꯂꯣꯆꯥꯅ
chingsu,ꯆꯤꯡꯁꯨ
lady,ꯂꯥꯗ
nilkamal,ꯅꯤꯜꯂꯥꯛ
khumnaba,ꯈꯨꯝꯅꯕ
mahanagar,ꯃꯍꯥꯅꯔꯒ
gates,ꯒꯦꯠꯁꯁ
eidi,ꯑꯩꯗꯤ
thongalel,ꯊꯣꯉꯥꯂꯦꯜ
novi,ꯅꯣꯚꯤ
allcargo,ꯑꯜꯂꯀꯥꯔꯒꯣ
chicago,ꯆꯤꯀꯥꯎꯒ
teinabadugi,ꯇꯩꯅꯕꯗꯒꯤ
dunwoody,ꯗꯨꯟꯒꯣꯗꯌꯌꯥ
sonawane,ꯁꯣꯅꯥꯋꯦ
mabukta,ꯃꯕꯨꯛꯇ
phaobagidi,ꯐꯥꯎꯕꯒꯤꯗꯤ
eribasingsidagi,ꯏꯔꯤꯕꯁꯤꯡꯗꯒꯤ
lailempigi,ꯂꯥꯢꯂꯦꯝꯄꯤꯒꯤ
edit,ꯏꯗꯠ
aurora,ꯑꯑꯣꯔꯣꯔꯥꯥ
morena,ꯃꯣꯔꯦꯅꯥ
yaubara,ꯌꯧꯕꯔ
chandernagore,ꯆꯥꯟꯗꯥꯔꯔꯔꯦ
avondale,ꯑꯚꯣꯅꯣꯗꯦꯦ
shiromani,ꯁꯤꯔꯣꯃꯥꯅꯤ
leikhribasi,ꯂꯩꯈ꯭ꯔꯤꯕꯁꯤ
mendez,ꯃꯦꯟꯗꯦ
yaanakhi,ꯌꯥꯅꯈꯤ
wangkhatlakkhi,ꯋꯥꯡꯈꯠꯂꯛꯈꯤ
hazaribag,ꯍꯥꯖꯔꯤꯕꯒ
pontiac,ꯄꯣꯟꯇꯤꯛꯁ
bhogeshor,ꯚꯣꯒꯣꯔꯔꯖ
pakee,ꯄꯥꯀꯦ
virani,ꯚꯤꯔꯥꯅꯤ
foam,ꯐꯣꯝ
loushing,ꯂꯧꯁꯤꯡ
erbium,ꯏꯕꯤꯔꯝꯝ
saran,ꯁꯔꯥꯟ
chamunda,ꯆꯥꯃꯟꯗ
caplin,ꯀꯦꯂꯦꯛꯟ
childagi,ꯆꯤꯜꯗꯒꯤ
sipike,ꯁꯤꯄꯤꯀꯦ
senyekni,ꯁꯦꯟꯀꯦꯟꯀꯤ
rowe,ꯔꯣꯑꯦ
pakhanba,ꯄꯥꯈꯟꯕ
chaorakpa,ꯆꯥꯎꯔꯛꯄ
ibada,ꯏꯕꯥ
lakminnaraga,ꯂꯥꯛꯃꯤꯟꯅꯔꯒ
oibadi,ꯑꯣꯢꯕꯗꯤ
phiset,ꯐꯤꯁꯦꯠ
ekhi,ꯏꯈꯤ
yaallaga,ꯌꯥꯜꯂꯒ
maangda,ꯃꯥꯡꯗ
ngaakpa,ꯉꯥꯛꯄ
matik,ꯃꯇꯤꯛ
karambano,ꯀꯔꯥꯝꯕꯣꯅ
paangthokkhiba,ꯄꯥꯡꯊꯣꯛꯈꯤꯈ
ningkham,ꯅꯤꯡꯈꯝ
avenues,ꯑꯦꯕꯦꯁ
kewal,ꯀꯦꯋꯥꯜ
maningtamba,ꯃꯅꯤꯡꯇꯥꯕ
mayaiwairap,ꯃꯌꯥꯢꯋꯥꯔꯞ
akonba,ꯑꯀꯣꯕꯟꯕ
chatnabisisu,ꯆꯠꯅꯕꯤꯁꯤꯁꯨ
canton,ꯀꯥꯟꯇꯣꯟ
ballia,ꯕꯜꯂꯤꯌꯥ
pereddy,ꯄꯦꯔꯗꯦꯋ
uniphos,ꯌꯨꯅꯤꯐꯣ
khundaariba,ꯈꯨꯟꯗꯥꯔꯤꯕ
vineland,ꯕꯤꯅꯦꯟꯂꯦꯟ
gokaldas,ꯒꯣꯕꯀꯜꯁꯛ
moirang,ꯃꯣꯢꯔꯥꯡ
sanskrit,ꯁꯥꯟꯁꯇꯔꯛ
naaz,ꯅꯥꯎ
kananasu,ꯀꯅꯥꯅꯁꯨ
conley,ꯀꯟꯂꯦꯤ
uthakta,ꯎꯊꯛꯇ
lancaster,ꯂꯥꯟꯁꯥꯔꯤ
imungni,ꯏꯃꯨꯡꯅꯤ
patna,ꯄꯥꯠꯅ
fongba,ꯐꯣꯡꯕ
hosur,ꯍꯣꯁꯔꯔ
ichada,ꯏꯆꯥꯗ
phamjinli,ꯐꯝꯖꯤꯟꯂꯤ
tustin,ꯇꯨꯁꯤꯠꯟ
thoujaaldagi,ꯊꯧꯖꯥꯜꯗꯒꯤ
cheisingkaanglon,ꯀꯩꯁꯤꯡꯀꯥꯡꯂꯣꯟ
aenugu,ꯏꯅꯨꯒꯨ
lamb,ꯂꯝꯕ
yei,ꯌꯩ
conditioning,ꯀꯟꯗꯣꯟꯤꯇꯣꯟꯤ
yumnaksing,ꯌꯨꯝꯅꯥꯛꯁꯤꯡ
wasudewa,ꯋꯥꯁꯨꯗꯋ
chowdhury,ꯆꯣꯙꯗ꯭ꯋ꯭ꯔꯤ
ilenpung,ꯏꯂꯦꯟꯄꯨꯡ
rajendra,ꯔꯥꯖꯦꯟꯗ꯭ꯔ
thermax,ꯊꯦꯔꯃꯃ
hempstead,ꯍꯦꯝꯁꯦꯁꯇꯦꯗ
dhamane,ꯃꯃꯥꯅꯦ
changkhraga,ꯆꯪꯈ꯭ꯔꯥ
chaoraki,ꯆꯥꯎꯔꯛꯏ
harbour,ꯍꯥꯔꯕꯧ
acevedo,ꯑꯦꯦꯀꯦꯗꯗ
lannaduna,ꯂꯥꯟꯅꯗꯨꯅ
orange,ꯑꯣꯔꯥꯖꯦ
siemens,ꯁꯤꯌꯦꯟꯁ
research,ꯔꯤꯁꯦꯥꯔꯒ
poschima,ꯄꯣꯁꯤꯃ
kg,ꯀ꯭
chaoshangba,ꯆꯥꯎꯁꯪꯕ
mamaasigi,ꯃꯃꯥꯁꯤꯒꯤ
mandalaygi,ꯃꯥꯟꯂꯥꯗꯥꯒꯤ
queens,ꯀ꯭ꯌꯦꯟꯁ
ilaat,ꯏꯂꯥꯠ
laothokkhre,ꯂꯥꯎꯊꯣꯛꯈꯤꯔꯦ
infosys,ꯏꯟꯐꯣꯔꯁ
chhatarpur,ꯆꯥꯇꯔꯨꯔꯨ
takhelambam,ꯇꯥꯈꯦꯂꯝꯕꯝ
sanglaba,ꯁꯪꯂꯕ
kangphaalgi,ꯀꯪꯐꯥꯜꯒꯤ
makhoi,ꯃꯈꯣꯢ
channa,ꯆꯥꯟꯅ
algerian,ꯑꯦꯒꯔꯤꯌꯦꯟ
leena,ꯂꯤꯅ
engraaji,ꯏꯪꯔꯖꯤꯗꯥ
loubuk,ꯂꯧꯕꯨꯛ
dumka,ꯗꯨꯝꯀ
glaxosmithkline,ꯒ꯭ꯂꯤꯛꯂꯛꯁꯃꯤꯟꯁꯦꯁꯦ
bossier,ꯕꯣꯁꯔꯤꯌꯦ
television,ꯇꯦꯂꯤꯚꯕꯤꯤꯟ
solomon,ꯁꯣꯂꯣꯂꯣꯟ
manassas,ꯃꯁꯥꯟꯁꯁ
mayanglambamna,ꯃꯌꯥꯡꯂꯝꯂꯕꯅ
surabhi,ꯁꯨꯔꯥꯤꯤ
nicobar,ꯅꯤꯀꯣꯕꯔ
ama,ꯑꯃꯥ
bhutan,ꯚꯨꯇꯥꯟ
cross,ꯀ꯭ꯔꯣꯁ
kumar,ꯀꯨꯃꯥꯔ
ashuppa,ꯑꯁꯨꯄꯄ
tampa,ꯇꯝꯄꯥ
hinao,ꯍꯤꯅꯥꯎ
yambem,ꯌꯥꯝꯕꯦꯝ
bhiwani,ꯚꯤꯋꯥꯅꯤ
bilaspur,ꯕꯤꯂꯥꯁꯄꯔꯨ
thui,ꯊꯨꯢ
kaathoktuna,ꯀꯥꯊꯣꯛꯇꯨꯅ
bhatia,ꯚꯥꯇꯤꯌꯥ
lompoc,ꯂꯣꯝꯄꯣꯛ
vidhi,ꯚꯤꯗꯤ
yetnaba,ꯌꯦꯠꯅꯕ
electricals,ꯏꯂꯦꯛꯇ꯭ꯔꯤꯁꯤꯤꯁꯀ
radha,ꯔꯥꯙ
hexaware,ꯍꯦꯀꯀꯥꯔꯔ
panacea,ꯄꯅꯥꯁ
sanitaryware,ꯁꯅꯤꯅꯇꯔꯦꯌꯔꯦ
yonkhi,ꯌꯣꯟꯈꯤ
koppula,ꯀꯣꯞꯄꯂꯥ
irvine,ꯏꯔꯕꯤꯟ
erickson,ꯏꯔꯦꯛꯀꯤꯁꯟ
mangla,ꯃꯥꯡꯂ
shampubi,ꯁꯝꯄꯨꯕꯤ
moroccogi,ꯃꯣꯔꯣꯀꯣꯑꯣꯒꯤ
mahagauri,ꯃꯍꯥꯒꯔꯔꯤ
sapiknu,ꯁꯥꯄꯤꯟꯅꯨ
ngaak,ꯉꯥꯛ
houraklaba,ꯍꯧꯔꯛꯂꯕ
nifumaapan,ꯅꯤꯐꯨꯃꯥꯄꯟ
pheejam,ꯐꯤꯖꯝ
henson,ꯍꯦꯟꯁꯣꯟ
chandel,ꯆꯟꯗꯦꯜ
inter,ꯏꯟꯇꯦꯔ
balkoty,ꯕꯥꯜꯀꯣꯇꯤ
yavatmal,ꯌꯥꯠꯂꯜ
pullapsi,ꯄꯨꯜꯂꯥꯁꯤꯤ
ansari,ꯑꯁꯟꯁꯥꯔꯤ
semkhi,ꯁꯦꯝꯈꯤ
mandla,ꯃꯥꯟꯗ
ibungngo,ꯏꯕꯨꯉꯣꯉ
andaman,ꯑꯥꯟꯗꯟ
adugirane,ꯑꯗꯒꯔꯤꯗ꯭ꯦꯦ
arappada,ꯑꯔꯥꯞꯄꯗ
wellington,ꯋꯦꯜꯂꯤꯡꯇꯣꯛ
porbandar,ꯄꯣꯔꯕꯟꯗ꯭ꯔꯝ
thajajaba,ꯊꯥꯖꯖꯕ
apiba,ꯑꯄꯤꯕ
shivastava,ꯁꯤꯚꯥꯥꯇꯇ
longview,ꯂꯣꯡꯋꯤꯚꯤ
oiraga,ꯑꯣꯢꯔꯒ
sanakhi,ꯁꯅꯈꯥꯈꯤ
bowling,ꯕꯣꯞꯂꯤꯟ
yanakhi,ꯌꯥꯅꯈꯤ
azusa,ꯑꯎꯁꯥ
livermore,ꯂꯤꯚꯔꯔꯔꯔꯣ
pabunggi,ꯄꯥꯕꯨꯡꯒꯤ
vysya,ꯚꯤꯌꯌꯥ
platoga,ꯄ꯭ꯂꯥꯎꯒꯒ
matonda,ꯃꯇꯣꯟꯗ
balcony,ꯕꯥꯜꯀꯣꯟꯤ
ortega,ꯑꯣꯔꯇꯦꯒ
heket,ꯍꯦꯀꯦꯠ
yumnaaksing,ꯌꯨꯝꯅꯥꯛꯁꯤꯡ
bhriguvanshi,ꯚ꯭ꯔꯨꯖꯤꯁꯟꯒꯤ
lampakta,ꯂꯝꯄꯥꯛꯇ
rajahmundry,ꯔꯥꯍꯨꯃꯟꯗ꯭ꯋꯔ
kamarhati,ꯀꯥꯃꯔꯠꯇꯤ
dayton,ꯗꯥꯇꯣꯟ
shaamu,ꯁꯥꯃꯨ
alto,ꯑꯜꯇꯣ
automation,ꯑꯎꯇꯣꯃꯣꯇꯣꯟ
uchaan,ꯎꯆꯥꯟ
thouraangsingda,ꯊꯧꯔꯥꯡꯁꯤꯡꯗ
linni,ꯂꯤꯟꯅꯤ
infra,ꯏꯟꯐ꯭ꯔꯥ
pruitt,ꯄ꯭ꯔꯤꯇꯤꯠꯛ
sirsa,ꯁꯤꯔꯁ
alexandria,ꯑꯦꯂꯀꯥꯔꯦꯟꯗꯤ
waarisingda,ꯋꯥꯔꯤꯁꯤꯡꯗ
sijinnanaba,ꯁꯤꯖꯤꯟꯅꯅꯕ
media,ꯃꯦꯗꯤꯌꯥ
chhindwara,ꯆꯤꯟꯗꯥꯔꯥ
machaani,ꯃꯆꯥꯅꯤ
laifamdagi,ꯂꯥꯢꯐꯝꯗꯒꯤ
ebirammi,ꯏꯕꯔꯤꯝꯃꯤ
highland,ꯍꯤꯜꯍꯥꯟꯗ
theratipally,ꯊꯦꯔꯥꯥꯤꯂꯄꯤꯤꯌꯥ
yaithing,ꯌꯥꯢꯊꯤꯡ
poupi,ꯄꯧꯄꯤ
panggansinggi,ꯄꯥꯡꯒꯟꯁꯤꯡꯒꯤ
thaa,ꯊꯥ
sen,ꯁꯦꯟ
shoppers,ꯁꯣꯄꯄꯔꯔꯁ
jalaun,ꯖꯂꯥꯎꯟ
nagraj,ꯅꯥꯒꯔꯖ
waarisinggi,ꯋꯥꯔꯤꯁꯤꯡꯒꯤ
governor,ꯒꯣꯚꯔꯚꯣꯔ
jamaica,ꯖꯃꯥꯢꯁꯀꯤ
irenpungni,ꯏꯔꯦꯟꯄꯨꯡꯅꯤ
romeoville,ꯔꯣꯃꯤꯜꯂꯣꯜꯦꯜ
kwa,ꯀ꯭ꯋꯥ
moses,ꯃꯣꯁꯦꯁ
thajanabi,ꯊꯥꯖꯅꯕꯤ
haraobada,ꯍꯥꯔꯥꯎꯕꯗ
elat,ꯏꯂꯥꯠ
poireitonna,ꯄꯣꯢꯔꯩꯔꯣꯟꯅ
lengba,ꯂꯦꯡꯕ
humputara,ꯍꯨꯝꯄꯨꯔꯥꯔ
streamwood,ꯁ꯭ꯇꯦꯔꯤꯖꯃꯣꯣꯗ
konchin,ꯀꯣꯟꯆꯤꯟ
renuka,ꯔꯦꯅꯀ
panada,ꯄꯅꯥꯗ
khutmaba,ꯈꯨꯠꯃꯥꯕ
gehlot,ꯖꯦꯜꯂꯣꯠ
maningda,ꯃꯅꯤꯡꯗ
asaaba,ꯑꯁꯥꯕ
larsen,ꯂꯥꯔꯁꯦꯟ
sintaaknabi,ꯁꯤꯟꯇꯛꯅꯕꯤ
konark,ꯀꯣꯅꯔꯛ
manna,ꯃꯥꯟꯅ
johnson,ꯖꯣꯟꯍꯣꯟꯁ
thoklakpani,ꯊꯣꯛꯂꯛꯄꯅꯤ
huraallaga,ꯍꯨꯔꯥꯜꯂꯒ
hidaakloisingsi,ꯍꯤꯗꯥꯢꯗꯥꯛꯁꯤꯡꯤꯤ
sinnakhre,ꯁꯤꯟꯅꯈ꯭ꯔꯦ
kayadu,ꯀꯌꯥꯗꯨ
milolna,ꯃꯤꯜꯂꯣꯟ
cypress,ꯁ꯭ꯄ꯭꯭꯭꯭ꯋ꯭ꯔꯤꯁ
rajesh,ꯖꯦꯖꯤꯁ
bhadouriya,ꯙꯥꯗꯧꯔꯤꯌꯥ
safu,ꯁꯥꯐꯨ
dimapurgi,ꯗꯤꯃꯥꯔꯨꯄꯒꯤ
nifumapan,ꯅꯤꯐꯨꯃꯥꯄꯟ
shamu,ꯁꯥꯨꯨ
lanjaonachingba,ꯂꯥꯟꯖꯥꯎꯅꯆꯤꯕ
maannana,ꯃꯥꯟꯅꯅ
vernon,ꯚꯦꯔꯅꯣꯟ
spanish,ꯁ꯭ꯄꯅꯥꯁꯤ
oiraki,ꯑꯣꯢꯔꯥꯀꯤ
srivastava,ꯁ꯭ꯔꯤꯁꯇꯕꯇ
yin,ꯌꯤꯟ
bhatnagar,ꯐꯠꯅꯒꯔ
sijinnafamsi,ꯁꯤꯖꯤꯟꯅꯐꯝꯁꯤ
ithatsingda,ꯏꯊꯠꯁꯤꯡꯗ
vijayawada,ꯕꯤꯖꯥꯌꯋꯥꯗ
salas,ꯁꯥꯂꯥ
durgavanshi,ꯗꯨꯝꯒꯥꯟꯁꯒꯤ
mani,ꯃꯥꯅꯤ
ikhaa,ꯏꯈꯥ
raipur,ꯔꯥꯢꯄꯨꯔ
nula,ꯅꯨꯂꯥ
coast,ꯀꯣꯁꯥꯠ
bara,ꯕꯥꯔ
siyaram,ꯁꯤꯌꯥꯔꯝ
godfrey,ꯒꯣꯗ꯭ꯔꯦꯋ
awangnongpokta,ꯑꯋꯥꯡꯉꯣꯛꯇꯣꯛꯣ
phungaawaarising,ꯐꯨꯡꯒꯥꯋꯥꯔꯤꯁꯤꯡ
saogatpasida,ꯁꯥꯒꯠꯄꯄꯗꯗ
fatima,ꯐꯇꯤꯃ
kapoor,ꯀꯥꯄꯣꯔ
cobalt,ꯀꯣꯕꯥꯜ
porterville,ꯄꯣꯔꯇꯤꯔꯤꯂꯤꯤ
melbourne,ꯃꯦꯜꯕꯔꯅꯤ
senbi,ꯁꯦꯟꯕꯤ
liberty,ꯂꯤꯕ꯭ꯔꯕꯤꯇ
chingshu,ꯆꯤꯡꯁꯨ
tilli,ꯇꯤꯜꯂꯤ
dibrugarh,ꯕꯤꯒꯨꯗꯨꯔꯔ
fond,ꯐꯣꯟꯗ
sunteck,ꯁꯨꯟꯇꯦꯛꯛ
baramula,ꯕꯔꯥꯃꯨ
tumlibi,ꯇꯨꯝꯂꯤꯕꯤ
katta,ꯀꯠꯇ
theinabagi,ꯊꯩꯅꯕꯒꯤ
mesopotamiagi,ꯃꯦꯁꯣꯣꯣꯣꯇꯥꯔꯌꯥꯒꯤ
haibadi,ꯍꯥꯢꯕꯗꯤ
ngamkhidre,ꯉꯝꯈꯤꯗ꯭ꯔꯦ
leikhidabadagi,ꯂꯩꯈꯤꯗꯕꯗꯒꯤ
avery,ꯑꯌꯦꯔ꯭ꯕꯤ
krueger,ꯀ꯭ꯔꯦꯒꯤꯔ
thousand,ꯊꯧꯁꯥꯟꯗ
robins,ꯔꯣꯕꯤꯟꯁ
ithoi,ꯏꯊꯣꯢ
procter,ꯄ꯭ꯔꯣꯇꯦꯛ
karli,ꯀꯥꯂꯤ
samukol,ꯁꯃꯨꯀꯣꯜ
chico,ꯆꯤꯀꯣ
asansol,ꯑꯁꯥꯟꯁꯣꯜ
waaheini,ꯋꯥꯍꯩꯅꯤ
tambiba,ꯇꯝꯕꯤꯕ
goa,ꯒꯣꯑꯥ
rasheed,ꯔꯁꯦꯗ
prudential,ꯄ꯭ꯔꯨꯟꯗꯦꯦꯦꯢꯜꯥ
udhagamandalam,ꯎꯗꯥꯏꯂꯝꯗꯝꯝ
anput,ꯑꯅꯟꯄꯨ
tourangbam,ꯇꯧꯔꯪꯕꯝ
rungta,ꯔꯨꯡꯇꯥ
amara,ꯑꯃꯔ
lepnakhibagi,ꯂꯦꯞꯅꯈꯤꯕꯒꯤ
sakei,ꯁꯥꯀꯩ
shrivas,ꯁ꯭ꯔꯤꯕꯥꯁ
thoubalna,ꯊꯧꯕꯥꯜꯅ
chahichadadi,ꯆꯍꯤꯆꯥꯗꯗꯤ
shakkhangbidriba,ꯁꯛꯈꯪꯈꯤꯗꯔꯤꯕ
phek,ꯐꯦꯛ
lon,ꯂꯣꯟ
yaanaba,ꯌꯥꯅꯕ
chaosangba,ꯆꯥꯎꯁꯪꯕ
chinagi,ꯆꯤꯅꯥꯒꯤ
agdistis,ꯑꯥꯖꯤꯁꯤꯗꯁꯤ
khumangi,ꯈꯨꯃꯥꯟꯒꯤ
teamlease,ꯇꯤꯝꯂꯥꯁꯦꯁ
chakrabortty,ꯆꯥꯀꯔꯥꯇꯣꯔ꯭ꯤꯤ
srinagar,ꯁꯤꯔꯅꯅꯔ
yaarani,ꯌꯥꯔꯅꯤ
suchi,ꯁꯨꯆꯤ
humfutarataret,ꯍꯨꯝꯐꯨꯇꯔꯥꯇꯔꯦꯠ
attraa,ꯑꯇ꯭ꯔꯥꯥꯥꯥ
union,ꯌꯨꯅꯤꯟꯟ
khumnaribi,ꯈꯨꯝꯅꯔꯤꯕꯤ
potfam,ꯄꯣꯠꯐꯝ
nakpada,ꯅꯛꯄꯗ
meeoi,ꯃꯤꯑꯣꯢ
fischer,ꯐꯤꯁꯆꯦ
maran,ꯃꯔꯥꯟ
thindoraki,ꯊꯤꯟꯗꯣꯔꯛꯏ
shaakei,ꯁꯥꯀꯩ
thinli,ꯊꯤꯟꯂꯤ
chingburoisinggi,ꯆꯤꯡꯕꯨꯔꯣꯕꯤꯁꯤꯡꯒꯤ
ibadubu,ꯏꯕꯗꯨꯕꯨ
meeteisingna,ꯃꯤꯇꯩꯁꯤꯡꯅ
sajina,ꯁꯖꯤꯟꯅ
yennei,ꯌꯦꯟꯅꯩ
laangbi,ꯂꯥꯡꯕꯤ
jalpaiguri,ꯖꯜꯄꯥꯔꯒꯤꯤꯤ
thongdagi,ꯊꯣꯡꯗꯒꯤ
phaktoklaga,ꯐꯥꯛꯇꯣꯛꯂꯒ
wilkerson,ꯋꯤꯜꯀ꯭ꯔꯤꯁꯟ
solotkhaipam,ꯁꯣꯂꯣꯠꯈꯤꯐꯝ
papers,ꯄꯥꯄꯔꯁ
nakshatra,ꯅꯛꯁꯇꯔ
paanpaki,ꯄꯥꯟꯄꯀꯤ
saraswatigi,ꯁꯔꯁꯥꯋꯇꯤꯒꯤ
chenningpaki,ꯆꯦꯟꯄꯤꯡꯀꯥꯤ
kheer,ꯈꯦꯔ
chattaba,ꯆꯠꯇꯕ
khotnabagi,ꯈꯣꯠꯅꯕꯕꯤ
chavez,ꯆꯥꯓꯦ
cutler,ꯀꯠꯂꯦꯔ
tripura,ꯇ꯭ꯔꯤꯄꯨꯔꯥ
khanghannaba,ꯈꯪꯪꯍꯟꯕ
varma,ꯚꯥꯔꯃ
bugalia,ꯕꯨꯒꯥꯂꯤꯌꯥ
dwarikesh,ꯗ꯭ꯋꯥꯁꯤꯔꯁ
jivani,ꯖꯤꯕꯅꯤ
taylorsville,ꯇꯥꯌꯜꯂꯔꯕꯤꯁꯦꯠ
sheithai,ꯁꯩꯊꯥꯢ
phaahoubagi,ꯐꯥꯎꯍꯕꯒꯤ
lairikyenbamlol,ꯂꯥꯢꯔꯤꯌꯦꯟꯂꯣꯣꯝꯕꯣꯜ
mukherjee,ꯃꯨꯈ꯭ꯖꯦꯖꯦ
world,ꯋꯣꯔꯗꯜ
thunglure,ꯊꯨꯡꯂꯨꯂꯦ
orissa,ꯑꯣꯔꯤꯁꯁ
khanthakho,ꯈꯟꯊꯣꯛꯈ
boise,ꯕꯣꯖꯤꯁ
palamba,ꯄꯥꯂꯝꯕ
mahoney,ꯃꯍꯣꯟꯦꯁ
ngaksennanaba,ꯉꯥꯛꯁꯦꯟꯅꯅꯕ
meeteilon,ꯃꯤꯇꯩꯂꯣꯟ
khangbidraba,ꯈꯪꯕꯗ꯭ꯔꯤꯟ
international,ꯏꯟꯇꯦꯅꯔꯅꯟꯇꯣꯍꯣꯜ
pikhi,ꯄꯤꯈꯤ
potahallu,ꯄꯣꯇꯥꯂꯜꯂ
khundariba,ꯈꯨꯟꯗꯥꯔꯤꯕ
deo,ꯗꯣꯑꯦ
dungarpur,ꯗꯨꯡꯒꯥꯔꯨꯔ
rehman,ꯔꯦꯃꯟ
yenthoklaba,ꯌꯦꯟꯊꯣꯛꯂꯕ
aditya,ꯑꯗꯤꯠꯇ
gillette,ꯒꯤꯜꯃꯦꯠ
arshad,ꯑꯔꯁꯗꯥꯗ
dhabi,ꯙꯥꯕꯤ
azamgarh,ꯑꯒꯥꯒꯔꯔ
iraqta,ꯏꯔꯥꯠꯇ
welding,ꯋꯦꯜꯗꯤꯡ
dhar,ꯙꯔ
bishnupur,ꯕꯤꯁꯅꯨꯗꯨꯔ
sunnyvale,ꯁꯨꯟꯨꯚꯦꯅꯦ
rajnandgaon,ꯔꯥꯖꯅꯗꯗꯣꯟꯟ
marifumangaa,ꯃꯔꯤꯐꯨꯃꯉꯥ
leisangthem,ꯂꯩꯁꯥꯡꯊꯦꯝ
benson,ꯕꯦꯁꯅꯣꯟ
cherolna,ꯀꯦꯔꯣꯜꯅ
yokhatpagi,ꯌꯣꯈꯠꯄꯒꯤ
chamba,ꯆꯝꯕ
mediterranean,ꯃꯦꯗꯦꯢꯔ꯭ꯔꯖꯦꯟ
sangagi,ꯁꯥꯒꯥꯒꯤ
round,ꯔꯥꯟꯗ
nasreen,ꯅꯥꯁꯦꯔꯦꯟ
lingkhatlami,ꯂꯤꯡꯈꯠꯂꯩꯃ
utilities,ꯎꯇꯤꯂꯦꯁꯇꯦ
tehri,ꯇꯦꯍꯤꯔ
alhambra,ꯑꯜꯥꯔꯕꯥꯔ
mcpherson,ꯐꯦꯝꯁ꯭ꯔꯥꯟ
arellano,ꯑꯦꯔꯦꯜꯂꯣꯅꯣ
database,ꯗꯥꯥꯕꯁ
fullerton,ꯐꯨꯜꯂꯦꯝꯇꯣꯟ
heisnam,ꯍꯩꯁꯅꯝꯝ
lomle,ꯂꯣꯝꯂꯦ
ocoee,ꯑꯣꯁꯤꯑꯣ
baltimore,ꯕꯥꯂꯤꯇꯔꯤꯣ
haibadagi,ꯍꯥꯢꯕꯗꯒꯤ
cochin,ꯀꯦꯆꯣꯟ
senthang,ꯁꯦꯟꯊꯥꯡ
phouba,ꯐꯧꯕ
euro,ꯏꯌꯨꯔꯣ
chanei,ꯆꯥꯅꯩ
thanjavur,ꯊꯥꯟꯖꯥꯨꯕ
orchha,ꯑꯣꯔꯆꯥ
mehendale,ꯃꯦꯟꯌꯦꯗꯦ
ikha,ꯏꯈꯥ
danville,ꯗꯥꯟꯤꯤꯜꯂꯦꯜ
estates,ꯏꯁꯦꯇꯦꯁ
maraktasu,ꯃꯔꯥꯇꯁꯤꯨ
loubukta,ꯂꯧꯕꯨꯛꯇ
siel,ꯁꯤꯜ
mahankmadaan,ꯃꯍꯥꯟꯀꯥꯟꯗꯟ
michael,ꯃꯤꯆꯦꯜ
nodesna,ꯅꯣꯗꯦꯁꯅ
kettering,ꯀꯦꯠꯇꯔꯤꯡ
minungsi,ꯃꯤꯅꯨꯡꯁꯤ
jones,ꯖꯣꯅꯁꯁ
humfunipaan,ꯍꯨꯝꯐꯨꯅꯤꯄꯥꯟ
leimaida,ꯂꯩꯃꯗꯤ
estes,ꯏꯁꯦꯠꯁ
colombiagi,ꯀꯣꯂꯤꯕꯤꯒꯤꯤ
carey,ꯀꯦꯔꯤ
sweeney,ꯁ꯭ꯌ꯭ꯋꯦꯅ꯭
faraba,ꯐꯥꯔꯕ
pradesh,ꯄ꯭ꯔꯗꯦꯁ
manipur,ꯃꯅꯤꯄꯨꯔ
khngnaraba,ꯈꯪꯅꯔꯕ
lonsingdi,ꯂꯣꯟꯁꯤꯡꯗꯤ
yumlingngi,ꯌꯨꯝꯂꯤꯡꯉꯤ
evanston,ꯏꯕꯥꯟꯇꯣꯟꯟ
marifumaapan,ꯃꯔꯤꯐꯨꯃꯥꯄꯟ
hanumangarh,ꯍꯅꯨꯃꯥꯥꯍꯟ
crest,ꯀ꯭ꯔꯤꯁ
villa,ꯚꯤꯂꯂꯥ
marcos,ꯃꯔꯀꯣꯁ
ramkrishna,ꯔꯥꯛꯀ꯭ꯔꯤꯅ
brahmapur,ꯕ꯭ꯔꯥꯃꯨꯨꯔ
utpani,ꯎꯠꯄꯅꯤ
flint,ꯐ꯭ꯂꯤꯟ
majesco,ꯃꯥꯖꯦꯁ
adusu,ꯑꯗꯨꯁꯨ
maangbaraa,ꯃꯥꯡꯕꯔꯥ
eaton,ꯏꯇꯥꯣꯣꯟ
and,ꯑꯥꯟꯗ
reese,ꯔꯤꯁꯦ
shajik,ꯁꯖꯤꯛ
natraga,ꯅꯥꯇ꯭ꯔꯥ
nungsiraba,ꯅꯨꯡꯁꯤꯔꯕ
yinyangsi,ꯌꯤꯟꯁꯥꯡꯁꯤ
leirese,ꯂꯩꯔꯦꯁꯦ
webb,ꯋꯦꯕꯦ
chetan,ꯆꯦꯇꯥꯟ
vista,ꯚꯤꯁꯇ
naoshekpam,ꯅꯥꯎꯁꯦꯛꯄꯥ
polaang,ꯄꯣꯂꯥꯡ
athak,ꯑꯊꯛ
maapangi,ꯃꯥꯄꯥꯟꯒꯤ
thaagonnaba,ꯊꯥꯒꯣꯟꯅꯕ
khaliq,ꯈꯂꯤꯛ
heishnam,ꯍꯩꯁ꯭ꯅꯥꯝ
dhindhwal,ꯙꯤꯟꯗꯥꯍꯦ
lepkhiba,ꯂꯦꯞꯄꯤꯈ
loki,ꯂꯣꯛꯏ
davidson,ꯗꯥꯕꯤꯁꯤꯁꯟ
infobeans,ꯏꯟꯐꯣꯟꯕꯦꯁ
napa,ꯅꯥꯄ
chaasi,ꯆꯥꯁꯤ
newark,ꯅꯦꯋꯥꯛ
rivas,ꯔꯤꯕꯥꯁ
combs,ꯀꯝꯕꯁ
furuki,ꯐꯨꯔꯨꯛꯏ
chingshaang,ꯆꯤꯡꯁꯪ
kentwood,ꯀꯦꯟꯇꯣꯟꯣꯗ
chaorammi,ꯆꯥꯎꯃꯝꯃꯤ
houba,ꯍꯧꯕ
navkar,ꯅꯥꯚꯔꯕ
houi,ꯍꯧꯏ
yeithokkhi,ꯌꯩꯊꯣꯛꯈꯤ
faahanli,ꯐꯥꯍꯟꯂꯤ
chathallakpa,ꯆꯜꯂꯛꯄꯄ
gandharigi,ꯒꯥꯟꯗꯔꯔꯤꯤ
mermaidsinggi,ꯃꯔꯃꯦꯀꯥꯢꯁꯤꯡꯒꯤ
cigniti,ꯀꯤꯅꯣꯤꯤꯤ
taipangpal,ꯇꯥꯢꯄꯪꯄꯥꯜ
oracle,ꯑꯣꯔꯛꯂꯦ
shaji,ꯁꯖꯤ
khanlaba,ꯈꯟꯂꯕ
nongchup,ꯅꯣꯡꯆꯨꯞ
famgi,ꯐꯝꯒꯤ
thamfamni,ꯊꯝꯝꯝꯅꯤ
singha,ꯁꯤꯡꯍ
rosemead,ꯔꯣꯁꯦꯝꯌ
yengkhatpa,ꯌꯦꯡꯈꯠꯄ
kakwa,ꯀꯥꯛ
chada,ꯆꯥꯗ
winter,ꯋꯤꯟꯇꯦꯋ
waangkhi,ꯋꯥꯡꯈꯤ
laihuida,ꯂꯥꯢꯍꯨꯗ
ayaambagi,ꯑꯌꯥꯝꯕꯒꯤ
agrahari,ꯑꯥꯒꯔꯔꯔꯤ
saharan,ꯁꯥꯍꯔꯟ
phenix,ꯐꯦꯅꯤꯛ
falls,ꯐꯥꯜꯁ
amadani,ꯑꯃꯗꯅꯤ
pukhrambam,ꯄꯨꯈ꯭ꯔꯝꯕꯝ
priyadarshini,ꯄ꯭ꯔꯤꯌꯥꯗꯥꯥꯅꯤꯤ
vikram,ꯚꯤꯛꯔꯥꯝ
israel,ꯏꯔꯦꯜꯜ
meesingni,ꯃꯤꯁꯤꯡꯅꯤ
hdfc,ꯍꯦꯛꯁ
laibakki,ꯂꯥꯢꯕꯛꯀꯤ
siyang,ꯁꯤꯌꯥꯡ
nizamat,ꯅꯤꯖꯃꯥꯠ
gopal,ꯒꯣꯄꯥꯜ
klein,ꯀꯦꯂꯦꯟ
kanglupna,ꯀꯥꯡꯂꯨꯞꯅ
bismarck,ꯕꯤꯁꯃꯔꯤꯌꯦꯛ
betul,ꯕꯦꯇꯦꯜ
khong,ꯈꯣꯡ
barman,ꯕꯥꯔꯃꯟ
fampaalda,ꯐꯝꯄꯥꯜꯗ
singtamni,ꯁꯤꯡꯇꯝꯅꯤ
simulated,ꯁꯤꯃꯨꯂꯂꯇꯦ
eastvale,ꯏꯁꯥꯠꯇꯦꯦ
sovettagi,ꯁꯣꯚꯦꯠꯇꯤꯒ
freeman,ꯐ꯭ꯔꯦꯃꯟ
shakhenba,ꯁꯥꯦꯦꯟꯕ
ningthijana,ꯅꯤꯡꯊꯤꯅꯅ
kenner,ꯀꯦꯟꯅꯔꯦ
lake,ꯂꯥꯀꯦ
computerna,ꯀꯝꯄꯇꯔꯅꯅ
waaheisingsigi,ꯋꯥꯍꯩꯁꯤꯡꯒꯤꯒꯤ
turkey,ꯇꯨꯔꯦꯛ
ebada,ꯏꯕꯗ
hourakkhare,ꯍꯧꯔꯛꯈꯔꯦ
chandler,ꯆꯟꯟꯗ꯭ꯔꯔ
ratlam,ꯔꯥꯠꯂꯝ
laiphamsing,ꯂꯥꯢꯐꯝꯁꯤꯡ
jose,ꯖꯣꯁꯤ
ghaziabad,ꯒꯖꯥꯢꯕꯗ
guwahati,ꯒꯨꯋꯥꯠꯤ
aegis,ꯑꯏꯖꯁ
ngakthoki,ꯉꯥꯛꯊꯣꯛꯏ
galileo,ꯒꯦꯂꯤꯂꯖ
sinnakhi,ꯁꯤꯟꯅꯈꯤ
airtel,ꯑꯏꯔꯇꯦꯜ
dhuburi,ꯙꯨꯕꯨꯔꯤ
laanna,ꯂꯥꯟꯅ
khungi,ꯈꯨꯡꯏ
mapapu,ꯃꯄꯥꯄꯨ
eningthou,ꯏꯅꯤꯡꯊꯧ
marry,ꯃꯔꯔꯤ
burhanpur,ꯕꯨꯔꯥꯟꯨꯔꯔ
khundaba,ꯈꯨꯟꯗꯥꯕ
pokhriyal,ꯄꯣꯈ꯭ꯔꯤꯌꯜ
kohima,ꯀꯣꯍꯤꯃ
thellon,ꯊꯦꯜꯂꯣꯟ
purnia,ꯄꯨꯔꯤꯅꯤ
apakngada,ꯑꯄꯛꯪꯉꯥ
arena,ꯑꯔꯦꯅꯥ
laipubam,ꯂꯥꯢꯄꯨꯕꯝ
chirang,ꯆꯤꯔꯥꯡ
adutani,ꯑꯗꯨꯇꯥꯅꯤ
mariphumanga,ꯃꯔꯤꯐꯨꯃꯉꯥ
outage,ꯑꯧꯇꯥꯦ
tinplate,ꯇꯤꯟꯂꯦꯠꯄ
chinggi,ꯆꯤꯡꯒꯤ
lainupa,ꯂꯥꯢꯅꯨꯄ
nucleus,ꯅꯨꯛꯂꯦꯁ
laanmeena,ꯂꯥꯟꯃꯤꯅ
asengbadi,ꯑꯁꯦꯡꯕꯗꯤ
quintero,ꯀꯤꯢꯇꯣꯅꯣ
springfield,ꯁ꯭ꯄꯤꯔꯤꯟꯐꯤꯜ
tayde,ꯇꯥꯗꯦꯦ
bass,ꯕꯥꯁ
sada,ꯁꯥꯗ
wamang,ꯋꯥꯃꯪ
lakpham,ꯂꯥꯛꯐꯝ
thaangbadi,ꯊꯥꯡꯕꯗꯤ
montebello,ꯃꯣꯟꯇꯦꯂꯦꯜꯕꯣ
sathiraba,ꯁꯥꯊꯤꯔꯕ
mandadi,ꯃꯥꯟꯗꯥꯗꯤ
jain,ꯖꯥꯢꯟ
warahi,ꯋꯥꯔꯤ
dhanbad,ꯕꯥꯟꯗ
paaba,ꯄꯥꯕ
sadrisibo,ꯁꯥꯗ꯭ꯔꯤꯁꯤꯕꯣ
somany,ꯁꯣꯃꯥꯤ
oiringei,ꯑꯣꯢꯔꯩꯉꯩ
sellers,ꯁꯦꯜꯂꯔꯁ
luchingduna,ꯂꯨꯆꯤꯟꯗꯨꯅ
yangoijam,ꯌꯥꯉꯣꯖꯖꯩ
yotlina,ꯌꯣꯠꯂꯤꯅ
frederick,ꯐ꯭ꯔꯦꯗꯀꯤꯗꯦꯛꯛ
funggawarising,ꯐꯪꯒꯥꯋꯥꯔꯁꯤꯡ
bhawaani,ꯚ꯭ꯋꯥꯅꯤ
khandelwal,ꯈꯟꯗꯦꯜꯋꯥ
euro,ꯏꯌꯨꯑꯣ
potlamsinggi,ꯄꯣꯠꯂꯝꯁꯤꯡꯒꯤ
shaknari,ꯁꯛꯅꯔꯤ
maheshwar,ꯃꯍꯦꯁꯋꯔ
foro,ꯐꯣꯔꯣ
kangleipakpu,ꯀꯪꯂꯩꯄꯥꯛꯄ
chase,ꯆꯥꯁꯦ
kramer,ꯀ꯭ꯔꯥꯃꯦ
nandinagari,ꯅꯥꯟꯗꯤꯔꯥꯔꯤ
sheopur,ꯁꯣꯄꯄꯔ
tamlibasing,ꯇꯝꯂꯤꯕꯁꯤꯡ
balrampur,ꯕꯥꯜꯔꯥꯝꯄꯨꯔ
skipper,ꯁꯤꯄ꯭ꯔꯤꯄ
dwevedi,ꯗ꯭ꯋꯦꯦꯗꯤ
fou,ꯐꯧ
mariphumaapan,ꯃꯔꯤꯐꯨꯃꯥꯄꯟ
thaapham,ꯊꯥꯐꯝ
taohuireng,ꯇꯥꯎꯍꯔꯤꯡ
howe,ꯍꯣꯋꯦ
shaaphu,ꯁꯥꯐꯨ
pamjaba,ꯄꯥꯝꯖꯕ
indiabulls,ꯏꯟꯗꯨꯂꯕꯤꯁꯤꯁ
honeywell,ꯍꯣꯅꯤꯦꯜꯦꯜ
thaadoklamlaga,ꯊꯥꯗꯣꯛꯂꯣꯂꯒ
sagatlammi,ꯁꯒꯠꯂꯝꯃꯃꯤ
pong,ꯄꯣꯡ
babur,ꯕꯥꯕꯨꯔ
bareli,ꯕꯔꯦꯂꯤ
cheiraochingda,ꯀꯩꯔꯥꯆꯆꯤꯡꯗ
ingraj,ꯏꯪꯔꯖ
punge,ꯄꯨꯡꯉꯦ
paanari,ꯄꯥꯅꯔꯤ
neal,ꯅꯤꯌꯜꯜ
yaangkheinipaan,ꯌꯥꯡꯈꯩꯅꯤꯄꯥꯟ
balaji,ꯕꯥꯖꯥꯂꯤ
chayetnagalli,ꯆꯌꯦꯠꯅꯂꯂꯂꯤ
rancho,ꯔꯥꯟꯆꯣ
tumbada,ꯇꯨꯝꯕꯗ
waaheina,ꯋꯥꯍꯩꯅ
ion,ꯏꯑꯣꯟ
emaalonbu,ꯏꯃꯥꯂꯣꯟꯕꯨ
waterloo,ꯋꯥꯇꯔꯣꯣꯂꯣ
uthokchaba,ꯎꯣꯛꯆꯕ
cerebra,ꯁꯦꯔꯔꯕ
amar,ꯑꯃꯥꯔ
angelo,ꯑꯦꯡꯂꯣ
mayekna,ꯃꯌꯦꯛꯅ
tate,ꯇꯦꯦ
paomi,ꯄꯥꯎꯃꯤ
sangrur,ꯁꯪꯡꯔꯨ
kaanglupsigi,ꯀꯥꯡꯂꯨꯞꯁꯤꯒꯤ
latpaki,ꯂꯥꯠꯄꯀꯤ
khammam,ꯈꯝꯃꯝꯃ
sikar,ꯁꯤꯀꯔ
madina,ꯃꯗꯤꯟꯅ
darbhanga,ꯗꯥꯔꯪꯒ
pletoga,ꯄ꯭ꯂꯦꯁꯇꯣꯒ
summerville,ꯁꯨꯝꯃꯤꯔꯕꯤꯂꯦ
waco,ꯋꯥꯀꯣ
waakat,ꯋꯥꯀꯠ
khatri,ꯈꯥꯇ꯭ꯔꯤ
asamiya,ꯑꯁꯥꯃꯤꯌꯥ
phahoubagi,ꯐꯍꯧꯕꯒꯤ
semsaaba,ꯁꯦꯝꯁꯥꯕ
iribasingsidagi,ꯏꯔꯤꯕꯁꯤꯡꯗꯒꯤꯗꯤ
hollywood,ꯍꯣꯜꯂꯦꯌꯦꯣꯗ
pothaahallu,ꯄꯣꯊꯥꯂꯨꯜ
cheni,ꯆꯦꯅꯤ
adkins,ꯑꯗꯛꯏꯁꯟꯁ
garcia,ꯒꯥꯔꯤꯌꯥ
lindsey,ꯂꯤꯟꯗꯦꯁ
sumter,ꯁꯨꯝꯇꯔꯦ
makhel,ꯃꯈꯦꯜ
kampleks,ꯀꯝꯄ꯭ꯂꯦꯛꯁ
leipakna,ꯂꯩꯄꯥꯛꯅ
koukhi,ꯀꯧꯈꯤ
styrolution,ꯁ꯭ꯔꯇꯣꯖꯣꯃꯦꯟꯠꯛ
samaddar,ꯁꯥꯃꯗ꯭ꯔ
ellison,ꯏꯜꯂꯦꯁꯤꯟ
meetana,ꯃꯤꯇꯅ
stafford,ꯁꯦꯐꯐꯣꯔꯗ
kuantum,ꯀꯨꯟꯇꯥꯇ
raiganj,ꯔꯥꯒꯟꯗꯓ
huntsville,ꯍꯨꯟꯇꯤꯟꯂꯦꯜ
lup,ꯂꯨꯞ
budge,ꯕꯨꯒꯦꯗ
tekhao,ꯇꯦꯛꯍꯥꯎ
pharaba,ꯐꯥꯔꯕ
cambridge,ꯀꯦꯝꯕ꯭ꯔꯤꯗꯦ
dearborn,ꯗꯦꯔꯕꯥꯔꯣꯟ
vijayapura,ꯚꯤꯖꯥꯥꯄꯨꯔ
sadu,ꯁꯥꯗꯨ
faridabad,ꯐꯔꯤꯗꯕꯗ
kek,ꯀꯦꯛ
tyres,ꯇꯤꯔꯦꯁ
silchar,ꯁꯤꯜꯆꯔ
clarita,ꯀꯂꯥꯔꯤꯥꯇ
lishang,ꯂꯤꯁꯪ
placentia,ꯄꯦꯂꯥꯦꯦꯁꯇꯤ
ningonbu,ꯅꯤꯉꯣꯟꯕꯨ
waa,ꯋꯥ
corona,ꯀꯣꯔꯣꯅꯥ
mittranggi,ꯃꯤꯠꯇ꯭ꯔꯪꯒꯤ
telivijan,ꯇꯦꯂꯤꯖꯤꯕꯟ
asokpa,ꯑꯁꯣꯛꯄ
bellingham,ꯕꯦꯜꯂꯤꯡꯍꯝ
koraput,ꯀꯣꯔꯥꯇꯄ
oricon,ꯑꯣꯔꯤꯛꯣꯟ
changbabu,ꯆꯪꯕꯕꯨ
bengaluru,ꯕꯦꯡꯒꯥꯂꯨꯨ
khullakpani,ꯈꯨꯜꯂꯛꯛꯄꯅꯤ
nupisingbu,ꯅꯨꯄꯤꯁꯤꯡꯕꯨ
echu,ꯏꯆꯨ
surfactants,ꯁꯨꯔꯐꯥꯇꯣꯛꯁꯁ
saabinaba,ꯁꯥꯕꯤꯅꯕ
prometheus,ꯄ꯭ꯔꯣꯝꯌꯦꯊꯤꯁ
intarnesanel,ꯏꯟꯇꯥꯟꯅꯔꯦꯜꯦꯁ
nongthaktagi,ꯅꯣꯡꯊꯛꯛꯒꯤ
saru,ꯁꯔꯨ
mahawidya,ꯃꯍꯥꯋꯤꯌꯌꯌ
titansinggidamak,ꯇꯤꯇꯥꯟꯁꯤꯡꯗꯒꯤꯗ
niphu,ꯅꯤꯐꯨ
malaysia,ꯃꯥꯂꯥꯁꯤꯌꯥꯥ
wiley,ꯋꯤꯂꯤ
nongcheng,ꯅꯣꯡꯆꯦꯡ
giridih,ꯒꯤꯔꯤꯗꯤ
huerta,ꯍꯨꯔꯦꯠ
huber,ꯍꯨꯕ꯭ꯔ
delhi,ꯗꯦꯜꯍꯤ
braunfels,ꯕ꯭ꯔꯥꯟꯐꯦꯁ
epaakachouba,ꯏꯄꯥꯀꯥꯎꯀꯌ
bharadwaj,ꯚꯥꯔꯙꯥꯖ
singbulbu,ꯁꯤꯡꯕꯨꯜꯨ
foureima,ꯐꯧꯔꯩꯃ
oaks,ꯑꯣꯛꯁꯁ
parma,ꯄꯥꯔꯃ
lanngamduna,ꯂꯥꯟꯒꯟꯗꯨꯨ
kashyap,ꯀꯁ꯭꯭ꯌꯥ
vatakara,ꯚꯥꯇꯥꯔꯔ
ali,ꯑꯂꯥꯢ
cheisu,ꯆꯩꯁꯨ
aurangabad,ꯑꯌꯨꯔꯪꯕꯗ
umang,ꯎꯝꯪ
khaplamlaga,ꯈꯞꯂꯂꯃꯒ
mcdaniel,ꯁꯦꯗꯃꯥꯤꯦꯜ
itou,ꯏꯇꯧ
sayongi,ꯁꯌꯣꯟꯒꯤ
vishwakarma,ꯕꯤꯁꯀ꯭ꯋꯥꯃꯔꯔꯥ
laiphao,ꯂꯥꯢꯐꯥꯎ
khambhat,ꯈꯝꯕꯠ
fertilizers,ꯐꯦꯔꯤꯇꯤꯌꯣꯔꯤꯤ
saamu,ꯁꯥꯃꯨ
clifton,ꯀꯦꯂꯤꯇꯣꯟ
longsen,ꯂꯣꯡꯁꯦꯟ
mishak,ꯃꯤꯁꯛ
sanghvi,ꯁꯥꯡꯍꯤ
hanson,ꯍꯟꯁꯣꯟ
tainu,ꯇꯥꯢꯅꯨ
yelhoumisingbu,ꯌꯦꯜꯍꯧꯁꯤꯤꯤꯤꯡꯕꯨ
yatra,ꯌꯥꯇꯔ
puraa,ꯄꯨꯔꯥ
jeffersonville,ꯐꯦꯐꯃꯔꯦꯝꯕꯤꯁꯦꯦ
tanbada,ꯇꯥꯟꯕꯗ
piraku,ꯄꯤꯔꯥꯛ
salangthem,ꯁꯂꯥꯡꯊꯦꯝ
khak,ꯈꯥꯛ
nongshaamei,ꯅꯣꯡꯁꯥꯃꯤ
taphamsang,ꯇꯥꯐꯝꯁꯥꯡ
nongsamei,ꯅꯣꯡꯁꯥꯩ
nagalandna,ꯅꯥꯒꯂꯂꯟꯗ
osmanabad,ꯑꯣꯁꯃꯕꯟꯗ
ircon,ꯏꯔꯥꯣꯟ
paambagi,ꯄꯥꯝꯕꯒꯤ
hackensack,ꯍꯦꯀꯦꯟꯀꯦꯁꯀ
pradeshki,ꯄ꯭ꯔꯥꯗꯦꯁꯀꯤ
organik,ꯑꯣꯔꯒꯥꯟꯤ
jagtap,ꯖꯥꯒꯇ
konsillo,ꯀꯣꯟꯁꯤꯜꯂꯣ
chakmom,ꯆꯥꯀꯣꯝ
rajouri,ꯔꯥꯖꯔꯖꯤ
hendricks,ꯍꯦꯟꯗ꯭ꯔꯤꯀꯥꯟ
madudagi,ꯃꯗꯨꯗꯒꯤ
calhoun,ꯀꯥꯜꯍꯧꯟ
shrivas,ꯁ꯭ꯔꯤꯕꯁ
hantharakpadagi,ꯍꯥꯟꯊꯔꯛꯄꯒꯤ
kaachin,ꯀꯥꯆꯤꯟ
suzlon,ꯁꯨꯜꯣꯣꯟ
monte,ꯃꯣꯟꯇꯦ
placental,ꯄꯦꯁꯦꯜꯇꯦꯟ
mechanism,ꯃꯦꯆꯥꯅꯤꯌꯌꯥꯝ
panari,ꯄꯅꯥꯤꯤ
naakanlomda,ꯅꯥꯀꯥꯟꯂꯣꯝꯗ
herbaceous,ꯍꯔꯕꯦꯁꯕꯣꯁ
yenglammi,ꯌꯦꯡꯂꯝꯃꯤ
indianapolis,ꯏꯟꯗꯥꯂꯤꯌꯥꯟꯁꯣ
singam,ꯁꯤꯉꯥꯝ
nungshi,ꯅꯨꯡꯁꯤ
sinloi,ꯁꯤꯟꯂꯣꯢ
pearson,ꯄꯥꯔꯁꯔꯣꯟ
otpi,ꯑꯣꯠꯄꯤ
koilang,ꯀꯣꯢꯂꯥꯡ
lembi,ꯂꯦꯝꯕꯤ
zydus,ꯖꯤꯑꯗꯁ
esing,ꯏꯁꯤꯡ
surungni,ꯁꯨꯨꯨꯨꯅꯤ
atom,ꯑꯇꯣꯝ
gill,ꯒꯤꯜ
sharuksing,ꯁꯔꯨꯛꯁꯤꯡ
rajasthan,ꯔꯥꯖꯁꯟꯟ
covina,ꯀꯣꯕꯤꯅ
alipore,ꯑꯦꯂꯤꯄꯔꯔꯌ
mckenzie,ꯃꯦꯛꯀꯣꯖꯤꯖ
panesar,ꯄꯅꯁꯁ꯭ꯋꯔ
taaklamba,ꯇꯥꯛꯂꯝꯕ
leijadaba,ꯂꯩꯖꯕꯗ
textiles,ꯇꯦꯛꯁꯦꯂꯤꯁ
phamdengba,ꯐꯝꯗꯦꯡꯕ
mahiga,ꯃꯍꯤꯒ
apisaa,ꯑꯄꯤꯁꯥ
meditarreniyan,ꯃꯦꯗꯤꯔꯖꯤꯌꯦꯟꯇꯤꯟ
faba,ꯐꯥꯕ
logistics,ꯂꯣꯒꯤꯁꯇꯤꯁꯁ
langbi,ꯂꯥꯡꯕꯤ
spirits,ꯁꯤꯄ꯭ꯔꯤꯁꯛ
fahoubagi,ꯐꯥꯎꯍꯕꯒꯤ
atkinson,ꯑꯦꯠꯀꯤꯟꯟꯟꯁ
industries,ꯏꯟꯗꯨꯔꯤꯁꯦꯁꯦ
israni,ꯏꯁꯔꯤꯅꯥ
natureview,ꯅꯥꯇꯦꯔꯤꯤꯤꯋ
senjeng,ꯁꯦꯟꯖꯦꯡ
chatpagi,ꯆꯠꯄꯒꯤ
jaunpur,ꯖꯥꯟꯄꯨꯔ
taramna,ꯇꯥꯔꯝꯅ
chalei,ꯆꯂꯩꯩ
ibirammi,ꯏꯕ꯭ꯔꯤꯃꯝꯃꯤ
haapchillaga,ꯍꯥꯞꯆꯤꯜꯂꯒ
grover,ꯒ꯭ꯔꯔꯕꯣ
utthokpa,ꯎꯠꯣꯣꯛꯄ
konnabadagi,ꯀꯣꯟꯅꯕꯗꯒꯤ
riverside,ꯔꯤꯚꯦꯁꯤꯗꯁ
tinley,ꯇꯤꯟꯂꯦ
meeyaamna,ꯃꯤꯌꯥꯝꯅ
algeriagi,ꯑꯦꯒꯔꯔꯤꯌꯥꯒꯤ
park,ꯄꯥꯛ
vatakara,ꯚꯥꯇꯔꯔ
khulda,ꯈꯨꯜꯗ
shamjetsabam,ꯁꯝꯖꯦꯁꯕꯦꯕꯝ
jodha,ꯖꯣꯙꯥ
monsang,ꯃꯣꯟꯁꯥꯡ
thana,ꯊꯥꯅ
macau,ꯃꯥꯥꯎꯨ
baliga,ꯕꯂꯤꯌꯒ
latamni,ꯂꯥꯇꯝꯅꯤ
nakanlomda,ꯅꯥꯅꯀꯣꯂꯂꯥꯝ
khetnei,ꯈꯦꯠꯅꯩ
willis,ꯋꯤꯜꯂꯤꯁ
nielsen,ꯅꯤꯂꯦꯦꯁꯟ
sipaigi,ꯁꯤꯄꯄꯒꯤ
englandgi,ꯏꯪꯂꯥꯟꯗꯤ
chingngu,ꯆꯤꯡꯉꯨ
pheesa,ꯐꯤꯁꯥ
paso,ꯄꯁꯣ
tatenen,ꯇꯦꯦꯟꯅ
kasera,ꯀꯁꯔꯦ
chinminnasite,ꯆꯤꯟꯅꯤꯁꯂꯤꯅꯅꯦ
pheichom,ꯐꯩꯆꯣꯝ
shrirampur,ꯁ꯭ꯔꯔꯄꯝꯄꯄꯨꯔ
piksinkhi,ꯄꯤꯛꯁꯤꯟꯈꯤ
kungsinba,ꯀꯨꯡꯁꯤꯟꯕ
oibi,ꯑꯣꯢꯕꯤ
leipakpu,ꯂꯩꯄꯥꯛꯄ
lairik,ꯂꯥꯢꯔꯤꯛ
haoreima,ꯍꯥꯎꯔꯩꯃ
kayana,ꯀꯌꯥꯅ
vasuki,ꯚꯁꯨꯀꯏ
imaalonbu,ꯏꯃꯥꯂꯣꯟꯕꯨ
samdharshni,ꯁꯝꯗꯥꯔꯁꯅꯤ
mayekki,ꯃꯌꯦꯛꯀꯤ
laanlou,ꯂꯥꯟꯂꯧ
leandro,ꯂꯦꯟꯗ꯭ꯔꯣ
khaada,ꯈꯥꯗ
ifci,ꯏꯐꯤꯁ
sheboygan,ꯁꯦꯕꯣꯒꯪꯟ
maphamsu,ꯃꯐꯝꯁꯨ
noble,ꯅꯣꯕꯦꯂ
athouba,ꯑꯊꯧꯕ
sitaram,ꯁꯤꯇꯔꯔꯝ
narwar,ꯅꯥꯔꯥꯥꯔ
intelligence,ꯏꯟꯇꯦꯟꯂꯦꯟꯂꯦꯟ
laannaduna,ꯂꯥꯟꯅꯗꯨꯅ
perth,ꯄꯦꯔꯊ
nongchuptana,ꯅꯣꯡꯄꯨꯇꯨꯅ
sara,ꯁꯔꯔ
leiribani,ꯂꯩꯔꯤꯕꯅꯤ
saharsa,ꯁꯥꯥꯔꯁ
jhindal,ꯐꯤꯟꯗꯥ
palmer,ꯄꯥꯂꯦꯔ
madgaon,ꯃꯥꯗꯒꯟ
finserv,ꯐꯤꯟꯁ꯭ꯔꯔꯕ
nambol,ꯅꯝꯕꯣꯜ
lainingthou,ꯂꯥꯢꯅꯤꯡꯊꯧ
awangbagi,ꯑꯋꯥꯡꯕꯒꯤ
allsec,ꯑꯜꯦꯁꯦꯛꯁ
stop,ꯁ꯭ꯄꯣꯠ
mckay,ꯃꯦꯛꯀꯥ
machaki,ꯃꯆꯥꯀꯤ
sanareina,ꯁꯅꯥꯟꯩꯅ
dhaka,ꯙꯥꯀ
baleshwar,ꯕꯦꯂꯦꯁ꯭ꯋꯔ
shangleichaa,ꯁꯪꯂꯩꯆꯥ
square,ꯁꯨꯄꯔꯦ
panthoibini,ꯄꯥꯟꯊꯣꯢꯕꯤꯅꯤ
blair,ꯕ꯭ꯌꯥꯔꯔ
kolar,ꯀꯣꯂꯔ
nekhbet,ꯅꯦꯛꯕꯦꯠ
castro,ꯀꯥꯁꯇ꯭ꯔꯣ
lunghar,ꯂꯨꯡꯍꯔ
subex,ꯁꯨꯕꯦꯁ
ross,ꯔꯣꯁꯁ
mayaamga,ꯃꯌꯥꯝꯒ
saunders,ꯁꯥꯨꯗꯦꯁ꯭ꯔ
gati,ꯒꯥꯒꯤ
changlakkhi,ꯆꯪꯂꯛꯈꯤ
electricity,ꯏꯂꯦꯞꯇ꯭ꯔꯤꯛꯤꯌꯤꯤ
niraj,ꯅꯤꯔꯥꯖ
leisupi,ꯂꯩꯁꯨꯄꯤ
balmer,ꯕꯥꯂꯃꯔ
shashan,ꯁꯥꯁꯟ
atlantic,ꯑꯦꯠꯂꯂꯇꯤꯁꯛ
woodbury,ꯋꯣꯗ꯭ꯔꯕꯤꯤ
bellflower,ꯕꯦꯜꯐꯦꯂꯔꯣꯔ
ningsing,ꯅꯤꯡꯁꯤꯡ
paringni,ꯄꯔꯤꯡꯅꯤ
haraobanachingbada,ꯍꯥꯔꯥꯎꯟꯒꯟꯁꯤꯕꯗ
phaaraba,ꯐꯥꯔꯕ
saluja,ꯁꯂꯨꯖ
porompatni,ꯄꯣꯔꯣꯝꯄꯅꯤꯅ
paakee,ꯄꯥꯀꯦ
kangbu,ꯀꯥꯡꯕꯨ
kumpaapada,ꯀꯨꯝꯄꯥꯗꯥ
mountain,ꯃꯧꯇꯦꯟꯅꯤ
colorado,ꯀꯣꯂꯣꯗꯣꯗ
loupham,ꯂꯧꯐꯝ
coconut,ꯀꯣꯅꯣꯇꯣ
gentry,ꯖꯦꯟꯇ꯭ꯔꯤ
avondale,ꯑꯚꯣꯟꯗꯦꯦꯜ
enka,ꯏꯟꯀ
kun,ꯀꯨꯟ
khongthang,ꯈꯣꯡꯊꯥꯡ
chakkouba,ꯆꯥꯛꯀꯧꯕ
paanggansinggi,ꯄꯥꯡꯒꯟꯁꯤꯡꯒꯤ
siddiqui,ꯁꯤꯗꯗꯤꯁꯨ
finserv,ꯐꯤꯟꯁ꯭ꯔꯔ
uppal,ꯎꯞꯄꯥꯜ
khuntaalakkhi,ꯈꯨꯟꯇꯥꯈꯤꯈꯤ
surprise,ꯁꯨꯔꯤꯁ꯭ꯋꯔ
varun,ꯚꯔꯨꯟ
goutam,ꯒꯧꯇꯝ
senbagi,ꯁꯦꯟꯕꯒꯤ
tangkhaida,ꯇꯥꯡꯈꯈꯗ
taiba,ꯇꯥꯢꯕ
chitradurga,ꯆꯤꯇ꯭ꯔꯗ꯭ꯔꯔ
laanda,ꯂꯥꯟꯗ
palatine,ꯄꯥꯂꯇꯤꯤꯦ
pasupuleti,ꯄꯁꯨꯄꯇꯤꯤ
nbcc,ꯅꯤꯛꯁ
teleservices,ꯇꯦꯂꯤꯕꯔꯤꯤꯁ
jeykumaran,ꯖꯤꯌꯀꯨꯃꯥꯔꯟ
awaangda,ꯑꯋꯥꯡꯗ
bend,ꯕꯦꯟꯗ
holloway,ꯍꯣꯜꯂꯥꯎ
fineotex,ꯐꯤꯅꯣꯖꯦꯁꯇꯦ
kupthana,ꯀꯨꯞꯊꯅ
tide,ꯇꯤꯗꯦ
dillon,ꯗꯤꯜꯂꯣꯟ
afreen,ꯑꯦꯔꯔꯦꯟ
phisa,ꯐꯤꯁꯥ
patiala,ꯄꯇꯥꯂꯤꯌꯥ
aviation,ꯑꯌꯥꯚꯤꯇꯣꯟ
bismarck,ꯕꯤꯁꯃꯔꯀꯤ
rosario,ꯔꯣꯁ꯭ꯔꯥꯔꯤ
khunnung,ꯈꯨꯟꯨꯨꯡ
tenawa,ꯇꯦꯅꯥꯥ
ingkhonda,ꯏꯪꯈꯣꯟꯗ
ema,ꯏꯃꯥ
yoknaba,ꯌꯣꯛꯅꯕ
fairfield,ꯐꯥꯢꯔꯦꯜꯐꯤ
maynard,ꯃꯅꯥꯟꯗ꯭ꯔ
lowell,ꯂꯣꯋꯦꯜ
laguna,ꯂꯥꯒꯅ
puraki,ꯄꯨꯔꯛꯏ
phouoibi,ꯐꯧꯑꯣꯢꯕꯤ
awaatapaa,ꯑꯋꯥꯠꯄꯥ
chaipanita,ꯆꯥꯢꯄꯅꯤꯇ
toubsingnasu,ꯇꯧꯕꯤꯅꯁꯡꯨꯨ
ngaobadouna,ꯉꯥꯎꯕꯗꯧꯅ
murshidabad,ꯃꯨꯔꯤꯁꯗꯥꯗ
dominguez,ꯗꯣꯃꯤꯡꯒꯦ
pugh,ꯄꯨꯒ
koktong,ꯀꯣꯛꯇꯣꯡ
khangda,ꯈꯪꯗ
charamde,ꯆꯥꯔꯝꯗ
samjetshabam,ꯁꯝꯖꯥꯦꯕꯝꯝ
heihei,ꯍꯩꯩ
langjaa,ꯂꯥꯡꯖꯥ
thabaksing,ꯊꯥꯕꯛꯁꯤꯡ
foseco,ꯐꯤꯁꯣꯑꯦ
madhya,ꯃꯥꯙ꯭ꯌꯥ
khngle,ꯈ꯭ꯂꯦꯡ
maanna,ꯃꯥꯟꯅ
yong,ꯌꯣꯡ
sangareddi,ꯁꯪꯉꯗꯦꯔꯗꯤ
chaada,ꯆꯥꯗ
tamlaba,ꯇꯝꯂꯕ
pebet,ꯄꯦꯕꯦꯠ
colton,ꯀꯣꯇꯣꯟ
khubak,ꯈꯨꯕꯛ
awasthi,ꯑꯋꯥꯠꯤ
nadaf,ꯅꯥꯗꯐ
tamjakhibadugi,ꯇꯝꯖꯕꯤꯗꯕꯒꯤꯤ
kanbiheiba,ꯀꯟꯕꯤꯕꯩ
paangdaba,ꯄꯥꯡꯗꯕ
shrivastava,ꯁ꯭ꯔꯚꯚꯥꯁꯇ꯭ꯌꯥꯥꯥ
complex,ꯀꯝꯄ꯭ꯂꯦꯛ
begum,ꯕ꯭ꯒꯨꯝ
heikru,ꯍꯩꯀ꯭ꯔꯨ
lupagi,ꯂꯨꯄꯥꯒꯤ
madala,ꯃꯥꯗ
machaakhaiba,ꯃꯆꯥꯈꯤꯕ
texmaco,ꯇꯦꯛꯀꯥꯃꯣ
jharkhand,ꯈꯥꯔꯈꯟꯗ
supply,ꯁꯨꯞꯄ꯭ꯔꯦ
takpiramba,ꯇꯥꯛꯄ꯭ꯔꯤꯃꯕ
beard,ꯕꯤꯔꯥ
ngareima,ꯉꯥꯔꯦꯃ
behura,ꯕꯨꯖꯥꯔ
kangpa,ꯀꯪꯄꯥ
machilipatnam,ꯃꯆꯤꯂꯤꯄꯥꯅꯥ
bonilla,ꯕꯣꯅꯤꯂꯂ
lakhimpur,ꯂꯥꯈꯤꯄꯨꯔꯔ
masingdagi,ꯃꯁꯤꯡꯗꯒꯤ
datacom,ꯗꯥꯥꯇꯥꯣꯝ
larson,ꯂꯥꯔꯁꯣꯟ
kolhapur,ꯀꯣꯜꯍꯔꯔꯨ
souza,ꯁꯧꯖꯥ
randall,ꯔꯥꯟꯗꯥꯜ
panaana,ꯄꯅꯥꯅ
chouhan,ꯆꯧꯍꯟ
knoxville,ꯀꯣꯛꯅꯤꯕꯂꯂꯦ
kumhou,ꯀꯨꯝꯧꯧ
rawlani,ꯔꯥꯂꯀꯅꯤ
paalli,ꯄꯥꯜꯂꯤ
shingh,ꯁꯤꯡ
kanaanasu,ꯀꯅꯥꯅꯁꯨ
lousing,ꯂꯧꯁꯤꯡ
kadapa,ꯀꯥꯗꯄ
shaktuna,ꯁꯛꯇꯨꯅ
arvada,ꯑꯥꯔꯗꯥ
keshri,ꯀꯦꯁꯤꯔꯤ
khundaaba,ꯈꯨꯟꯗꯥꯕ
thaajanabigi,ꯊꯥꯖꯅꯕꯤꯒꯤ
aying,ꯑꯌꯤꯡ
taraamangaa,ꯇꯔꯥꯃꯉꯥ
kerala,ꯀꯦꯔꯥꯃ
mahabaleshwar,ꯃꯍꯥꯚꯥꯋꯦꯁꯔ
toledo,ꯇꯣꯂꯦꯗꯣ
magana,ꯃꯥꯒꯅ
kaangbagi,ꯀꯥꯡꯕꯒꯤ
denver,ꯗꯦꯟꯔꯕ
chathang,ꯆꯊꯪ
amunet,ꯑꯃꯨꯅꯦꯠ
muthoot,ꯃꯨꯊꯣꯛꯣꯛ
phurit,ꯐꯨꯔꯤꯠ
giri,ꯒꯤꯔꯤ
panglubadagi,ꯄꯥꯡꯂꯨꯕꯗꯒꯤ
lappa,ꯂꯥꯞꯄ
wockhardt,ꯋꯣꯛꯆꯔꯠꯗ
pumnamakpu,ꯄꯨꯝꯅꯃꯛꯄꯨ
laiyamsingni,ꯂꯥꯢꯌꯥꯝꯁꯤꯡꯅꯤ
manga,ꯃꯥꯟꯒ
pheesaa,ꯐꯦꯁꯥꯥꯥ
laiyon,ꯂꯥꯢꯌꯣꯟ
phongba,ꯐꯣꯡꯕ
paangli,ꯄꯥꯡꯂꯤ
vaishnavi,ꯚꯥꯢꯁꯅꯅꯤ
nipaal,ꯅꯤꯄꯥꯜ
farabani,ꯐꯥꯕꯅꯤꯤ
jharia,ꯚꯔꯤꯌꯥ
victorville,ꯚꯤꯚꯇꯣꯔꯤꯕꯂꯤꯌꯥꯦꯜ
phaogatlakliba,ꯐꯥꯎꯒꯠꯂꯛꯂꯕꯄ
pompi,ꯄꯣꯝꯄꯤ
joliet,ꯖꯣꯂꯤꯌ
meriden,ꯃꯦꯔꯤꯗꯦꯟ
simon,ꯁꯤꯃꯣꯟ
hotnari,ꯍꯣꯠꯅꯔꯤ
para,ꯄꯔꯥ
yaobagi,ꯌꯥꯎꯕꯒꯤ
maannari,ꯃꯥꯟꯅꯔꯤ
pangthokkhiba,ꯄꯥꯡꯊꯣꯛꯈꯤꯕ
tonk,ꯇꯣꯟꯟꯛ
misou,ꯃꯤꯁꯧ
linde,ꯂꯤꯟꯗꯦ
keithel,ꯀꯩꯊꯦꯜ
negi,ꯅꯦꯒꯤ
kainakhibasi,ꯀꯥꯢꯅꯈꯤꯕꯁꯤ
kubi,ꯀꯨꯕꯤ
everest,ꯏꯕꯔꯁꯦꯁ
christensen,ꯀ꯭ꯔꯤꯁꯇꯦꯟꯟꯟꯟꯁ
tamkhi,ꯇꯝꯈꯤ
cook,ꯀꯣꯛꯁ
bistagond,ꯕꯤꯁꯇꯦꯗꯟ
mexico,ꯃꯦꯛꯁꯤꯀꯣ
engines,ꯏꯉꯦꯟꯁꯦ
lugo,ꯂꯨꯒꯣ
huinao,ꯍꯨꯢꯅꯥ
kuina,ꯀꯨꯢꯅ
junction,ꯖꯨꯟꯅꯣꯛꯅꯦ
territorysing,ꯇꯦꯔꯤꯇꯣꯔꯤꯁꯤꯡ
ngasishu,ꯉꯁꯤꯁꯨ
neon,ꯅꯣꯌꯣꯟ
duke,ꯗꯨꯀꯦ
waatkani,ꯋꯥꯠꯀꯅꯤ
meeyaanchaa,ꯃꯤꯌꯥꯟꯁꯥꯥ
bannari,ꯕꯥꯟꯅꯔꯤ
paokhum,ꯄꯥꯎꯈꯨꯝ
enunglon,ꯏꯅꯨꯡꯂꯣꯟ
lakeland,ꯂꯥꯀꯦꯟꯗꯟ
polang,ꯄꯣꯂꯥꯡ
failen,ꯐꯥꯂꯦꯟ
laatnaba,ꯂꯥꯠꯅꯕ
khullakpi,ꯈꯨꯜꯂꯥꯛꯄꯤ
machaaduna,ꯃꯆꯥꯗꯨꯅ
veraval,ꯚꯦꯔꯥꯜꯜ
kodaikanal,ꯀꯣꯢꯗꯥꯅꯥꯜ
warwick,ꯋꯥꯔꯤꯛꯛ
haapnaba,ꯍꯥꯞꯅꯕ
seilon,ꯁꯩꯂꯣꯟ
tangirala,ꯇꯥꯟꯒꯔꯥꯥꯥ
yade,ꯌꯥꯗꯦ
cheisingkanglon,ꯆꯩꯁꯤꯡꯀꯥꯡꯂꯣꯟ
fertilisers,ꯐꯔꯔꯤꯖꯤꯂꯤꯁ
ethoi,ꯏꯊꯣꯢ
bhubaneshwari,ꯕꯨꯕꯥꯅꯦꯁ꯭ꯋꯔꯤ
vaishnavi,ꯚꯥꯢꯁꯨꯅꯥꯢ
bullhead,ꯕꯜꯜꯂꯦꯜ
karnataka,ꯀꯥꯔꯅꯥꯠ
bramha,ꯕ꯭ꯔꯥꯍꯥ
poklakkani,ꯄꯣꯛꯂꯛꯀꯅꯤ
schaeffler,ꯁꯥꯐꯦꯦꯔ
datia,ꯗꯥꯇꯤ
meihouloldagi,ꯃꯩꯍꯧꯂꯣꯜꯗꯒꯤ
kaanaba,ꯀꯥꯅꯕ
investments,ꯏꯟꯖꯦꯟꯇꯦꯁꯁꯁ
cunningham,ꯀꯦꯟꯅꯤꯉꯝ
patan,ꯄꯇꯥꯟ
houdabani,ꯍꯧꯗꯕꯅꯤ
sabinaba,ꯁꯥꯕꯅꯕ
fitzgerald,ꯐꯤꯇꯔꯔꯦꯗꯣꯗ
thaadorakpa,ꯊꯥꯗꯣꯔꯛꯄ
leiramba,ꯂꯩꯔꯝꯕ
russo,ꯔꯁꯁꯣ
lynch,ꯂꯤꯟꯆ
mapuk,ꯃꯄꯨꯛ
matungdadi,ꯃꯇꯨꯡꯗꯗꯤ
mapuki,ꯃꯄꯨꯀꯤ
yenba,ꯌꯦꯟꯕ
nipal,ꯅꯤꯄꯥꯜ
visaka,ꯕꯤꯁꯥꯀ
paokhong,ꯄꯥꯎꯈꯣꯡ
laanthoklaga,ꯂꯥꯟꯊꯣꯛꯂꯒ
uraki,ꯎꯔꯥꯢ
samjinnabasu,ꯁꯝꯖꯤꯟꯅꯕꯁꯨ
thafam,ꯊꯥꯐꯝ
urikhinbam,ꯎꯔꯤꯈꯤꯟꯕꯝ
somerville,ꯁꯣꯃꯤꯔꯦꯕꯂꯦ
suven,ꯁꯨꯚꯚꯦ
indusind,ꯏꯟꯗꯨꯁꯤꯗ
sheppard,ꯁꯦꯄꯄꯔꯗ
bluffs,ꯕ꯭ꯂꯤꯁ
sintaakhansingna,ꯁꯤꯟꯇꯥꯈꯤꯤꯡꯅꯡꯅ
yaobara,ꯌꯥꯎꯕꯔ
leining,ꯂꯩꯅꯤꯡ
krishnanagar,ꯀ꯭ꯔꯤꯁꯅꯔꯥꯅ
apaakpa,ꯑꯄꯥꯛꯄ
pudukkottai,ꯄꯨꯗꯨꯀꯣꯇꯀꯀ
beavercreek,ꯕꯤꯌꯥꯚꯔꯦꯁꯁꯦꯠ
meeoisinggi,ꯃꯤꯑꯣꯢꯁꯤꯡꯒꯤ
sinlon,ꯁꯤꯟꯂꯣꯟ
houdri,ꯍꯧꯗ꯭ꯔꯤ
matamduda,ꯃꯇꯝꯗꯨꯗ
phaaba,ꯐꯥꯕ
khongthaangda,ꯈꯣꯡꯊꯥꯗꯗ
roberts,ꯔꯣꯕꯦꯁꯁꯟ
maanglubadagi,ꯃꯥꯡꯂꯧꯕꯗꯒꯤ
areinu,ꯑꯔꯩꯅꯨ
stevenson,ꯁꯤꯚꯦꯦꯕꯟꯟ
sura,ꯁꯨꯔ
matamchuppa,ꯃꯥꯝꯆꯨꯄꯨ
doda,ꯗꯣꯗ
aribini,ꯑꯔꯤꯕꯤꯅꯤ
ningthousing,ꯅꯤꯡꯊꯧꯁꯤꯡ
banki,ꯕꯥꯟꯀꯤ
paints,ꯄꯥꯟꯇꯤꯁ
gulf,ꯒꯨꯜꯐ
ataher,ꯑꯇꯥꯔꯦ
lanpung,ꯂꯥꯟꯄꯨꯡ
finley,ꯐꯤꯟꯂꯦ
nagercoil,ꯅꯥꯒꯦꯀꯦꯜ
chelsea,ꯆꯦꯜꯁꯤ
bandhan,ꯕꯥꯟꯗꯟ
microscopetagi,ꯃꯤꯁꯇꯣꯔꯤꯄꯀꯣꯒꯒꯒ
leijaba,ꯂꯩꯖꯕ
lupaagi,ꯂꯨꯄꯥꯒꯤ
historyda,ꯍꯤꯁꯇꯣꯔꯗꯔ
fimuna,ꯐꯤꯃꯨꯅ
young,ꯌꯧꯡ
ion,ꯏꯑꯣꯟ
hairadi,ꯍꯥꯢꯔꯗꯤ
ayaambada,ꯑꯌꯥꯝꯕꯗ
laison,ꯂꯥꯢꯁꯣꯟ
solara,ꯁꯣꯂꯔꯥ
nahanbani,ꯅꯥꯍꯟꯕꯅꯤ
suresh,ꯁꯨꯔꯦꯁ
cheinap,ꯆꯩꯅꯥꯞ
thourangsingda,ꯊꯧꯔꯥꯡꯁꯤꯡꯗ
handokpagi,ꯍꯥꯟꯗꯣꯛꯄꯒꯤ
ngakpa,ꯉꯥꯛꯄ
waangu,ꯋꯥꯡꯒ
apakmaa,ꯑꯄꯛꯃꯥ
chawla,ꯆꯥꯂꯥ
nepit,ꯅꯦꯄꯤꯠ
forest,ꯐꯣꯔꯤꯖꯦꯠ
kuna,ꯀꯨꯅꯥ
srivastava,ꯁ꯭ꯔꯚꯖꯥꯇꯕꯥꯟ
shaffer,ꯐꯐꯦꯔ
parween,ꯄꯔꯔꯦꯦꯟ
sanaaleipaak,ꯁꯅꯥꯂꯩꯄꯥꯛ
ekhaa,ꯏꯈꯥ
frenchki,ꯐ꯭ꯔꯦꯟꯀꯤ
saathina,ꯁꯥꯊꯤꯅ
indiaga,ꯏꯟꯗꯤꯌꯥꯒ
mayekpu,ꯃꯌꯥꯛꯄꯨ
omaxe,ꯑꯣꯃꯥꯦꯣ
annapolis,ꯑꯟꯅꯣꯀꯂꯤꯁꯤ
thiruvananthapuram,ꯊꯤꯔꯨꯇꯔꯅꯅꯨꯄꯔꯝ
machaanipaa,ꯃꯆꯥꯅꯤꯄꯥ
greene,ꯒ꯭ꯔꯤꯅꯦ
hourakphamni,ꯍꯧꯔꯛꯐꯝꯅꯤ
perses,ꯄꯔꯁꯦꯁ
kahenna,ꯀꯥꯍꯦꯟꯅ
bano,ꯕꯥꯅꯣ
coleman,ꯀꯣꯂꯦꯟ
himadri,ꯍꯤꯃꯥꯗꯤ
pattnaik,ꯄꯠꯅꯠꯀꯤ
skuldagi,ꯁꯨꯜꯗꯒꯤ
kaagi,ꯀꯥꯒꯤ
yekkhotpa,ꯌꯦꯛꯈꯣꯛꯄ
uriba,ꯎꯔꯤꯕ
ningthamgi,ꯅꯤꯡꯊꯝꯒꯤ
veda,ꯚꯦꯗ
just,ꯖꯨꯁꯇ
houtokpikhipa,ꯍꯧꯇꯣꯛꯄꯤꯈꯤꯄꯤ
chaoraba,ꯆꯥꯎꯔꯕ
naosekpam,ꯅꯥꯎꯁꯦꯄꯥꯝ
phaba,ꯐꯕ
birbahugi,ꯕꯤꯔꯨꯕꯥꯒꯤ
kashmir,ꯀꯁꯤꯃꯔꯔ
glendale,ꯌꯦꯂꯦꯥꯦ
calumet,ꯀꯂꯨꯃꯦꯦ
kwaa,ꯀ꯭ꯋꯥ
sat,ꯁꯥꯠ
mingchat,ꯃꯤꯡꯆꯠ
seattle,ꯁꯤꯠꯇꯂꯦ
clair,ꯀꯦꯢꯁꯔ
cuttack,ꯀꯠꯇꯦꯛꯛ
kollam,ꯀꯣꯜꯂꯝ
badami,ꯕꯥꯗꯃꯃꯤ
changnaba,ꯆꯥꯡꯅꯕ
balaghat,ꯕꯥꯂꯥꯥꯠ
lilagi,ꯂꯤꯂꯥꯒꯤ
taibangjam,ꯇꯥꯢꯕꯪꯒꯖꯝ
nongthak,ꯅꯣꯡꯊꯛꯛ
khunggang,ꯈꯨꯡꯒꯪ
nagari,ꯅꯥꯒꯔꯤ
kalaburagi,ꯀꯥꯂꯕꯨꯔꯒꯤ
navadurga,ꯅꯥꯚꯗꯨꯔ
keina,ꯀꯩꯅ
varma,ꯚꯥꯃꯔ
olympic,ꯑꯣꯂꯤꯝꯄꯤꯛ
zavala,ꯓꯥꯂꯥ
burch,ꯕꯨꯔꯆ
pakhangbagi,ꯄꯥꯈꯪꯕꯒꯤ
laishangda,ꯂꯥꯢꯁꯪꯗ
petra,ꯄꯦꯠꯇꯔ
tanla,ꯇꯥꯟꯂꯥ
boca,ꯕꯣꯁꯥ
uzbeki,ꯎꯕꯦꯀꯤ
massey,ꯃꯁꯦꯁꯦ
sagar,ꯁꯥꯒꯔ
nganna,ꯉꯥꯟꯅ
thengnabagi,ꯊꯦꯡꯅꯕꯒꯤ
hornbill,ꯍꯣꯔꯕꯤꯟꯂꯦꯜ
sangli,ꯁꯪꯂꯤ
mumbai,ꯃꯨꯝꯕꯥꯢ
atri,ꯑꯇ꯭ꯔꯤ
yenakhaa,ꯌꯦꯅꯈꯥ
yannanaba,ꯌꯥꯟꯅꯅꯕ
loinaduna,ꯂꯣꯢꯅꯗꯨꯅ
poway,ꯄꯣꯋꯥ
sonipat,ꯁꯣꯅꯤꯄꯥꯠ
anakpa,ꯑꯅꯥꯛꯄ
muniswara,ꯃꯨꯅꯤꯁ꯭ꯋꯥꯔꯥ
panaani,ꯄꯅꯥꯅꯤ
chingsaangsingna,ꯆꯤꯡꯁꯪꯁꯤꯡꯅꯅ
mirza,ꯃꯤꯔꯓꯥ
paandam,ꯄꯥꯟꯗꯝ
onhanduna,ꯑꯣꯟꯍꯟꯗꯨꯅ
kumsinba,ꯀꯨꯝꯁꯤꯟꯕ
hermitagegi,ꯍꯥꯔꯃꯦꯇꯤꯒꯤꯤ
dublin,ꯗꯨꯜꯂꯤꯟ
state,ꯁ꯭ꯇꯦꯠ
wathore,ꯋꯥꯊꯣꯔ
tumhanbagi,ꯇꯨꯝꯍꯟꯕꯒꯤ
waangbadu,ꯋꯥꯡꯕꯗꯨ
samjetsabam,ꯁꯝꯖꯦꯁꯇꯕꯝꯝ
huhtamaki,ꯍꯨꯝꯇꯀꯀꯤ
sundram,ꯁꯨꯟꯗ꯭ꯔꯝ
meenungsi,ꯃꯤꯅꯨꯡꯁꯤ
pullaba,ꯄꯨꯜꯂꯕ
mangaluru,ꯃꯉꯟꯔꯨꯨꯨꯨ
dohrey,ꯗꯣꯔꯦꯐ
pal,ꯄꯥꯜ
sakminnabagi,ꯁꯛꯃꯦꯟꯅꯕꯒꯤ
chhateja,ꯆꯇꯦꯖ
raykar,ꯔꯥꯀꯥꯔ
hajipur,ꯍꯥꯖꯤꯄꯔꯨ
haappaga,ꯍꯥꯞꯄꯒ
vakrangee,ꯚꯛꯔꯥꯔꯤꯦ
suffolk,ꯁꯨꯐꯣꯜꯛꯛ
sheisak,ꯁꯩꯁꯛ
refractories,ꯔꯤꯐꯦꯇꯣꯔꯤꯌꯥꯥꯛ
naothingkhong,ꯅꯥꯎꯊꯤꯡꯈꯣꯡ
homerna,ꯍꯣꯔꯤꯅꯅ
saafu,ꯁꯥꯐꯨ
seide,ꯁꯩꯗꯦ
samu,ꯁꯃꯨ
yenthokpagi,ꯌꯦꯟꯊꯣꯛꯄꯒꯤ
salaichasingga,ꯁꯂꯥꯢꯆꯦꯡꯒ
gangte,ꯒꯥꯡꯦ
prakash,ꯄꯔꯀꯥꯁ
lee,ꯂꯤ
benitez,ꯕꯦꯅꯤꯖꯦ
yukren,ꯌꯨꯛ꯭ꯔꯦꯟ
salt,ꯁꯥꯠ
amangsang,ꯑꯃꯥꯡꯁꯪ
iningthou,ꯏꯅꯤꯡꯊꯧ
baharampur,ꯕꯥꯥꯔꯄꯨꯔꯔ
touminnabagi,ꯇꯧꯃꯤꯟꯅꯕꯒꯤ
tangadabani,ꯇꯥꯟꯗꯕꯗꯅꯤ
lio,ꯂꯤꯑꯣ
hangchit,ꯍꯥꯡꯆꯤꯠ
dalhousie,ꯗꯜꯜꯍꯧꯁꯤ
sinthaa,ꯁꯤꯟꯊꯥ
thi,ꯊꯤ
paamnakhiba,ꯄꯥꯝꯅꯈꯤꯕ
udhampur,ꯎꯗꯝꯄꯨꯔ
maangpa,ꯃꯥꯡꯄ
santana,ꯁꯟꯇꯅ
ayambagi,ꯑꯌꯥꯝꯕꯒꯤ
patterson,ꯄꯥꯇꯇꯔꯁꯣꯟ
chenhanba,ꯆꯦꯟꯍꯟꯕ
kailashahar,ꯀꯥꯢꯂꯥꯔꯕ
balmiki,ꯕꯥꯂꯤꯀꯤꯤ
saathiraba,ꯁꯥꯊꯤꯔꯕ
organ,ꯑꯣꯒ꯭ꯥꯟ
punjab,ꯄꯨꯟꯖꯥꯕ
headquarter,ꯍꯥꯗꯋꯥꯇꯇꯔꯔ
meeyamna,ꯃꯤꯌꯥꯝꯅ
belkoni,ꯕꯦꯜꯀꯣꯅꯤ
potpham,ꯄꯣꯠꯐꯝ
wasif,ꯋꯥꯁꯤ
kouraba,ꯀꯧꯔꯕ
pope,ꯄꯣꯄꯦ
choudhary,ꯆꯧꯗꯔꯔ
kangleipaakpu,ꯀꯪꯂꯩꯄꯥꯛꯄꯛ
soto,ꯁꯣꯇꯣ
sanaareina,ꯁꯅꯥꯔꯦꯅꯥ
pambigi,ꯄꯥꯝꯕꯤꯒꯤ
underwood,ꯎꯟꯗꯦꯔꯧꯗꯣꯗ
primate,ꯄ꯭ꯔꯤꯃꯥꯢ
laknage,ꯂꯥꯛꯅꯔꯦ
isuzu,ꯏꯁꯨꯨꯨ
hakki,ꯍꯥꯛꯀꯤ
pambisingna,ꯄꯥꯝꯕꯤꯁꯤꯡꯅ
irvine,ꯏꯔꯤꯕꯤꯟ
meishaa,ꯃꯩꯁꯥ
parrish,ꯄꯔꯔꯤꯁ
romda,ꯔꯣꯝꯗ
ashley,ꯑꯁꯦ꯭ꯌꯦ
mamaangngeigi,ꯃꯥꯥꯡꯉꯩꯃꯤ
lawrie,ꯂꯥꯋꯔꯤ
bhushan,ꯚꯨꯍꯥꯟ
special,ꯁ꯭ꯄꯦꯁꯤꯌꯦꯜ
seamec,ꯁꯤꯌꯥꯃꯛ
niwajgi,ꯅꯤꯋꯥꯥꯒꯤ
gaikwad,ꯒꯥꯢꯖꯥꯛ
fare,ꯐꯔꯦ
tingthoktuna,ꯇꯤꯡꯊꯣꯛꯇꯨꯅ
jersey,ꯖꯦꯔꯤꯌ
laiyek,ꯂꯥꯢꯌꯦꯛ
dhatu,ꯙꯥꯨꯨ
artifact,ꯑꯥꯔꯇꯤꯐꯦꯛꯁꯛ
costa,ꯀꯣꯁꯇꯥ
ngashishu,ꯉꯁꯤꯁꯨ
bhagalpur,ꯚꯒꯥꯄꯥꯔꯨ
lansinggi,ꯂꯥꯟꯁꯤꯡꯒꯤ
rameswaram,ꯔꯥꯃꯦꯟꯗ꯭ꯔꯥꯝ
dev,ꯗꯦꯕ
ahuja,ꯑꯍꯨꯖ
semlakpa,ꯁꯦꯝꯂꯛꯄ
global,ꯒꯣꯂꯥꯜ
ningthourelni,ꯅꯤꯡꯊꯧꯔꯦꯜꯅꯤ
dart,ꯗꯥꯔꯠ
samtharaktanaba,ꯁꯝꯊꯠꯈꯤꯕꯅ
amuksu,ꯑꯃꯨꯛꯁꯨ
chaurasiya,ꯆꯥꯎꯔꯤꯌꯥꯌꯥ
panana,ꯄꯅꯥꯅ
sandorakpadagi,ꯁꯟꯗꯣꯔꯛꯄꯗꯒꯤ
konlaga,ꯀꯣꯟꯂꯒ
europeki,ꯏꯌꯨꯔꯣꯀꯀꯤ
buxar,ꯕꯨꯖꯔꯔ
narsinghgarh,ꯅꯥꯁꯤꯡꯒ꯭ꯤꯍꯔ
feichom,ꯐꯩꯆꯣꯝ
giles,ꯒꯤꯂꯦꯁꯦ
dialect,ꯗꯤꯑꯦꯦꯦꯂꯦꯠ
sathina,ꯁꯥꯊꯤꯟ
uttar,ꯎꯠꯇꯔ
amazon,ꯑꯃꯥꯓꯣꯟ
leiminnahankhi,ꯂꯩꯃꯤꯟꯅꯈꯤꯈꯤ
chanipanga,ꯆꯥꯅꯤꯄꯥꯟꯒ
dadra,ꯗꯥꯗ꯭ꯔ
waheina,ꯋꯥꯍꯩꯅ
debita,ꯗꯦꯕꯤꯇ
sophia,ꯁꯣꯐꯤꯌꯥ
mishra,ꯃꯤꯁꯔꯤ
heal,ꯍꯤꯜ
thaina,ꯊꯥꯢꯅ
hourakpa,ꯍꯧꯔꯛꯄ
ireland,ꯏꯔꯥꯟꯂꯦꯟ
enid,ꯏꯅꯤꯗ
naiba,ꯅꯥꯢꯕ
fluorine,ꯐ꯭ꯂꯣꯔꯤꯅꯦꯖ
hoshangabad,ꯍꯣꯁꯥꯟꯕꯗ
sayreville,ꯁꯔꯔꯔꯦꯜꯂꯦꯜ
dispur,ꯗꯤꯁꯄꯨꯔ
virani,ꯚꯤꯔꯥꯅꯤ
serrano,ꯁꯔꯔꯔꯅꯣ
seishak,ꯁꯩꯁꯛ
floyd,ꯐ꯭ꯂꯣꯟꯗ
kokfaigi,ꯀꯣꯛꯐꯥꯒꯤ
sakolpan,ꯁꯥꯀꯣꯜꯄꯟ
waatli,ꯋꯥꯠꯂꯤ
meenungshi,ꯃꯤꯅꯨꯨꯁꯤ
melton,ꯃꯦꯜꯇꯣꯟ
paaraa,ꯄꯥꯔꯥ
turelni,ꯇꯨꯔꯦꯜꯅꯤ
kushwaha,ꯀꯨꯁ꯭ꯋꯥ
ngashepam,ꯉꯁꯤꯄꯝ
lanlou,ꯂꯥꯟꯂꯧ
hurley,ꯍꯨꯔꯂꯦ
maheshwari,ꯃꯍꯦꯁ꯭ꯋꯥꯔꯤ
jamshedpur,ꯖꯝꯁꯗꯔꯄꯔꯨ
maun,ꯃꯥꯎꯟ
tamfamshang,ꯇꯝꯐꯝꯁꯥ
poly,ꯄꯣꯂꯤ
weymouth,ꯋꯤꯃꯧꯊ
agarawal,ꯑꯥꯒꯥꯔꯜ
cotton,ꯀꯇꯣꯠꯅꯣ
centro,ꯁꯦꯟꯇꯔꯣ
zinc,ꯓꯤꯟꯛ
corp,ꯀꯥꯔ
kanaba,ꯀꯥꯕꯅ
tilakpur,ꯇꯤꯂꯛꯄꯄꯨ
phaaktoklaga,ꯐꯥꯛꯇꯣꯛꯂꯒ
keshari,ꯀꯦꯁꯔꯤ
desabathula,ꯗꯦꯁꯥꯜꯍꯥ
lirammi,ꯂꯤꯔꯝꯃꯤ
gaya,ꯒꯥꯂꯥ
thongbasingna,ꯊꯣꯡꯕꯁꯤꯡꯡꯅ
jelly,ꯖꯦꯂꯤꯜ
krishna,ꯀ꯭ꯔꯤꯁꯅ
prasad,ꯄ꯭ꯔꯥꯗ
nagpur,ꯅꯥꯄꯨꯔ
saadrisibo,ꯁꯥꯗꯗ꯭ꯔꯤꯁꯤꯕ
shruti,ꯁꯨꯇꯨꯇꯤ
leimajam,ꯂꯩꯃꯖꯥ
gonda,ꯖꯣꯟꯗ
touri,ꯇꯧꯔꯤ
beaverton,ꯕ꯭ꯕꯥꯔꯥꯚꯣꯇꯟ
johns,ꯖꯣꯟꯁꯁ
nabha,ꯅꯕ
yaoriba,ꯌꯥꯎꯔꯤꯕ
kaanglupki,ꯀꯥꯡꯂꯨꯞꯀꯤ
toudana,ꯇꯧꯗꯅ
douglas,ꯗꯧꯒꯂꯁ
meeshak,ꯃꯤꯁꯛ
jarvis,ꯖꯥꯔꯤꯤꯁ
barai,ꯕꯔꯥ
collierville,ꯀꯣꯜꯂꯤꯂꯤꯕꯤ
glycols,ꯒ꯭ꯂꯤꯀꯣꯜꯁ
electrosteel,ꯏꯂꯦꯛꯇ꯭ꯂꯦꯀꯦꯇꯦꯗ
wachetmanbi,ꯋꯦꯦꯦꯃꯦꯠꯕꯤ
yuba,ꯌꯨꯕ
leikhidaba,ꯂꯩꯈꯤꯗꯕ
mayamsigi,ꯃꯌꯥꯝꯁꯤꯒꯤ
shantiniketan,ꯁꯟꯇꯤꯤꯇꯟꯀꯦꯟꯟ
veda,ꯚꯦꯗꯥ
lane,ꯂꯥꯅꯦ
centum,ꯁꯦꯟꯇꯨꯝ
asini,ꯑꯁꯤꯅꯤ
patel,ꯄꯇꯦꯜ
aeronautics,ꯑꯦꯔꯅꯅꯤꯁꯣꯁ
khumaang,ꯈꯨꯃꯥꯡ
africa,ꯑꯐ꯭ꯔꯤꯀꯥ
siwan,ꯁꯤꯋꯥꯟ
mamingdagi,ꯃꯃꯤꯡꯗꯒꯤ
haannagi,ꯍꯥꯟꯅꯒꯤ
suri,ꯁꯨꯔꯤ
potsangpam,ꯄꯣꯠꯁꯥꯄꯥꯝ
machida,ꯃꯆꯤꯗ
maagi,ꯃꯥꯒꯤ
macias,ꯃꯥꯥꯁꯤꯥ
guha,ꯒꯨꯍꯥ
nakhutna,ꯅꯈꯨꯠꯅ
ayaangpa,ꯑꯌꯥꯡꯄ
laikhulempi,ꯂꯥꯢꯈꯨꯝꯂꯤꯤ
autometa,ꯑꯇꯣꯇꯣꯃꯦ
randhawa,ꯔꯥꯟꯗꯋ
gravita,ꯒꯥꯚꯤꯤꯇꯥ
sakpa,ꯁꯛꯄꯄ
waangngi,ꯋꯥꯡꯉꯤ
tiwari,ꯇꯤꯋꯥꯔꯤ
lacey,ꯂꯥꯁꯦ
yotngou,ꯌꯣꯠꯅꯧ
gangadas,ꯒꯥꯪꯗꯁ
charity,ꯀꯔꯤꯇꯤ
worldwide,ꯋꯣꯔꯇꯦꯗꯦꯗ
yeningthaa,ꯌꯦꯅꯤꯡꯊꯥ
chatnalammi,ꯆꯠꯅꯂꯝꯃꯤ
peck,ꯄꯦꯛꯁꯛ
oibani,ꯑꯣꯢꯕꯅꯤ
thongnaba,ꯊꯣꯡꯅꯕ
kikipedia,ꯀꯤꯀꯤꯄꯦꯗꯤꯌꯥ
pulempa,ꯄꯨꯂꯦꯝꯄ
pithari,ꯄꯤꯊꯔꯤ
laangon,ꯂꯥꯉꯣꯟ
prasath,ꯄ꯭ꯔꯥꯁꯊ
maurya,ꯃꯧ꯭꯭ꯔꯔꯥ
taagi,ꯇꯥꯒꯤ
moreno,ꯃꯣꯔꯦꯅꯣ
pleasant,ꯄ꯭ꯂꯦꯁꯟꯁ
kunmari,ꯀꯨꯟꯃꯥꯔꯤ
asasi,ꯑꯁꯥꯁꯤ
bodh,ꯕꯣꯙ
nakhong,ꯅꯥꯈꯣꯡ
jambavan,ꯖꯝꯕꯥꯕꯟ
yaraba,ꯌꯥꯔꯕ
frisco,ꯐ꯭ꯔꯤꯁꯀꯥ
satin,ꯁꯥꯇꯤꯟ
neinalonbu,ꯅꯩꯅꯂꯣꯟꯕꯨ
everest,ꯏꯖꯔꯕꯦꯁ
jhunjhunu,ꯖꯨꯟꯖꯨꯟꯨꯨ
murrieta,ꯃꯨꯔꯤꯤꯇꯥ
jennings,ꯖꯦꯟꯅꯤꯡ
little,ꯂꯤꯠꯂꯦ
miss,ꯃꯤꯁꯁ
thajanaba,ꯊꯥꯖꯅꯕ
thambagi,ꯊꯝꯕꯒꯤ
river,ꯔꯤꯚꯦ
marok,ꯃꯔꯣꯛ
maria,ꯃꯔꯤꯌꯥ
phaarabani,ꯐꯥꯔꯕꯅꯤ
crawford,ꯀ꯭ꯔꯦꯐꯣꯔꯗ
darshan,ꯗꯥꯔꯁꯟꯟ
tamthiba,ꯇꯝꯊꯤꯕ
guevara,ꯒꯨꯚꯔꯥꯔ
beasley,ꯕ꯭ꯌꯥꯖꯦꯁ
leifamna,ꯂꯩꯐꯝꯅ
lourakpham,ꯂꯧꯔꯛꯐꯝ
silvassa,ꯁꯤꯜꯥꯥꯚꯁ
sevagram,ꯁꯦꯕꯔ꯭ꯝꯔꯝ
moran,ꯃꯣꯔꯥꯟ
priya,ꯄ꯭ꯔꯤꯌꯥ
saageirel,ꯁꯥꯒꯩꯔꯦꯜ
panpaki,ꯄꯥꯟꯄꯀꯤ
kangbuni,ꯀꯥꯡꯕꯨꯅꯤ
phijam,ꯐꯤꯖꯝ
vishnuna,ꯕꯤꯁꯨꯨꯅ
epak,ꯏꯄꯥꯛ
tanbagi,ꯇꯥꯟꯕꯒꯤ
greenfield,ꯒꯦꯔꯤꯟꯐꯦꯜ
ghaziabad,ꯒꯋꯥꯢꯕꯗ
cera,ꯁꯦꯔꯥ
ngaaksennanaba,ꯉꯥꯛꯁꯦꯟꯅꯅꯕ
berg,ꯕꯦꯖ
puwarida,ꯄꯨꯋꯥꯔꯤꯗ
safari,ꯁꯥꯐꯔꯤ
matonsi,ꯃꯇꯣꯟꯁꯤ
rivas,ꯔꯤꯚꯥꯁ
merlion,ꯃꯦꯔꯂꯣꯟ
chanu,ꯆꯥꯎ
panaraga,ꯄꯅꯥꯔꯒ
district,ꯗꯤꯁꯇ꯭ꯔꯤꯛ
kayam,ꯀꯌꯥꯝ
khare,ꯈꯔꯦ
behar,ꯕꯦꯍꯔ
conway,ꯀꯣꯟ꯭ꯋꯥ
chaadana,ꯆꯥꯗꯅ
shrivastav,ꯁ꯭ꯔꯤꯇꯥꯚꯣ
mehta,ꯃꯦꯠꯇ
grover,ꯒ꯭ꯔꯚꯣꯔ
punsinduna,ꯄꯨꯟꯁꯤꯟꯗꯨꯅ
upada,ꯎꯄꯗ
castaneda,ꯀꯥꯁꯦꯇꯇꯦꯟꯗ
patra,ꯄꯇ꯭꯭ꯔꯥꯥꯥ
taneja,ꯇꯅꯦꯖ
natei,ꯅꯥꯇꯩ
kayaatsingna,ꯀꯌꯥꯠꯁꯤꯡꯅ
hopkins,ꯍꯣꯞꯁꯤꯟꯁꯛ
saktaakkhi,ꯁꯛꯇꯥꯛꯈꯤ
khanjaraba,ꯈꯟꯖꯔꯕ
essel,ꯏꯁꯦꯁꯦꯜ
himachal,ꯍꯤꯃꯆꯜ
judiens,ꯖꯨꯗꯤꯟꯁ
alwadhi,ꯑꯜꯋꯥꯥꯥꯤ
kanniyakumari,ꯀꯟꯅꯤꯌꯃꯨꯔꯔꯔ
stokes,ꯁ꯭ꯀ꯭ꯔꯣꯁꯤ
vincent,ꯚꯤꯟꯦꯦꯟꯠ
religare,ꯔꯤꯒꯤꯌꯥꯔꯦ
bharatiya,ꯚꯥꯔꯠꯌꯥꯥ
littleton,ꯂꯤꯇꯂꯦꯠꯇꯣꯟ
thaanaa,ꯊꯥꯅꯥ
yumsalon,ꯌꯨꯝꯁꯥꯂꯣꯟ
burch,ꯕꯨꯔꯆ
centennial,ꯁꯦꯟꯇꯦꯟꯅꯦꯜ
vilas,ꯚꯤꯂꯥꯁ
thomas,ꯊꯣꯃꯥꯁ
kokpiba,ꯀꯣꯛꯄꯤꯕ
katihar,ꯀꯥꯤꯥꯔ
chengalpattu,ꯆꯦꯡꯒꯜꯄꯇꯥꯛ
aristotle,ꯑꯔꯤꯁꯇꯣꯖꯦꯛ
jivani,ꯖꯤꯕꯅꯤ
changdamnaba,ꯆꯥꯡꯗꯝꯅꯕ
kokphaigi,ꯀꯣꯛꯄꯥꯢꯒꯤ
bethlehem,ꯕꯦꯊꯤꯦꯂꯤ
dwevedi,ꯗ꯭ꯋꯦꯗꯦꯋꯤ
bedford,ꯕꯦꯐ꯭ꯗ꯭ꯔꯣ
baranwal,ꯕꯔꯥꯟꯖꯦꯜ
aggrawal,ꯑꯒ꯭ꯔꯒꯥꯔꯜ
londaada,ꯂꯣꯟꯗꯥꯗ
vaasudeva,ꯚꯥꯁꯨꯗꯋꯋ
rupa,ꯔꯨꯄꯥ
view,ꯚꯤꯌꯦ
wendt,ꯋꯦꯟꯗꯦꯠ
shak,ꯁꯛ
nabadurgaa,ꯅꯕꯗꯨꯔꯕꯥ
maheiloisingna,ꯃꯍꯩꯃꯣꯣꯁꯤꯡꯅ
ruminant,ꯔꯨꯃꯤꯟꯅꯟ
khasia,ꯈꯁꯤꯌꯥ
programmingna,ꯄ꯭ꯔꯣꯒꯔꯔꯝꯗꯅꯤꯅ
taakli,ꯇꯥꯛꯂꯤ
spartanburg,ꯁ꯭ꯄ꯭ꯔꯦꯇꯥꯟꯕꯤꯔꯨꯡ
nahan,ꯅꯍꯥꯟ
waadu,ꯋꯥꯗꯨ
eyao,ꯏꯌꯥꯎ
machunachingbada,ꯃꯆꯨꯅꯆꯤꯡꯕꯗ
heisingbu,ꯍꯩꯁꯤꯡꯕꯨ
saatkanli,ꯁꯥꯠꯀꯂꯅꯤ
financial,ꯐꯤꯅꯥꯟꯤꯀꯦꯜ
january,ꯖꯦꯅꯔꯨꯔꯤ
ahluwalia,ꯑꯍꯜꯂꯨꯋꯥꯤꯌꯥ
jodhpur,ꯖꯣꯙꯗꯔꯔ
thaleima,ꯊꯥꯂꯩꯃ
chaibasa,ꯆꯥꯢꯕꯁ
cincinnati,ꯁꯤꯟꯅꯤꯤꯤꯇꯤ
digvijay,ꯗꯤꯖꯤꯖꯦꯤ
icici,ꯏꯁꯤꯀꯤ
nemty,ꯅꯦꯝꯇꯤ
chembond,ꯀꯦꯝꯕꯣꯟꯗ
innovation,ꯏꯟꯅꯣꯚꯣꯇꯤꯟ
berlin,ꯕꯦꯔꯤꯂꯤꯟ
lamjing,ꯂꯝꯖꯤꯡ
daman,ꯗꯥꯃꯟ
hounaba,ꯍꯧꯅꯕ
khurailaakpa,ꯈꯨꯔꯥꯂꯥꯛꯄ
jammu,ꯖꯃꯨꯝ
sanghi,ꯁꯥꯡꯍꯤ
aurobindo,ꯑꯎꯔꯑꯑꯣꯕꯤꯗꯣ
conner,ꯀꯣꯟꯅꯔ
singsu,ꯁꯤꯡꯁꯨ
sah,ꯁꯥꯍ
herrera,ꯍꯔꯔꯦꯔꯔ
nongin,ꯅꯣꯡꯏꯟ
danbury,ꯗꯟꯕ꯭ꯔꯤꯋꯔ
cheihiki,ꯆꯩꯍꯩꯀꯤ
olsen,ꯑꯣꯜꯦꯁꯟ
amabuni,ꯑꯃꯕꯨꯅꯤ
eisu,ꯑꯩꯁꯨ
lingkhatkhibani,ꯂꯤꯡꯈꯠꯈꯤꯡꯅꯤꯕ
idea,ꯏꯗꯦ
shakpa,ꯁꯛꯄ
manghanba,ꯃꯥꯡꯍꯟꯕ
protection,ꯄ꯭ꯔꯣꯇꯦꯀꯤꯁꯟ
normal,ꯅꯣꯔꯃꯦꯜ
amamba,ꯑꯃꯝꯕ
maheising,ꯃꯍꯩꯁꯤꯡ
khurailakpa,ꯈꯨꯔꯥꯢꯂꯥꯛꯄ
leifam,ꯂꯩꯐꯝ
figueroa,ꯐꯤꯒꯨꯒꯣꯔꯥ
statesingga,ꯁ꯭ꯇꯦꯁꯦꯁꯤꯡꯒ
thapi,ꯊꯥꯄꯤ
dailek,ꯗꯥꯢꯂꯦꯛ
coon,ꯀꯣꯑꯣꯟ
kangleichasingna,ꯀꯪꯂꯩꯄꯁꯤꯡꯡ
alembic,ꯑꯦꯂꯝꯕꯤꯁ
rasayan,ꯔꯁꯥꯃꯟ
naatampa,ꯅꯥꯇꯝꯄ
mcguire,ꯃꯦꯒꯨꯔꯦ
luhongkhi,ꯂꯨꯍꯣꯡꯈꯤ
ngallingeidagi,ꯉꯜꯂꯩꯉꯩꯗꯒꯤ
andhra,ꯑꯟꯗ꯭ꯔ
chandragiri,ꯆꯟꯗ꯭ꯔꯤꯉꯔꯤ
matungdagina,ꯃꯇꯨꯡꯏꯗꯒꯅ
lembani,ꯂꯦꯝꯕꯅꯤ
toujaribani,ꯇꯧꯖꯔꯤꯕꯅꯤ
pathapki,ꯄꯥꯊꯞꯀꯤ
luna,ꯂꯨꯅꯥ
urbana,ꯔꯨꯕꯅ
thankhre,ꯊꯥꯟ꯭ꯔꯦ
teja,ꯇꯦꯖꯥ
chakpasinggi,ꯆꯥꯛꯄꯁꯤꯡꯒꯤ
ranchi,ꯔꯥꯟꯆꯤ
moil,ꯃꯣꯢꯂꯣ
latnaduna,ꯂꯥꯠꯅꯗꯨꯅ
panihati,ꯄꯅꯤꯅꯥꯤ
tripathi,ꯇ꯭ꯔꯤꯄꯥꯢ
vargas,ꯚꯥꯒꯥꯔ
leitenglaba,ꯂꯩꯇꯦꯡꯂꯕ
mizoram,ꯃꯤꯓꯣꯔꯥꯝ
orlando,ꯑꯣꯔꯖꯣꯟꯂꯣ
potlam,ꯄꯣꯠꯂꯝ
nungsiruba,ꯅꯨꯡꯁꯤꯔꯨꯕ
jarvis,ꯖꯥꯔꯤꯤꯁ
chittaurgarh,ꯆꯤꯇꯇꯔꯔꯒꯔ
ollakkhiba,ꯑꯣꯜꯂꯛꯈꯤꯕ
pangthei,ꯄꯥꯡꯩꯩ
kok,ꯀꯣꯛ
altamonte,ꯑꯂꯥꯇꯇꯣꯅꯦ
linaba,ꯂꯤꯅꯕ
leihou,ꯂꯩꯍꯧ
binodini,ꯕꯤꯅꯣꯗꯤꯅꯤ
thapigi,ꯊꯥꯄꯤꯒꯤ
walls,ꯋꯥꯜꯁ
thaadoktuna,ꯊꯥꯗꯣꯛꯇꯨꯅ
akron,ꯑꯀꯛꯣꯟ
chennai,ꯆꯦꯟꯅꯥꯢ
harmon,ꯍꯥꯔꯣꯟꯟ
paaktuna,ꯄꯥꯛꯇꯨꯅ
plano,ꯄ꯭ꯂꯥꯅꯣ
engkhonda,ꯏꯪꯈꯣꯟꯗ
thenjin,ꯊꯦꯟꯖꯤꯟ
hayainugi,ꯍꯌꯥꯢꯅꯨꯒꯤ
taakpani,ꯇꯥꯛꯄꯅꯤ
nmdc,ꯗꯦꯛꯛꯁ
amuba,ꯑꯃꯨꯕ
leisingbu,ꯂꯩꯁꯤꯡꯕꯨ
charlotte,ꯆꯥꯂꯣꯇꯇꯦ
linden,ꯂꯤꯟꯗꯦꯟ
delano,ꯗꯦꯂꯥꯥ
chahao,ꯆꯥꯎꯍ
nareng,ꯅꯥꯔꯦꯡ
chinglembi,ꯆꯤꯡꯂꯦꯝꯕꯤ
robbins,ꯔꯣꯕꯤꯟꯁꯤ
tayaamna,ꯇꯌꯥꯝꯅ
nemle,ꯅꯦꯂꯦꯝ
wangkhem,ꯋꯥꯡꯈꯦꯝ
pharmaceuticals,ꯐꯔꯃꯃꯤꯦꯁꯇꯤꯤꯤꯗ
phanggani,ꯐꯪꯒꯅꯤ
haryana,ꯍꯔꯥꯌꯅ
texas,ꯇꯦꯛꯁꯥ
palisetti,ꯄꯥꯂꯤꯁꯦꯤꯇ
lafu,ꯂꯥꯐꯨ
bhatt,ꯚꯥꯠꯇ
fernandez,ꯐꯦꯔꯅꯦꯟꯗ
hutchinson,ꯍꯨꯠꯆꯤꯟꯅꯣꯟ
bhattacharjee,ꯚꯥꯠꯇꯔꯆꯔꯦ
taitansinggidamak,ꯇꯥꯢꯇꯪꯂꯤꯤꯤꯡꯗꯁꯛ
thar,ꯊꯥꯔ
puthokkhi,ꯄꯨꯊꯣꯛꯈꯤ
phare,ꯐꯔꯦ
paabunggi,ꯄꯥꯎꯕꯤꯒ
elizabeth,ꯏꯂꯦꯕꯇꯔꯦ
rutherfordium,ꯔꯨꯊꯦꯇꯔꯐꯣꯔꯤꯝ
panna,ꯄꯥꯟꯅ
trivedi,ꯇ꯭ꯔꯤꯕꯦꯗꯤ
sangleicha,ꯁꯪꯡꯂꯩ
leipaakpu,ꯂꯩꯄꯥꯛꯄꯨ
nitrite,ꯅꯤꯇꯤꯇꯔ
phunnabada,ꯐꯨꯟꯅꯕꯗ
manaana,ꯃꯅꯥꯅ
cooper,ꯀꯣꯄꯔꯔ
lourakfam,ꯂꯧꯔꯛꯐꯝ
awangda,ꯑꯋꯥꯡꯗ
chattharakkhiba,ꯆꯠꯊꯈꯛꯈꯤꯕ
leptrimakhei,ꯂꯦꯞꯇ꯭ꯔꯤꯈ꯭ꯩ
deleon,ꯗꯦꯂꯦꯟ
kaanglupsingbu,ꯀꯥꯡꯂꯨꯞꯁꯤꯡꯕꯨ
wasudev,ꯋꯥꯁꯨꯗꯦꯋ
kangleicha,ꯀꯪꯂꯩꯆꯥ
mahesana,ꯃꯍꯦꯁꯅꯥ
pusa,ꯄꯨꯁꯥ
mapugi,ꯃꯄꯨꯒꯤ
sidabi,ꯁꯤꯗꯕꯤ
ahumnu,ꯑꯍꯨꯝꯅꯨ
thaajanabiga,ꯊꯥꯖꯅꯕꯒꯤ
dharmapuri,ꯙꯔꯃꯄꯨꯔꯤꯤ
ngak,ꯉꯥꯛ
khangde,ꯈꯪꯗꯦꯦ
sijinnaphamsi,ꯁꯤꯖꯤꯟꯅꯐꯝꯁꯤ
febulas,ꯐꯦꯕꯨꯂꯁ
yokpa,ꯌꯣꯛꯄ
manipurising,ꯃꯅꯤꯄꯨꯔꯤꯁꯤꯡ
hanul,ꯍꯅꯨꯜ
blue,ꯕ꯭ꯂꯨ
longmont,ꯂꯣꯡꯃꯣꯟꯇ
thaasi,ꯊꯥꯁꯤ
beverages,ꯕꯦꯖꯦꯁꯀꯤꯁ
dhaabi,ꯕꯥꯏꯤ
delray,ꯗꯦꯌꯔꯥ
machaduna,ꯃꯆꯥꯗꯨꯅ
lanmeena,ꯂꯥꯟꯃꯤꯅ
wells,ꯋꯦꯜꯁꯁ
bhilai,ꯚꯤꯂꯥꯢ
english,ꯏꯪꯂꯤꯁ
harvey,ꯍꯥꯔꯕꯦ
saaphagadaba,ꯁꯥꯐꯗꯗꯕ
apollo,ꯑꯣꯌꯣꯜꯣ
sabi,ꯁꯥꯕꯤ
oibagini,ꯑꯣꯢꯕꯒꯤꯅꯤ
nungsi,ꯅꯨꯡꯁꯤ
awangdagi,ꯑꯋꯥꯡꯗꯒꯤ
wadu,ꯋꯥꯗꯨ
guna,ꯒꯨꯅ
strongsville,ꯁ꯭ꯇꯔꯔꯤꯕꯣꯂꯦꯜ
moirangthem,ꯃꯣꯢꯔꯪꯡꯊꯦꯝ
robles,ꯔꯣꯕꯦꯁ
yadav,ꯌꯥꯗ
chingnaba,ꯆꯤꯡꯅꯕ
thagonnaba,ꯊꯥꯒꯣꯟꯅꯕ
thompson,ꯊꯣꯝꯄꯣꯁꯟ
chaturvedi,ꯆꯥꯇꯨꯔꯗꯔꯤ
bowie,ꯕ꯭ꯋꯩꯂ
chaubey,ꯆꯥꯎꯕꯤ
phou,ꯐꯧ
cutural,ꯀꯨꯇꯔꯜ
pakhet,ꯄꯥꯈꯦꯠ
pithoragarh,ꯄꯤꯊꯣꯔꯖꯔ
touriba,ꯇꯧꯔꯤꯕ
ahanba,ꯑꯍꯥꯟꯕ
titan,ꯇꯤꯇꯥꯟ
paba,ꯄꯥꯕ
safaba,ꯁꯥꯐꯕ
yaahalli,ꯌꯥꯍꯜꯂꯤ
yakhibi,ꯌꯥꯈꯤꯕꯤ
taakhanba,ꯇꯥꯛꯍꯟꯕ
nahaasing,ꯅꯥꯥꯁꯤꯡꯡ
mamani,ꯃꯃꯥꯅꯤ
ngaseppam,ꯉꯥꯁꯤꯄꯥꯝ
khagembagi,ꯈꯥꯒꯦꯝꯕꯒꯤ
pfaudler,ꯐꯥꯗ꯭ꯋꯔ
yahalli,ꯌꯥꯍꯜꯂꯤ
hestia,ꯍꯦꯁꯇꯤꯌꯥ
kouduna,ꯀꯧꯗꯨꯅ
mahalka,ꯃꯍꯜꯀ
molina,ꯃꯣꯂꯤꯅ
mayekshi,ꯃꯌꯦꯛꯁꯤ
pune,ꯄꯨꯅꯦ
madikeri,ꯃꯥꯗꯤꯀꯦꯔꯔ
hinggathannaduna,ꯍꯤꯡꯒꯠꯍꯟꯟꯗꯨꯅ
friendswood,ꯐ꯭ꯔꯤꯑꯦꯟꯁꯦꯗꯗꯗ
investments,ꯏꯟꯖꯦꯟꯁꯦꯁꯟꯁ
kaapsinba,ꯀꯥꯞꯁꯤꯟꯕ
sandokkhi,ꯁꯟꯗꯣꯛꯈꯤ
beavercreek,ꯕꯤꯚꯔꯥꯁꯇꯦꯛ
asija,ꯑꯁꯖꯖ
trivedi,ꯇ꯭ꯔꯤꯕꯦꯗꯤ
faaba,ꯐꯥꯕ
laalpichaa,ꯂꯥꯜꯆꯤꯥꯥ
poirei,ꯄꯣꯢꯔꯩ
lairampu,ꯂꯥꯢꯔꯝꯄꯨ
construction,ꯀꯟꯁꯇ꯭ꯟꯇꯣꯔꯤꯟ
nongkhal,ꯅꯣꯡꯈꯜ
jaitley,ꯖꯥꯢꯇꯦꯦꯤ
mamaida,ꯃꯃꯥꯢꯗ
yabirammi,ꯌꯥꯕꯤꯔꯝꯃꯤ
kachin,ꯀꯥꯆꯤꯟ
sandagi,ꯁꯥꯟꯗꯒꯤ
marana,ꯃꯔꯥꯅ
schooldagi,ꯁꯣꯜꯣꯜꯗꯒꯤ
petaluma,ꯄꯦꯇꯥꯂꯨꯝ
tyrannosaurus,ꯇꯤꯔꯥꯟꯅꯔꯣꯁꯁꯁ
dehri,ꯗꯦꯔꯤ
eris,ꯏꯔꯤꯁ
kanglei,ꯀꯪꯂꯩ
ambedkar,ꯑꯦꯝꯕꯗ꯭ꯔꯔ
anant,ꯑꯅꯥꯠ
khullaakpi,ꯈꯨꯜꯂꯥꯛꯄꯤ
germanygi,ꯖꯦꯔꯃꯦꯟꯒꯤ
indoaryan,ꯏꯟꯗꯥꯔꯣꯔꯥꯟꯥꯥꯥ
khunsingda,ꯈꯨꯟꯁꯤꯟꯗ
mangda,ꯃꯥꯡꯗ
daulatabad,ꯗꯥꯎꯂꯕꯇ
motherson,ꯃꯣꯊ꯭ꯔꯔꯣꯟ
nandanwar,ꯅꯥꯟꯗꯋꯔꯔ
vysya,ꯌꯤꯁꯌꯥ
pura,ꯄꯨꯔꯥ
thebes,ꯊꯦꯕꯦꯁ
pokliba,ꯄꯣꯛꯂꯤꯕ
engraji,ꯏꯪꯪꯔꯖꯤ
asinachingbasingbu,ꯑꯁꯤꯅꯆꯤꯡꯕꯡꯕꯡꯨ
flowers,ꯐ꯭꯭꯭꯭ꯋ꯭ꯋ꯭ꯋ꯭ꯋꯣꯔꯤ
odom,ꯑꯣꯗꯣꯝ
khanongpokta,ꯈꯥꯅꯣꯣꯡꯄꯣꯛ
lisaang,ꯂꯤꯁꯥꯡ
bhalla,ꯚꯜꯂꯥ
mapal,ꯃꯄꯥꯜ
shaknairaba,ꯁꯛꯅꯥꯢꯔꯕ
minerals,ꯃꯤꯅꯔꯔꯦꯜ
brock,ꯕ꯭ꯔꯣꯛꯛ
pricol,ꯄ꯭ꯔꯤꯀꯣꯜ
tinsinnaraba,ꯇꯤꯟꯁꯤꯟꯅꯔꯕ
kaatu,ꯀꯥꯇꯨ
mamangngeigi,ꯃꯥꯡꯉꯩꯃꯩꯒꯤ
khunnaigi,ꯈꯨꯟꯅꯥꯢꯒꯤ
mahapatra,ꯃꯍꯥꯄꯥꯥꯔ
breweries,ꯕ꯭ꯔꯤꯖꯤꯁ꯭ꯌꯥꯟ
sougrakpam,ꯁꯧꯒ꯭ꯔꯝꯄ
makhouri,ꯃꯈꯧꯔꯔꯤ
satle,ꯁꯠꯂꯦ
khomduna,ꯈꯣꯝꯗꯨꯅ
webster,ꯋꯦꯁꯇꯦꯁ
longview,ꯂꯣꯡꯋꯤꯚꯤ
korounu,ꯀꯣꯔꯧꯅꯨ
bheda,ꯚꯦꯗ
phailen,ꯐꯥꯢꯂꯦꯟ
moroccan,ꯃꯣꯔꯣꯀꯦꯁꯤ
roach,ꯔꯣꯀꯥ
leingaakta,ꯂꯩꯉꯥꯛꯇ
thokliba,ꯊꯣꯛꯂꯤꯕ
delta,ꯗꯦꯜꯇ
anubis,ꯑꯦꯨꯕꯤꯁ
ventures,ꯚꯦꯅꯇꯔꯁ
cherrapunji,ꯀꯦꯔꯨꯄꯥꯟꯖꯤ
gilmore,ꯒꯤꯜꯂꯣꯔꯦ
hathras,ꯍꯥꯊ꯭ꯔꯥꯁ
torrance,ꯇꯣꯔꯔꯥꯟꯁꯦ
lanmisingna,ꯂꯥꯟꯃꯤꯁꯤꯡꯅ
shangleicha,ꯁꯪꯂꯩꯆꯥ
peifam,ꯄꯩꯐꯝ
satkanli,ꯁꯠꯇꯥꯂꯂꯟꯤ
sitapur,ꯁꯤꯇꯄꯨꯔ
khangjinba,ꯈꯪꯖꯤꯟꯈ
houdoklamba,ꯍꯧꯗꯣꯛꯂꯝꯕ
faobagidi,ꯐꯥꯎꯕꯗꯤꯗꯤ
khangnakhiba,ꯈꯪꯅꯈꯤꯕ
lepnaduna,ꯂꯦꯞꯅꯗꯨꯅ
nu,ꯅꯨ
yoder,ꯌꯣꯗ꯭ꯔ
peipham,ꯄꯩꯐꯝ
yot,ꯌꯣꯠ
pharabani,ꯐꯥꯔꯕꯤꯤ
khaangda,ꯈꯥꯡꯗ
nowgong,ꯅꯣꯡꯒꯣꯡ
heinei,ꯍꯩꯅꯩ
kathua,ꯀꯥꯨꯨ
matheran,ꯃꯊꯦꯔꯥꯟ
manungdasu,ꯃꯅꯨꯡꯗꯁꯨ
phungawarising,ꯐꯨꯡꯒꯥꯋꯥꯔꯤꯡ
varghese,ꯚꯥꯒꯦꯁ꯭ꯋ
toubi,ꯇꯧꯕꯤ
leirabini,ꯂꯩꯔꯕꯅꯤꯤ
ngasepam,ꯉꯥꯁꯦꯝꯄ
steele,ꯁꯤꯇꯦꯦ
vishwakarma,ꯕꯤꯁꯤꯋꯥꯃꯥꯔꯥ
ningba,ꯅꯤꯡꯕ
chingjel,ꯆꯤꯡꯖꯦꯜ
mehrotra,ꯃꯦꯔꯣꯇ꯭ꯔꯥꯥꯥ
asiadana,ꯑꯁꯥꯢꯗꯅ
juned,ꯖꯨꯅꯦ
tulshidas,ꯇꯨꯜꯁꯤꯗ
enzyme,ꯏꯟꯖ꯭ꯌꯥꯔ
tagetes,ꯇꯥꯒꯦꯁꯦ
phibham,ꯐꯤꯚꯝꯝ
nextgen,ꯅꯦꯛꯁꯦꯟꯕ
longanga,ꯂꯣꯉꯥꯟꯒ
phamlongi,ꯐꯝꯂꯣꯟꯒꯤ
victorville,ꯚꯤꯁꯇꯣꯚꯤꯂꯦꯜ
roseville,ꯔꯣꯁꯤꯜꯦꯜ
mythology,ꯃꯤꯊꯣꯂꯣꯒꯣ
mannana,ꯃꯥꯟꯅꯅ
renewables,ꯔꯦꯅꯦꯌꯦꯖꯁ
anand,ꯑꯅꯥꯟꯗ
pasco,ꯄꯥꯁꯀꯣ
pirammi,ꯄꯤꯔꯥꯃꯤ
humputaraa,ꯍꯨꯝꯄꯨꯇꯔꯥ
laiphamdagi,ꯂꯥꯢꯐꯝꯗꯒꯤ
khunthokpaga,ꯈꯨꯟꯊꯣꯛꯄꯒ
kshetrimayum,ꯀꯦ꯭ꯇꯤꯀꯤꯔꯌꯝꯝ
shahid,ꯁꯍꯤꯗ
mayur,ꯃꯌꯨꯔ
kanglupki,ꯀꯥꯡꯂꯨꯞꯀꯤ
ningthousinggi,ꯅꯤꯡꯊꯧꯁꯤꯡꯒꯤ
juarez,ꯖꯨꯔꯥꯓ
jyothy,ꯖꯤꯌꯣꯠꯤ
meidingu,ꯃꯩꯗꯤꯡꯗ
kaanglupna,ꯀꯥꯡꯂꯨꯞꯅ
sanders,ꯁꯥꯟꯗꯦꯔ
saanglaba,ꯁꯥꯡꯂꯕ
loibada,ꯂꯣꯢꯕꯗ
araappada,ꯑꯔꯥꯞꯄꯗ
yallaga,ꯌꯜꯜꯒꯥ
distriparks,ꯗꯤꯁꯇ꯭ꯔꯤꯛꯄꯥꯛ
binoranjan,ꯕꯤꯅꯣꯖꯥꯟꯟ
saangba,ꯁꯥꯡꯕ
katu,ꯀꯇꯨ
lakpadagi,ꯂꯥꯛꯄꯗꯒꯤ
palemdi,ꯄꯂꯦꯝꯗꯤ
laanchao,ꯂꯥꯟꯆꯥꯎ
natraaj,ꯅꯥꯇꯔꯖꯦ
chuchaak,ꯆꯨꯆꯥꯛ
moiranggi,ꯃꯣꯢꯔꯪꯒꯤ
paotak,ꯄꯥꯇꯥꯛ
laatnaduna,ꯂꯥꯠꯅꯗꯨꯅ
rizwan,ꯖꯤꯓꯥꯟ
yaddanapudi,ꯌꯥꯗꯗꯥꯗꯨꯗꯟ
kagi,ꯀꯥꯒꯤ
sintakhansingna,ꯁꯤꯟꯇꯛꯈꯤꯁꯤꯡꯅ
niyog,ꯅꯤꯌꯣꯒ
chei,ꯆꯩ
evans,ꯏꯕꯥꯟꯁ
ambikapur,ꯑꯝꯕꯤꯀꯀꯔꯨ
saphu,ꯁꯥꯐꯨ
tissue,ꯇꯤꯁꯦꯁ
schultz,ꯆꯨꯜꯇ
aluminium,ꯑꯂꯧꯂꯤꯤꯤꯌꯝ
manhattan,ꯃꯥꯟꯟꯇ
kolkata,ꯀꯣꯜꯀꯇ
lanmina,ꯂꯥꯟꯃꯤꯅ
barasat,ꯕꯔꯥꯁꯠ
atul,ꯑꯇꯨꯜ
kumhei,ꯀꯨꯝꯍꯩ
yumlingi,ꯌꯨꯝꯂꯤꯉꯤ
dwivedi,ꯗꯤꯍꯩꯗꯦ
bruno,ꯕ꯭ꯔꯤꯅꯣ
spokane,ꯁ꯭ꯄꯣꯀꯣꯅꯦ
noblesville,ꯅꯣꯚꯤꯕꯤꯁꯦꯜ
manchikanti,ꯃꯟꯆꯥꯟꯇꯤꯇ
phiral,ꯐꯤꯔꯜ
asaba,ꯑꯁꯥꯕ
tamilpetromarine,ꯇꯥꯃꯤꯠꯐꯔꯢꯔꯔꯤꯦꯟꯟ
hung,ꯍꯨꯡ
pot,ꯄꯣꯠ
chaakkouba,ꯆꯥꯛꯀꯧꯕ
rajkot,ꯔꯥꯖꯣꯀ
nupada,ꯅꯨꯄꯥꯗ
exchange,ꯏꯛꯀꯅꯦ
ispat,ꯏꯁꯥꯄꯠ
kumbakarna,ꯀꯨꯝꯕꯔꯥꯅ
khongchat,ꯈꯣꯡꯆꯠ
telheiba,ꯇꯦꯜꯍꯩꯕ
surya,ꯁꯨꯔꯌꯥ
akoibada,ꯑꯀꯣꯕꯤꯗ
seiraangbani,ꯁꯩꯔꯥꯡꯕꯤꯅ
paomee,ꯄꯥꯎꯃꯤ
tewari,ꯇꯦꯋꯥꯔꯤ
radico,ꯔꯥꯗꯤꯑꯣꯑꯣ
hu,ꯍꯨ
waamang,ꯋꯥꯃꯟ
neeraj,ꯅꯤꯔꯥꯖ
hangchitla,ꯍꯥꯡꯆꯤꯠꯂ
paakchaobadagini,ꯄꯥꯛꯆꯥꯎꯕꯒꯤꯗꯅ
thyrotechno,ꯊꯤꯔꯣꯞꯇꯣꯅꯣ
gears,ꯖꯤꯑꯥꯔꯁ
north,ꯅꯣꯊꯊ
terre,ꯇꯦꯔꯦ
luis,ꯂꯨꯢꯁ
leisou,ꯂꯩꯁꯧ
tingkhanggumna,ꯇꯤꯡꯈꯥꯡꯅꯨꯝꯅ
raymond,ꯔꯥꯃꯣꯣꯟꯗ
kirk,ꯀꯤꯛ
minneapolis,ꯃꯤꯟꯅꯣꯛꯂꯤꯁꯦꯁ
hercules,ꯍꯦꯔꯀꯤꯂꯤꯁ
lacedaemon,ꯂꯥꯀꯥꯗꯦꯣꯟꯗꯟ
sei,ꯁꯩ
tinsinnaba,ꯇꯤꯟꯁꯤꯟꯅꯕ
kanniyakumari,ꯀꯟꯅꯤꯌꯨꯃꯔꯔꯔꯤ
vineland,ꯚꯤꯟꯂꯦꯟꯗ
watkani,ꯋꯠꯀꯅꯤ
paki,ꯄꯥꯀꯤ
cranston,ꯀꯦꯟꯁ꯭ꯇꯣꯟ
bryan,ꯕ꯭ꯔ꯭ꯌꯥꯟ
khajuraho,ꯈꯖꯖꯔꯔꯩ
seshasayee,ꯁꯦꯁꯁ꯭ꯌꯦ
thammi,ꯊꯝꯃꯤ
algiers,ꯑꯜꯒꯔꯤꯁ
kharagi,ꯈꯔꯒꯒꯤ
leelagi,ꯂꯤꯂꯥꯒꯤ
chamthaba,ꯆꯝꯊꯕ
kasniya,ꯀꯥꯁꯤꯌꯌꯥ
houkharaba,ꯍꯧꯈ꯭ꯔꯕ
purakkhre,ꯄꯨꯔꯛꯈꯤꯗ
vasudebagi,ꯚꯥꯗꯦꯗꯕꯒꯤꯒꯤ
chaanei,ꯆꯥꯩꯩ
iowa,ꯏꯑꯣꯋꯥ
phangdriba,ꯐꯪꯗ꯭ꯔꯕ꯭ꯔ
puthokli,ꯄꯨꯊꯣꯛꯂꯤ
seth,ꯁꯦꯊ
elenpung,ꯏꯂꯦꯟꯄꯨꯡ
mamaannabisingga,ꯃꯥꯃꯅꯤꯤꯤꯤꯡꯕꯒ
nayib,ꯅꯌꯤꯕ
bbc,ꯕꯤꯁ
cheiramsing,ꯀꯩꯔꯥꯝꯁꯤꯡ
wangu,ꯋꯥꯡ
mamingmathaa,ꯃꯃꯤꯡꯃꯥꯃꯥ
lana,ꯂꯥꯅ
apokpasingni,ꯑꯄꯣꯛꯁꯤꯁꯤꯡꯅꯤ
khongchatka,ꯈꯣꯡꯆꯠꯇ
seishakpa,ꯁꯩꯁꯥꯛꯄ
chatnabisinggi,ꯆꯠꯅꯕꯤꯁꯤꯡꯒꯤ
pumnamaksi,ꯄꯨꯝꯅꯥꯃꯁꯤ
hisar,ꯍꯤꯁꯥꯔ
ngambagi,ꯉꯝꯕꯒꯤ
aribam,ꯑꯔꯤꯕꯝꯝ
waaheibu,ꯋꯥꯍꯩꯕꯨ
kolounongpu,ꯀꯣꯂꯧꯅꯦꯡꯄ
angur,ꯑꯪꯟꯨꯔ
mathur,ꯃꯊꯨꯔ
naina,ꯅꯥꯢꯅ
chingsindaba,ꯆꯤꯡꯁꯤꯟꯗꯕ
virbhadra,ꯕꯤꯚ꯭ꯔꯚꯗ
veishnav,ꯚꯩꯁꯅꯍꯣ
punsinaba,ꯄꯨꯟꯁꯤꯟꯅꯕ
ratnagiri,ꯔꯥꯠꯅꯔꯤꯒꯤ
gadge,ꯒꯥꯗꯦ
heritage,ꯍꯤꯔꯤꯇꯦꯖ
shenoy,ꯁꯦꯅꯣꯢ
khagemba,ꯈꯥꯒꯦꯝꯕ
findlay,ꯐꯤꯟꯗꯥꯂ
lafoisi,ꯂꯥꯎꯁꯤꯌꯥ
maannaramde,ꯃꯥꯟꯅꯔꯝꯗꯗꯦ
aster,ꯑꯁꯇꯔꯦ
pokchaba,ꯄꯣꯛꯆꯕ
ningthourolsing,ꯅꯤꯡꯊꯧꯔꯣꯜꯁꯤꯡ
palakkad,ꯄꯥꯂꯛꯀ
bayonne,ꯕꯥꯌꯣꯟꯅꯦ
asheville,ꯑꯁꯦꯁꯤꯜꯂꯤ
parbhani,ꯄꯥꯔꯚꯅꯤ
columbus,ꯀꯣꯂꯝꯕꯁ
suven,ꯁꯨꯚꯦꯟ
thililda,ꯊꯤꯂꯤꯜꯗ
murfreesboro,ꯃꯨꯔꯨꯨꯔꯖꯤꯔꯔꯣꯑꯣ
crosse,ꯀ꯭ꯔꯣꯁꯁ
olympia,ꯑꯣꯂꯤꯝꯄꯤꯌꯥ
waseem,ꯋꯥꯁꯦꯝ
cipla,ꯀꯦꯞꯄ
maalang,ꯃꯥꯂꯪ
emung,ꯏꯃꯨꯡ
burke,ꯕꯨꯔꯀꯦ
jauhari,ꯖꯧꯍꯔꯤ
yaya,ꯌꯥꯌꯥ
bhal,ꯚꯥꯜ
kharashu,ꯈꯔꯥꯁꯨ
wheeling,ꯋꯤꯍꯦꯜꯒꯤ
dutt,ꯗꯨꯠꯠ
aloi,ꯑꯂꯣꯢ
insecticides,ꯏꯟꯁꯤꯗꯦꯦꯦꯁꯇꯤ
sati,ꯁꯥꯇꯤ
virus,ꯚꯤꯔꯨꯁ
nungngaiba,ꯅꯨꯡꯉꯥꯢꯕ
phajaba,ꯐꯥꯖꯕ
elgi,ꯏꯜꯒꯤ
paambigi,ꯄꯥꯝꯕꯤꯒꯤ
tandon,ꯇꯥꯟꯗꯣꯟ
miramar,ꯃꯤꯔꯥꯃꯔ
chadian,ꯆꯥꯗꯤꯟ
loulok,ꯂꯧꯂꯣꯛ
phouda,ꯐꯧꯗ
chabun,ꯆꯥꯕꯨꯟ
dhaulpur,ꯙꯥꯎꯄꯨꯔ
sanskritki,ꯁꯥꯟꯁ꯭ꯔꯥꯛꯀꯤ
davangere,ꯗꯥꯕꯅꯦꯔ
sareen,ꯁꯔꯦꯦꯟ
florence,ꯐ꯭ꯂꯣꯅꯦꯁ
flynn,ꯐ꯭ꯂꯤꯟꯟ
mentor,ꯃꯦꯟꯇꯣꯔ
machangsing,ꯃꯆꯥꯡꯁꯤꯡ
mammary,ꯃꯃꯥꯔꯌꯥ
apisa,ꯑꯄꯤꯁ
wahanbagidamak,ꯋꯥꯍꯟꯕꯒꯤꯗꯃꯛ
rajput,ꯔꯥꯖꯄꯄ
khotthokpagi,ꯈꯣꯠꯊꯣꯛꯄꯒꯤ
loukrakpam,ꯂꯧꯛꯀꯥꯔꯝꯄ
marak,ꯃꯔꯥꯛ
varanasi,ꯚꯥꯔꯥꯁꯤꯅꯤ
ngaoduna,ꯉꯥꯎꯗꯨꯅ
garrison,ꯒꯔꯔꯤꯁꯣꯟ
chaudhary,ꯆꯥꯙꯔꯌꯤ
kangfalgi,ꯀꯪꯐꯥꯜꯒꯤ
madurai,ꯃꯗꯨꯗꯔꯤ
marifu,ꯃꯔꯤꯐꯨ
sangbannaba,ꯁꯥꯡꯕꯟꯟꯕ
tongbram,ꯇꯣꯡꯕ꯭ꯔꯔꯝ
yotleena,ꯌꯣꯠꯂꯦꯅ
biocon,ꯕꯤꯌꯣꯣꯟ
rane,ꯔꯥꯟ
mathunda,ꯃꯊꯨꯟꯗ
sheishak,ꯁꯩꯁꯛꯛ
maikeigi,ꯃꯥꯢꯀꯩꯒꯤ
september,ꯁꯦꯞꯇꯦꯕꯔ
lourakkhi,ꯂꯧꯔꯛꯈꯤ
lang,ꯂꯥꯡ
saatpa,ꯁꯥꯠꯄ
hengatlak,ꯍꯦꯟꯒꯠꯂꯛ
ngada,ꯉꯥꯗ
kharagpur,ꯈꯥꯔꯄꯄꯨ
yeknabada,ꯌꯦꯛꯅꯕꯗ
horn,ꯍꯣꯔꯟ
polyplex,ꯄꯣꯂꯦꯛꯄꯦꯁ
nanabagi,ꯅꯥꯅꯕꯒꯤ
yuropki,ꯌꯨꯔꯣꯞꯀꯤ
midnapore,ꯃꯤꯗꯥꯥꯅꯣꯄꯔ
pennington,ꯄꯦꯟꯅꯤꯡꯇꯣꯟ
thrissur,ꯊ꯭ꯔꯤꯁ꯭ꯋꯔꯨ
maheigi,ꯃꯍꯩꯒꯤ
gangwar,ꯒꯪꯋꯥꯔ
numitkidamak,ꯅꯨꯃꯤꯠꯀꯤꯗꯃꯛ
latnaba,ꯂꯥꯠꯅꯕ
feeds,ꯐꯤꯗꯦ
mcdowell,ꯁꯦꯛꯗꯣꯜꯦꯜ
chhipa,ꯆꯤꯄ
tongnganba,ꯇꯣꯉꯥꯟꯕꯕ
ngasisu,ꯉꯁꯁꯤꯁꯨ
camarillo,ꯀꯦꯃꯥꯥꯔꯤꯌꯣꯂꯣ
chaanu,ꯆꯥꯅꯨ
taakpa,ꯇꯥꯛꯄ
madison,ꯃꯗꯤꯁꯤꯤ
lam,ꯂꯝ
tirana,ꯇꯤꯔꯅ
novi,ꯅꯣꯚꯤ
thangbadi,ꯊꯪꯕꯗꯤ
thaakhare,ꯊꯥꯈꯔꯦ
ngashisu,ꯉꯁꯤꯁꯨ
lanna,ꯂꯥꯟꯅ
dekalb,ꯗꯦꯀꯜ
khumde,ꯈꯨꯝꯗꯦ
kavi,ꯀꯥꯚꯤ
tomar,ꯇꯣꯃꯥꯔ
tyre,ꯇꯤꯔꯦ
michamsingbu,ꯃꯤꯆꯥꯁꯤꯡꯕꯨ
weeks,ꯋꯦꯛꯁ
arabki,ꯑꯔꯥꯕꯀꯤ
rochester,ꯔꯣꯁꯇꯦꯚ
carlsbad,ꯀꯥꯔꯕꯦꯜꯗ
leo,ꯂꯤꯑꯣ
chaorakkhi,ꯆꯥꯎꯔꯛꯈꯤ
taipangpaal,ꯇꯥꯢꯄꯪꯄꯥꯜ
maanghanba,ꯃꯥꯡꯍꯟꯕ
emalonbu,ꯏꯃꯥꯂꯣꯟꯕꯨ
yendrembam,ꯌꯦꯟꯗ꯭ꯔꯦꯝꯕꯝ
purakpa,ꯄꯨꯔꯛꯄ
chaoshaangba,ꯆꯥꯎꯁꯪꯕ
cheihigi,ꯆꯩꯍꯤꯒꯤ
dasila,ꯗꯥꯁꯤꯂ
mayamda,ꯃꯌꯥꯝꯗ
sakkhangbidriba,ꯁꯛꯈꯪꯈꯤꯗ꯭ꯔꯤꯕ
takpa,ꯇꯥꯛꯄ
yengnabada,ꯌꯦꯡꯅꯕꯗ
ngaklongi,ꯉꯥꯛꯂꯣꯟꯒꯤ
kaalratri,ꯀꯥꯜꯔꯥꯇ꯭ꯔꯤ
acevedo,ꯑꯦꯀꯦꯗꯗꯣ
kotturu,ꯀꯣꯠꯇꯨꯔꯨ
digvijay,ꯗꯤꯖꯤꯖꯤꯤꯤ
malang,ꯃꯥꯂꯪ
sehgal,ꯁꯦꯜꯒꯜ
rajgarh,ꯔꯥꯖꯔꯖꯍ
uchan,ꯎꯆꯟ
meisa,ꯃꯩꯁꯥ
river,ꯔꯤꯚꯦ
youngstown,ꯌꯧꯡꯇꯣꯡꯣꯟ
thapaalon,ꯊꯥꯄꯥꯂꯣꯟ
ngamdaba,ꯉꯝꯗꯕ
mamallapuram,ꯃꯃꯜꯂꯧꯂꯔꯄ
redeemer,ꯔꯤꯗꯦꯃ
gutti,ꯒꯨꯠꯏꯤ
mapulen,ꯃꯄꯨꯂꯦꯟ
lising,ꯂꯤꯁꯤꯡ
thaangchahanpa,ꯊꯥꯡꯆꯍꯟꯄ
yonnei,ꯌꯣꯟꯅꯩ
provo,ꯄ꯭ꯔꯣꯚꯣ
yaakhibi,ꯌꯥꯈꯤꯕꯤ
ebungngo,ꯏꯕꯨꯉꯣꯉ
laanleima,ꯂꯥꯟꯂꯩꯃ
yaaraba,ꯌꯥꯔꯕ
khutmaaba,ꯈꯨꯠꯃꯥꯕ
gandhimathi,ꯒꯥꯟꯆꯤꯃꯥꯍꯤ
hidakloisingsi,ꯍꯤꯗꯥꯛꯂꯣꯢꯁꯤꯡꯗꯤ
life,ꯂꯤꯐꯦ
laisangsinggi,ꯂꯥꯢꯁꯪꯁꯤꯡꯒꯤ
panani,ꯄꯅꯥꯅꯤ
sarukki,ꯁꯔꯨꯛꯀꯤ
bhukya,ꯚꯨꯛꯌꯥ
cerritos,ꯀꯦꯔꯤꯇꯣꯁꯁꯤ
pokpagidamak,ꯄꯣꯛꯄꯒꯤꯗꯃꯛ
hassan,ꯐꯁꯁꯟ
kharasu,ꯈꯔꯥꯁꯨ
sharuk,ꯁꯔꯨꯛ
valdosta,ꯚꯥꯗꯣꯣꯥꯥꯇꯥ
pukhi,ꯄꯨꯈꯤ
austin,ꯑꯥꯎꯁꯤꯟꯟ
shandilya,ꯁꯟꯗꯤꯂꯤꯌꯥ
james,ꯖꯦꯃꯁ
piraduna,ꯄꯤꯔꯥꯗꯨꯅ
peru,ꯄꯦꯔꯨ
gaur,ꯒꯔꯨ
foodworks,ꯐꯣꯗ꯭ꯔꯣꯁꯤ
shaktaakkhi,ꯁꯛꯇꯥꯛꯈꯤ
higgins,ꯍꯤꯒꯤꯁꯤꯡ
phimuna,ꯐꯤꯃꯨꯅ
mayamga,ꯃꯌꯥꯝꯒ
multimedia,ꯃꯨꯠꯂꯤꯌꯦꯗꯤꯌꯥ
stanton,ꯁ꯭ꯇꯦꯟꯇꯣꯟ
tambinaba,ꯇꯝꯕꯤꯅꯕ
rao,ꯔꯥꯎ
dhap,ꯙꯥꯞ
food,ꯐꯣꯗꯣ
affle,ꯐꯦꯜꯐ
graduate,ꯒ꯭ꯔꯗꯦꯇꯋ
ngantuleng,ꯉꯥꯟꯇꯦꯡ
araambai,ꯑꯔꯥꯝꯕꯤ
jhabua,ꯚꯕꯨꯥ
tamphamshang,ꯇꯝꯐꯝꯁꯥꯡ
mariphumapan,ꯃꯔꯤꯐꯨꯃꯥꯄꯟ
palanpur,ꯄꯥꯂꯟꯄꯨꯔꯨ
konungdagi,ꯀꯣꯅꯨꯡꯗꯒꯤ
mafamsu,ꯃꯐꯝꯁꯨ
hankhibana,ꯍꯥꯟꯈꯤꯕꯅ
pusa,ꯄꯨꯁꯥ
shivagauri,ꯁꯤꯕꯒꯨꯔꯤ
wokha,ꯋꯣꯈ
mayaamsigi,ꯃꯌꯥꯝꯁꯤꯒꯤ
quess,ꯀ꯭ꯌ꯭ꯋꯤꯁ
chaokhatnaba,ꯆꯥꯎꯈꯠꯅꯕ
rosales,ꯔꯣꯁꯦꯁꯁꯦ
ata,ꯑꯇꯥ
infraconstruction,ꯏꯟꯐ꯭ꯔꯥꯟꯇꯣꯔꯥꯢꯔꯁꯤꯟ
lynchburg,ꯂꯤꯟꯕꯨꯅꯔ
warisinggi,ꯋꯥꯔꯤꯁꯤꯡꯒꯤ
utlaba,ꯎꯠꯂꯕ
laatamni,ꯂꯥꯇꯝꯅꯤ
diamond,ꯗꯤꯃꯣꯣꯟꯗ
amaangsang,ꯑꯃꯥꯡꯑꯥ
thakna,ꯊꯥꯛꯅ
pidilite,ꯄꯤꯗꯤꯂꯤꯤꯦ
anggurmuk,ꯑꯪꯒꯨꯝꯨꯨꯨ
bengal,ꯕꯦꯡꯒꯜ
echaada,ꯏꯆꯥꯗ
nongshamei,ꯅꯣꯡꯁꯃꯩ
laisinggi,ꯂꯥꯢꯁꯤꯡꯒꯤ
bhopal,ꯐꯣꯄꯥꯜ
aleem,ꯑꯦꯂꯦꯝ
ilat,ꯏꯂꯥꯠ
mangte,ꯃꯥꯡꯇꯦ
indora,ꯏꯟꯗꯣꯔꯥ
indus,ꯏꯟꯗꯁ
sorus,ꯁꯣꯔꯨꯁ
waheisingsigi,ꯋꯥꯍꯩꯁꯤꯡꯒꯤ
taraq,ꯇꯥꯔꯛ
wangbadu,ꯋꯥꯡꯕꯗꯨ
khallo,ꯈꯜꯂꯣ
bentonville,ꯕꯦꯟꯇꯣꯟꯂꯤꯂꯦꯜ
arunachal,ꯑꯔꯨꯅꯆꯥꯜ
paangduna,ꯄꯥꯡꯗꯨꯅ
moupwaada,ꯃꯧꯄ꯭ꯋꯥꯌꯗ
srichakra,ꯁꯤꯔꯆꯥꯔ
tumit,ꯇꯨꯃꯤꯠ
sandilya,ꯁꯟꯗꯤꯂꯤꯌꯥ
stanley,ꯁ꯭꯭ꯦꯟꯥꯂꯦ
arya,ꯑꯥꯔꯌ
mobile,ꯃꯣꯕꯤꯂꯦ
ashaba,ꯑꯁꯥꯕ
kanchan,ꯀꯥꯆꯟꯟ
lilium,ꯂꯤꯂꯤꯌꯝ
fani,ꯐꯥꯅꯤ
natureview,ꯅꯥꯇꯨꯔꯦꯚꯤꯤ
vikram,ꯕꯤꯛ꯭ꯔꯕ
khanbadagi,ꯈꯟꯕꯗꯒꯤ
riverside,ꯔꯤꯚꯦꯁꯕꯦꯗꯦ
laishon,ꯂꯥꯢꯁꯣꯟ
mapokkasu,ꯃꯄꯣꯛꯁꯁꯨ
oakley,ꯑꯣꯛꯛꯂꯤ
kaangbu,ꯀꯥꯡꯕꯨ
faahoubagi,ꯐꯥꯎꯍꯧꯕꯒꯤ
gary,ꯒꯥꯔ
bender,ꯕꯦꯟꯗꯦꯔ
yungba,ꯌꯨꯡꯕ
chairman,ꯆꯥꯢꯔꯃꯟ
axis,ꯑꯀꯤꯁ
manila,ꯃꯅꯤꯂꯥ
haveli,ꯍꯥꯂꯦꯜ
nulaa,ꯅꯨꯂꯥ
kansai,ꯀꯥꯟꯁꯥ
raza,ꯔꯥꯖ
kapurthala,ꯀꯄꯨꯔꯥꯇ
navas,ꯅꯥꯚꯥ
hapchinduna,ꯍꯥꯞꯆꯤꯟꯗꯨꯅ
anam,ꯑꯅꯝ
avenues,ꯑꯦꯕꯦꯅꯁ
pradesh,ꯄ꯭ꯔꯗꯦꯁ
authority,ꯑꯎꯊꯣꯔꯣꯠꯤꯤ
pennington,ꯄꯦꯟꯅꯤꯡꯇꯣꯟ
thongba,ꯊꯣꯡꯕ
indiadadi,ꯏꯟꯗꯥꯤꯌꯥꯗꯗꯤ
gables,ꯒꯦꯂꯁꯦꯁ
khubaak,ꯈꯨꯕꯥꯛ
thasi,ꯊꯥꯁꯤ
apparels,ꯑꯄꯥꯔꯥꯁꯦꯁꯁꯦ
paalamba,ꯄꯥꯂꯝꯕ
fabada,ꯐꯥꯕꯗ
euclid,ꯏꯎꯛꯂꯤ
insurance,ꯏꯟꯁꯨꯔꯦꯟꯁ
karimnagar,ꯀꯔꯤꯅꯥꯔꯝ
sansenbi,ꯁꯥꯟꯁꯦꯟꯕꯤ
manggon,ꯃꯥꯡꯒꯣꯟ
baripada,ꯕꯔꯤꯄꯥꯗ
masam,ꯃꯁꯥꯝ
yauhandana,ꯌꯧꯍꯟꯗꯅ
castalloy,ꯀꯥꯇꯥꯂꯂꯖꯣ
samjireigumna,ꯁꯝꯖꯤꯖꯦꯝꯔꯤꯅ
deoria,ꯗꯣꯑꯤꯌꯥ
wikipediasi,ꯋꯤꯀꯤꯄꯦꯗꯤꯁꯤꯤ
lisang,ꯂꯤꯁꯪ
georgetown,ꯒꯣꯔꯖꯤꯇꯣꯟ
houfam,ꯍꯧꯐꯝ
laapthorakpada,ꯂꯥꯞꯊꯣꯛꯄꯗ꯭
music,ꯃ꯭ꯁꯨꯖꯤꯛ
puyaane,ꯄꯨꯌꯥꯦꯦ
rapids,ꯔꯄꯤꯗꯁ
ganesha,ꯒꯦꯅꯁꯁ
kumpapada,ꯀꯨꯝꯄꯥꯗꯥ
crosby,ꯀ꯭ꯔꯣꯕ꯭ꯔꯤ
kangfaalgi,ꯀꯪꯐꯥꯜꯒꯤ
paangthoklamba,ꯄꯥꯡꯊꯣꯛꯂꯝꯕ
pangdaba,ꯄꯥꯡꯗꯕ
jindal,ꯖꯤꯟꯗꯥꯜ
chapel,ꯆꯥꯄꯦꯜ
porterville,ꯄꯣꯔꯇꯤꯕꯤꯂꯂꯦꯦꯦꯜ
nupaana,ꯅꯨꯄꯥꯅ
translesangi,ꯇꯥꯟꯁꯦꯟꯁ꯭ꯦꯟꯒꯤ
tibetna,ꯇꯤꯕꯦꯟꯕ
tinkang,ꯇꯤꯟꯀꯪꯡ
tayamna,ꯇꯥꯌꯃꯅ
phattababu,ꯐꯠꯇꯕꯕꯨ
yaare,ꯌꯥꯔꯦ
madam,ꯃꯗꯝ
nombagi,ꯅꯣꯝꯕꯒꯤ
natural,ꯅꯇꯨꯔꯜ
bean,ꯕꯦꯅ
leiraang,ꯂꯩꯔꯥꯡ
lamlaisingki,ꯂꯝꯂꯥꯢꯁꯀꯤꯤ
inaak,ꯏꯅꯥꯛ
covalent,ꯀꯂꯦꯦꯟꯦꯟ
ramanathapuram,ꯔꯥꯃꯥꯇꯥꯟꯐꯨꯔꯝ
testa,ꯇꯦꯁꯇ
nalla,ꯅꯜꯂꯥ
infraprojects,ꯑꯦꯟꯐꯥꯔꯇꯦꯁꯟꯠꯁ
assam,ꯑꯁꯥꯝ
ngaantuleng,ꯉꯥꯟꯇꯨꯡꯂꯦ
stevenson,ꯁꯤꯇꯦꯕꯦꯟꯣꯣ
brigade,ꯕ꯭ꯔꯤꯒꯥꯗ
chaosaangba,ꯆꯥꯎꯁꯪꯕ
varshney,ꯚꯔꯁꯦꯅ꯭ꯌꯥ
ngaakpagi,ꯉꯥꯛꯄꯒꯤ
sudana,ꯁꯨꯗꯅ
brennan,ꯕ꯭ꯔꯦꯟꯅ
akola,ꯑꯀꯣꯂꯥ
shravanabelagola,ꯁ꯭ꯔꯕꯂꯂꯒꯅꯒꯅ
kokuyo,ꯀꯣꯀꯨꯀꯣ
namu,ꯅꯃꯨ
cooch,ꯀꯣꯆꯆ
phangkhibadugi,ꯐꯪꯈꯤꯕꯗꯒꯤꯤ
laishram,ꯂꯥꯢꯁ꯭ꯔꯝ
mitchell,ꯃꯤꯠꯆꯦꯜ
carr,ꯀꯥꯔꯛ
emungni,ꯏꯃꯨꯡꯅꯤ
rectifiers,ꯔꯤꯁꯀꯤꯁꯤꯗ
amagi,ꯑꯃꯒꯤ
charles,ꯆꯥꯔꯂꯦꯁ
nagappattinam,ꯅꯥꯒꯥꯠꯇꯥꯄꯇꯝ
mathis,ꯃꯊꯤꯁ
dehra,ꯗꯦꯔꯥ
janesville,ꯖꯦꯅꯁꯟꯂꯦꯕꯤ
laiphina,ꯂꯥꯢꯐꯤꯟ
oinaba,ꯑꯣꯢꯅꯕ
articlenachingba,ꯑꯥꯔꯇꯤꯟꯂꯦꯟꯆꯤꯡꯕ
thoothukudi,ꯊꯧꯇꯣꯛꯈꯤꯤꯤ
cheion,ꯆꯩꯑꯣꯟ
shokeen,ꯁꯣꯀꯦꯟꯟ
panghal,ꯄꯥꯡꯍꯜ
plyboards,ꯐꯦꯜꯕ꯭ꯔꯣꯀꯟꯗ
laija,ꯂꯥꯢꯖ
kayaamarumna,ꯀꯌꯥꯃꯔꯨꯝꯅ
apex,ꯑꯦꯛꯁ
dijastarni,ꯗꯤꯖꯥꯖꯔꯇꯅꯤ
davenport,ꯗꯥꯄꯦꯟꯇꯣꯔ
maddipatla,ꯃꯥꯗꯗꯤꯂꯄꯄ
atkins,ꯑꯦꯠꯀꯤꯁꯤ
yeklambadu,ꯌꯦꯛꯂꯝꯕꯗꯨ
cardenas,ꯀꯥꯔꯗꯗꯅꯥ
saraa,ꯁꯔꯥ
thadokpagi,ꯊꯥꯗꯣꯛꯄꯒꯤ
bhansali,ꯐꯟꯁꯥꯂꯤ
pittsburgh,ꯄꯤꯠꯁꯤꯕꯔꯒ
tourism,ꯇꯧꯔꯤꯁꯝ
stephens,ꯁ꯭ꯄꯦꯁꯦꯟꯁ
payment,ꯄꯥꯌꯦꯟꯟ
wardha,ꯋꯥꯔꯗ
brownsville,ꯕ꯭ꯔꯣꯟꯖꯤꯟꯂꯤꯤꯦꯜ
khaktani,ꯈꯛꯛꯇꯅꯤ
luwaopa,ꯂꯨꯋꯥꯎꯄ
naahanbani,ꯅꯥꯍꯟꯕꯤꯅ
takpagi,ꯇꯥꯛꯄꯒꯤ
meehutsing,ꯃꯤꯍꯨꯠꯁꯤꯡ
siwan,ꯁꯤꯋꯥꯟ
summerville,ꯁꯨꯝꯃꯤꯚꯔꯤꯂꯦ
kunthrataret,ꯀꯨꯟꯇ꯭ꯔꯥꯇꯔꯦ
mahawar,ꯃꯍꯥꯋꯔ
micham,ꯃꯤꯆꯝ
mapuroiba,ꯃꯄꯨꯔꯣꯢꯕ
kayaadu,ꯀꯌꯥꯗꯨ
apakpa,ꯑꯄꯛꯄ
alluminium,ꯑꯜꯂꯂꯝꯃꯤꯅꯤ
grove,ꯒ꯭ꯔꯚꯦ
barauni,ꯕꯔꯥꯅꯨꯤ
rockford,ꯔꯣꯀꯣꯐꯦꯗ
khul,ꯈꯨꯜ
houkhibani,ꯍꯧꯈꯤꯕꯕꯅꯤ
paakhangpana,ꯄꯥꯈꯪꯄꯥꯅ
hantharakli,ꯍꯟꯊꯔꯛꯂꯤ
birmingham,ꯕꯤꯔꯤꯡꯘꯝꯝ
bruyn,ꯕ꯭ꯔꯤꯟ꯭
ethatsingda,ꯏꯊꯠꯁꯤꯡꯗ
khakna,ꯈꯥꯛꯅ
excel,ꯏꯦꯛꯁꯦꯜ
jeffersonville,ꯖꯦꯐꯦꯁꯦꯟꯃꯤꯦꯖ
kaamduna,ꯀꯥꯝꯗꯨꯨ
lanli,ꯂꯥꯟꯂꯤ
leitri,ꯂꯩꯇ꯭ꯔꯤ
ujakhi,ꯎꯖꯥꯈꯤ
puyane,ꯄꯨꯌꯥꯅꯦ
menifee,ꯃꯦꯅꯤꯌꯦ
samjinnahanba,ꯁꯝꯖꯤꯟꯅꯍꯟꯕ
funggaawaarising,ꯐꯨꯡꯒꯥꯔꯤꯁꯤꯡꯡ
sudanese,ꯁꯨꯗꯅꯥꯁꯦ
chingkhalbam,ꯆꯤꯡꯈꯜꯈꯝ
tidagi,ꯇꯤꯗꯒꯤ
mongol,ꯃꯣꯉꯣꯜ
saanpa,ꯁꯥꯟꯄ
visaka,ꯚꯤꯁꯥꯀ
infratel,ꯏꯟꯐꯦꯔꯦꯜ
shakopee,ꯁꯥꯀꯣꯄꯦ
maanggon,ꯃꯥꯡꯒꯣꯟ
crisil,ꯀ꯭ꯔꯤꯁꯤꯜ
yaayaa,ꯌꯥꯌꯥ
nongngin,ꯅꯣꯡꯏꯣꯟ
sankary,ꯁꯥꯟꯀꯔ
keizer,ꯀꯩꯖꯔ
clara,ꯀꯦꯂꯥ
peralta,ꯄꯦꯔꯥꯇ
scottsdale,ꯁꯣꯠꯀꯣꯁꯦꯠ
marakki,ꯃꯔꯛꯀꯤ
kayamaromda,ꯀꯌꯥꯃꯔꯣꯝꯗ
reddy,ꯔꯦꯗ꯭ꯋꯣ
menhit,ꯃꯦꯅꯤꯠ
haaktaktaki,ꯍꯥꯛꯇꯛꯇꯀꯤ
thapalon,ꯊꯥꯄꯂꯣꯟ
kumsinglon,ꯀꯨꯝꯁꯤꯡꯂꯣꯟ
wabag,ꯋꯥꯕ
chahichada,ꯆꯍꯤꯆꯥꯗ
binghamton,ꯕꯤꯡꯒꯥꯝꯇꯣꯟ
grapevine,ꯒ꯭ꯔꯄꯔꯤꯤꯅꯦ
onkhi,ꯑꯣꯟꯈꯤ
gaagaa,ꯒꯥꯒꯥ
thabaktasu,ꯊꯥꯕꯥꯛꯇꯨ
chahichaada,ꯆꯍꯤꯆꯥꯗ
motihari,ꯃꯣꯇꯤꯤꯥꯥꯔꯤ
maayoknaba,ꯃꯥꯌꯣꯛꯅꯕ
thinliba,ꯊꯤꯟꯂꯤꯕ
haapchinduna,ꯍꯥꯞꯆꯤꯟꯗꯨꯅ
khongthangda,ꯈꯣꯡꯊꯪꯗ
brookfield,ꯕ꯭ꯌꯣꯔꯣꯜꯣꯜꯤ
trenton,ꯇꯦꯅꯦꯟꯇꯣꯟ
ramayan,ꯔꯥꯃꯥꯌꯟ
heikat,ꯍꯩꯀꯥ
emaa,ꯏꯃꯥ
whitaker,ꯋꯤꯇꯤꯀꯔꯔ
burnsville,ꯕꯨꯔꯤꯟꯂꯤꯕꯦꯜ
thaajanaba,ꯊꯥꯖꯅꯕ
yama,ꯌꯥꯃ
allium,ꯑꯜꯂꯤꯃꯝ
monuments,ꯃꯣꯅꯨꯃꯦꯟꯁ
percygi,ꯄꯦꯔꯤꯤꯌꯥꯒꯤ
lopez,ꯂꯣꯐꯦ
anaheim,ꯑꯅꯥꯍꯩ
gravita,ꯒꯥꯔꯚꯚꯠ
mindtree,ꯃꯤꯟꯗ꯭ꯔꯦꯉꯦ
killeen,ꯀꯤꯜꯂꯦꯟ
paakthokpa,ꯄꯥꯛꯊꯣꯛꯄ
sinha,ꯁꯤꯟꯍ
laichat,ꯂꯥꯢꯆꯠ
marik,ꯃꯔꯤꯛ
nanglibani,ꯅꯪꯂꯤꯕꯅꯤ
khetrimayum,ꯈꯦꯠꯇ꯭ꯔꯤꯌꯝꯝ
namnaba,ꯅꯝꯅꯕ
marel,ꯃꯔꯦꯜ
alipur,ꯑꯂꯤꯤꯄꯨꯔ
le,ꯂꯦ
chatthok,ꯆꯠꯊꯣꯛ
kline,ꯀꯤꯂꯤꯟ
miyamna,ꯃꯤꯌꯥꯝꯅ
takhanba,ꯇꯥꯛꯍꯟꯕ
hodges,ꯍꯣꯗꯖꯁꯦꯁ
vernon,ꯚꯔꯔꯅꯣꯟ
thakhare,ꯊꯥꯈꯔꯦ
misak,ꯃꯤꯁꯛ
cathedral,ꯀꯦꯊꯔꯦꯗ
focus,ꯐꯣꯁꯨ
sachan,ꯁꯥꯥꯟ
chaanpipi,ꯆꯥꯟꯄꯤꯤ
largo,ꯂꯥꯒꯣ
leiraba,ꯂꯩꯔꯕ
pitts,ꯄꯤꯠꯁꯛ
nguyen,ꯉꯨꯌꯦꯟ
frazier,ꯐ꯭ꯔꯤꯖꯥꯔ
tucson,ꯇꯨꯞꯁꯦꯟ
sulung,ꯁꯨꯂꯨꯡ
keizer,ꯀꯩꯖꯔꯦ
ukraine,ꯌꯨꯀ꯭ꯔꯦꯟ
sajik,ꯁꯖꯤꯀꯤ
dwivedi,ꯗ꯭ꯋꯤꯗꯦꯕꯤ
katiyar,ꯀꯇꯤꯌꯥꯔ
natheiramle,ꯅꯥꯊꯔꯩꯃꯔꯦ
athokpam,ꯑꯊꯣꯛꯄꯄ
mcclain,ꯃꯦꯛꯆꯥꯢꯟ
eurynome,ꯏꯌꯨꯌꯣꯅꯤꯌꯝ
bhaagabat,ꯚꯥꯒꯠꯕ
goodyear,ꯒꯣꯌꯣꯗ꯭ꯌꯔ
solis,ꯁꯣꯂꯤꯁ
nikobar,ꯅꯤꯀꯣꯕꯔ
atonbidusu,ꯑꯇꯣꯕꯣꯟꯕꯤꯗꯨ
thinnaba,ꯊꯤꯟꯅꯕ
kananota,ꯀꯅꯥꯅꯣꯇ
tirunelveli,ꯇꯤꯔꯨꯅꯦꯜꯂꯂꯤ
samjinnari,ꯁꯝꯖꯤꯟꯅꯔꯤ
islam,ꯏꯁꯂꯝ
chavan,ꯆꯥꯕꯟ
view,ꯚꯤꯌꯦ
upadhyay,ꯎꯗꯗ꯭ꯋ꯭ꯋ꯭ꯌꯥ
puyallup,ꯄꯨꯌꯥꯜꯂꯞ
chaanipaanga,ꯆꯥꯅꯤꯄꯥꯥ
fangdriba,ꯐꯪꯗ꯭ꯔꯤꯕ
silikongi,ꯁꯤꯂꯤꯀꯣꯟꯒꯤ
heiningjom,ꯍꯩꯅꯤꯡꯉꯣꯝ
batala,ꯕꯥꯇꯥ
buena,ꯕꯨꯅ
mayollamgi,ꯃꯌꯣꯜꯂꯝꯒꯤ
aprajita,ꯑꯄꯥꯖꯥꯖꯤ
renton,ꯔꯦꯟꯇꯣꯟ
lanchao,ꯂꯥꯟꯆꯥꯎ
yumjao,ꯌꯨꯝꯖꯥꯎ
saaphu,ꯁꯥꯐꯨ
goyal,ꯒꯣꯌꯥꯜ
tripuraga,ꯇꯤꯔꯨꯄꯨꯔꯥ
rowlett,ꯔꯣꯞꯂꯦꯠ
thaangyikum,ꯊꯥꯡꯤꯤꯌꯤꯌꯝ
nungshiraba,ꯅꯨꯡꯁꯤꯔꯕ
chakni,ꯆꯥꯛꯅꯤ
laappa,ꯂꯥꯞꯄ
fayetteville,ꯐꯥꯌꯦꯠꯇꯦꯕꯤꯤꯦ
arthur,ꯑꯥꯔꯊꯨꯖ
carlo,ꯀꯦꯔꯂꯣ
buckley,ꯕ꯭ꯛꯔꯛꯀꯤꯑ
takhellambam,ꯇꯥꯦꯜꯂꯦꯝꯕꯝ
land,ꯂꯥꯟꯗ
manchanda,ꯃꯟꯟꯆꯟꯗ
thaalon,ꯊꯥꯂꯣꯟ
lingkhatlamba,ꯂꯤꯡꯈꯠꯂꯝꯕ
churachanna,ꯆꯨꯔꯆꯥꯟꯅ
itarsi,ꯏꯇꯥꯔꯁꯤ
mapung,ꯃꯄꯨꯡ
waanghouba,ꯋꯥꯡꯍꯧꯕ
briggs,ꯕ꯭ꯔꯤꯒꯣꯁ
amaravati,ꯑꯃꯔꯥꯚꯤꯌꯥ
chabada,ꯆꯥꯕꯗ
gaski,ꯒꯥꯁꯀꯤ
balkrishna,ꯕꯥꯜꯀꯔꯤꯁꯅ
masood,ꯃꯁꯣꯣꯗ
guntur,ꯒꯨꯟꯇꯨ
louis,ꯂꯧꯎꯁꯤ
lainupini,ꯂꯥꯢꯅꯨꯄꯤꯅꯤ
ichu,ꯏꯆꯨ
escondido,ꯏꯁꯦꯣꯔꯗꯣꯗꯣ
walters,ꯋꯥꯜꯇꯔꯁ
sind,ꯁꯤꯟꯗ
aishwary,ꯑꯏꯁ꯭ꯋꯥꯔꯤ
wolf,ꯋꯣꯜꯐ
slovakiya,ꯁ꯭ꯂꯣꯌꯤꯌꯥꯥ
sevagram,ꯁꯦꯒꯔꯥꯔꯝ
tagi,ꯇꯥꯒꯤ
burke,ꯕꯨꯔꯦꯛ
fampalda,ꯐꯝꯄꯥꯜꯗ
palmdale,ꯄꯥꯜꯂꯦꯗ
leisubi,ꯂꯩꯁꯨꯕꯤ
founder,ꯐꯧꯅꯦꯗꯔ
erode,ꯏꯔꯣꯗꯦ
haokip,ꯍꯥꯎꯀꯤꯄ
gaandhaarigi,ꯒꯥꯟꯗꯥꯔꯤꯔꯤ
ipaakachouba,ꯏꯄꯥꯎꯀꯥꯎꯕ
meiraa,ꯃꯩꯔꯥ
mayo,ꯃꯌꯣ
path,ꯄꯥꯊ
pathaapki,ꯄꯥꯊꯞꯀꯤ
nunggarei,ꯅꯨꯡꯒꯥꯔꯩ
kansas,ꯀꯟꯁꯁ
thakur,ꯊꯥꯨꯨꯔ
leipaakna,ꯂꯩꯄꯥꯛꯅ
sioux,ꯁꯧꯑꯨꯛ
mayanglambam,ꯃꯌꯥꯡꯂꯝꯕꯝ
kangbagi,ꯀꯪꯕꯕꯒꯤ
holidays,ꯍꯣꯂꯤꯗꯗꯁ
nokningba,ꯅꯣꯛꯅꯤꯡꯕ
khundangbam,ꯈꯨꯟꯗꯥꯡꯕꯝ
houkhibagi,ꯍꯧꯈꯤꯕꯒꯤ
brake,ꯕ꯭ꯔꯥꯦ
faulkner,ꯐꯥꯎꯀ꯭ꯔꯟ
telangana,ꯇꯦꯂꯥꯡꯅ
khargone,ꯈꯥꯒꯣꯖꯦ
rosas,ꯔꯣꯁꯁ
thangamayil,ꯊꯥꯥꯥꯥꯥꯥꯥꯥ
chungsennubi,ꯆꯨꯡꯁꯦꯟꯅꯕꯤ
francisco,ꯐ꯭ꯔꯥꯟꯀꯤꯁꯀꯥ
humpu,ꯍꯨꯝꯄꯨ
king,ꯀꯤꯡ
thangal,ꯊꯥꯥꯥꯜ
laanmisingna,ꯂꯥꯟꯃꯤꯁꯤꯡꯅ
shajapur,ꯁꯥꯖꯔꯨ
hiyanggei,ꯍꯤꯌꯥꯡꯒꯩ
poram,ꯄꯣꯔꯝ
ngaada,ꯉꯥꯗ
mapei,ꯃꯄꯩ
afghanistan,ꯑꯐꯪꯅꯤꯇꯟꯟ
leimakhujam,ꯂꯩꯃꯈꯨꯖꯥꯝ
chatcharo,ꯆꯠꯆꯔꯣ
harvey,ꯍꯥꯔꯕꯤ
sequent,ꯁꯦꯁꯀ꯭ꯟ
ningsingba,ꯅꯤꯡꯁꯤꯡꯕ
punna,ꯄꯨꯟꯅ
phylum,ꯐꯤꯂꯨꯝ
mahbubnagar,ꯃꯕꯨꯕꯕꯒ꯭ꯔꯥꯅ
pandava,ꯄꯟꯟꯗ
harlingen,ꯍꯥꯔꯂꯤꯟꯟ
ganganagar,ꯒꯥꯒꯥꯟꯥꯔ
shakminnabagi,ꯁꯛꯃꯤꯟꯅꯕꯒꯤ
dewas,ꯗꯦꯋꯥꯁ
mangbara,ꯃꯥꯡꯕꯔ
mamaangthakta,ꯃꯥꯃꯥꯊꯛꯇ
horton,ꯍꯣꯔꯇꯣꯟ
chatarukka,ꯆꯥꯇꯔꯨꯛꯀ
bhasin,ꯚꯥꯁꯤꯟ
miyambu,ꯃꯤꯌꯥꯝꯕꯨ
savita,ꯁꯥꯤꯤꯇ
faaraba,ꯐꯥꯔꯕ
burnett,ꯕꯨꯔꯅꯦꯠ
ngangnarakliba,ꯉꯥꯟꯅꯔꯛꯂꯤꯕ
angangsingda,ꯑꯉꯥꯡꯁꯤꯡꯗ
ware,ꯋꯥꯔꯦ
banda,ꯕꯥꯟꯗ
saruksi,ꯁꯔꯨꯛꯁꯤ
mariphumangaa,ꯃꯔꯤꯐꯨꯃꯉꯥ
barbuda,ꯕꯥꯔꯕꯨꯗ
seed,ꯁꯦꯗ
oswal,ꯑꯣꯞꯖꯦꯜ
kharadagi,ꯈꯔꯥꯗꯒꯤ
khudakki,ꯈꯨꯗꯥꯛꯀꯤ
ngangoi,ꯉꯥꯉꯣꯢ
thaafam,ꯊꯥꯐꯝ
chenthakhiba,ꯆꯦꯟꯊꯥꯈꯤꯕ
mihutsing,ꯃꯤꯍꯨꯠꯁꯤꯡ
faare,ꯐꯥꯔꯦ
aizawl,ꯑꯏꯓꯥꯜ
inthokkhi,ꯏꯟꯊꯣꯛꯈꯤ
nung,ꯅꯨꯡ
fuentes,ꯐꯤꯌꯦꯟꯇꯦ
mercado,ꯃꯔꯀꯀꯥꯗꯣ
hicks,ꯍꯤꯢꯀꯁꯛ
lairenjam,ꯂꯥꯢꯔꯦꯟꯖꯝ
lampakka,ꯂꯝꯄꯀꯛ
statesingda,ꯁ꯭ꯇꯦꯠꯁꯤꯡꯗ
mangan,ꯃꯉꯥꯟ
sirca,ꯁꯤꯔꯤꯀꯥ
timken,ꯇꯤꯝꯀꯦꯟ
chingdongi,ꯆꯤꯡꯗꯣꯟꯒꯤ
mcmahon,ꯃꯦꯝꯍꯣꯟ
kaalraatri,ꯀꯥꯜꯔꯥꯇ꯭ꯔꯤ
thouramda,ꯊꯧꯔꯝꯗ
vegas,ꯚꯒꯒꯦ
chingsinnaba,ꯆꯤꯡꯁꯤꯟꯅꯕ
reach,ꯔꯤꯑꯆ
leach,ꯂꯤꯆꯥ
reed,ꯔꯤꯗ
wangngi,ꯋꯥꯡꯉꯤ
akzo,ꯑꯦꯛꯣ
kayaga,ꯀꯌꯥꯒ
imphaldagi,ꯏꯝꯐꯜꯗꯒꯤ
chandrapur,ꯆꯟꯟꯗ꯭ꯔꯔꯨꯞ
chaathaang,ꯆꯥꯊꯥꯡ
pali,ꯄꯥꯂꯤ
aphaba,ꯑꯐꯕ
yaannanaba,ꯌꯥꯟꯅꯅꯕ
sabha,ꯁꯥꯚ
saafaba,ꯁꯥꯐꯕ
mami,ꯃꯥꯃꯤ
whittier,ꯋꯤꯢꯇꯦꯔꯤ
mayaamda,ꯃꯌꯥꯝꯗ
haynes,ꯍꯥꯟꯁꯦꯁ
sembi,ꯁꯦꯝꯕꯤ
ridge,ꯔꯤꯗꯦ
gurnani,ꯒꯨꯔꯅꯅꯤ
thangchahanpa,ꯊꯪꯆꯥꯟꯄ
paoselnapa,ꯄꯥꯁꯦꯜꯄꯥ
terry,ꯇꯦꯔꯔꯤ
khongtekcham,ꯈꯣꯡꯇꯦꯛꯆꯝ
dejesus,ꯗꯖꯖꯁꯤꯁ
langthabal,ꯂꯥꯡꯊꯜꯕ
anidu,ꯑꯅꯤꯗꯨ
thaadokpagi,ꯊꯥꯗꯣꯛꯄꯒꯤ
ningshingba,ꯅꯤꯡꯁꯤꯡꯕ
thokkhibagini,ꯊꯣꯛꯈꯤꯕꯒꯤꯅꯤ
fasteners,ꯐꯥꯁꯇꯦꯁꯟꯔ
islands,ꯏꯁꯂꯥꯟꯗ
amreli,ꯑꯦꯃꯦꯂꯤ
chakhanba,ꯆꯥꯛꯍꯟꯕ
khada,ꯈꯗ
raillambi,ꯔꯥꯢꯂꯜꯂꯤꯕ
chakrida,ꯆꯥꯛꯀ꯭ꯔꯗ
swaraj,ꯁ꯭ꯔꯥꯖꯔ
kang,ꯀꯥꯡ
kokomo,ꯀꯣꯀꯣꯣꯣ
phalodi,ꯐꯥꯂꯣꯗꯤ
orange,ꯑꯣꯔꯥꯖꯦ
piramlaga,ꯄꯤꯔꯃꯃꯒ
gaines,ꯒꯥꯢꯁꯦꯁ
leipham,ꯂꯩꯐꯝ
kourabasinggi,ꯀꯧꯔꯥꯕꯁꯤꯡꯒꯤ
chang,ꯆꯪ
saphagadaba,ꯁꯥꯐꯒꯗꯕ
chaangdamnaba,ꯆꯥꯡꯗꯝꯅꯕ
bipin,ꯕꯤꯄꯤꯟ
gujarat,ꯒꯨꯖꯥꯥꯔꯠ
tirupati,ꯇꯤꯔꯨꯄꯇꯤ
jagdalpur,ꯖꯒꯗꯥꯗꯄꯔ
sciences,ꯁꯤꯁꯦꯟꯁꯦꯁ
cantu,ꯀꯥꯟꯇꯨ
knoxville,ꯀꯣꯛꯁꯤꯜꯂꯤꯕꯦꯜ
nongthrei,ꯅꯣꯡꯊ꯭ꯔꯩ
missouri,ꯃꯤꯁꯔꯧꯔꯤ
pujaa,ꯄꯨꯖꯥ
tanglaba,ꯇꯥꯡꯂꯕ
adhaulia,ꯏꯗꯥꯎꯂꯤꯌꯥ
yamala,ꯌꯥꯃꯂ
lamkoiba,ꯂꯝꯀꯣꯢꯕ
ipak,ꯏꯄꯥꯛ
crore,ꯀ꯭ꯔꯣꯔ
himatsingka,ꯍꯤꯃꯥꯁꯤꯤꯤꯡ
semsaba,ꯁꯦꯝꯁꯥꯕ
das,ꯗꯥꯥ
koktuna,ꯀꯣꯛꯇꯨꯅ
koina,ꯀꯣꯢꯅ
laappada,ꯂꯥꯞꯄꯗ
waangkhatpa,ꯋꯥꯡꯈꯠꯄ
hangnade,ꯍꯥꯡꯗꯗꯦ
beaverton,ꯕꯤꯕꯥꯇꯣꯔꯦꯟ
saayongi,ꯁꯥꯌꯣꯟꯒꯤ
shekhar,ꯁꯦꯈꯔ
tel,ꯇꯦꯜ
ogden,ꯑꯣꯒꯦꯟꯗ
nambana,ꯅꯝꯕꯥꯅ
ingpa,ꯏꯪꯄ
keisumsangda,ꯀꯩꯁꯨꯁꯪꯗꯥ
chingna,ꯆꯤꯡꯅ
mastek,ꯃꯁꯦꯛꯛ
awatapa,ꯑꯋꯥꯠꯄ
sweden,ꯁ꯭ꯗ꯭ꯋꯦꯟ
rawat,ꯔꯥꯋꯠ
nainital,ꯅꯥꯅꯤꯇꯦꯜ
barnstable,ꯕꯥꯟꯇꯤꯕꯦꯦꯦꯦ
mityengfam,ꯃꯤꯠꯌꯦꯡꯐꯝ
sangsalol,ꯁꯪꯁꯥꯂꯣꯜ
belarus,ꯕꯦꯂꯥꯔꯁ
pangli,ꯄꯥꯡꯂꯤ
habra,ꯍꯥꯕ꯭ꯔ
pakchaobadagini,ꯄꯥꯎꯆꯥꯎꯕꯒꯤꯗꯅꯤ
silva,ꯁꯤꯜꯚ
mosley,ꯃꯣꯁꯂꯦ
yaoraktringeida,ꯌꯥꯎꯔꯛꯇ꯭ꯔꯤꯉꯩꯗ
waykos,ꯋꯥꯀꯣꯁꯁ
thadoklamlaga,ꯊꯥꯗꯣꯛꯂꯝꯒꯒ
development,ꯗꯦꯂꯦꯃꯃꯦꯟꯁꯟ
fry,ꯐ꯭ꯔꯤ
mariphu,ꯃꯔꯤꯐꯨ
resham,ꯔꯤꯁꯝ
french,ꯐ꯭ꯔꯦꯟꯁ
nadiad,ꯅꯥꯗꯤꯌꯥꯗ
kabulna,ꯀꯥꯕꯜꯅ
kochi,ꯀꯣꯆꯤ
ashini,ꯑꯁꯤꯅꯤ
salaichaasingga,ꯁꯂꯥꯤꯆꯪꯁꯤꯡ
eden,ꯏꯗꯦꯟ
petersburg,ꯄꯦꯇꯤꯔꯕꯁꯇꯨꯡ
toubro,ꯇꯧꯕ꯭ꯔꯣ
shawnee,ꯁꯥꯟꯅꯦ
chaannana,ꯆꯥꯟꯅꯅ
bryant,ꯕ꯭ꯔꯦꯟꯥꯠ
shakei,ꯁꯥꯀꯩ
sultanpur,ꯁꯨꯜꯇꯥꯅꯔꯔ
ebadubu,ꯏꯕꯗꯨꯨꯨ
bhojpur,ꯚꯣꯐ꯭ꯔꯨ
kanna,ꯀꯥꯟꯅ
cheriti,ꯀꯦꯔꯤꯇꯤ
fahanli,ꯐꯍꯟꯂꯤ
foley,ꯐꯣꯂꯤ
wood,ꯋꯣꯗꯣ
barbera,ꯕꯥꯔꯕ꯭ꯔꯔ
nagaland,ꯉꯥꯥꯂꯂꯟ
eliad,ꯏꯂꯤꯌꯗ
machaaki,ꯃꯆꯥꯛꯀ
thouraba,ꯊꯧꯔꯕ
amamam,ꯑꯃꯃꯝ
gayatri,ꯒꯥꯠꯇꯔꯤ
sharu,ꯁꯥꯨꯔ
shada,ꯁꯥꯗ
anal,ꯑꯅꯥꯜ
forge,ꯐꯣꯔꯒꯦ
loktak,ꯂꯣꯛꯇꯛ
strongsville,ꯁ꯭ꯇꯣꯞꯁꯤꯜꯂꯣꯕꯦꯜ
kane,ꯀꯥꯅꯦ
maheiroisingna,ꯃꯍꯩꯔꯣꯝꯁꯤꯡꯅ
minungshi,ꯃꯤꯅꯨꯡꯁꯤ
solanki,ꯁꯣꯂꯥꯟꯀꯤ
zunheboto,ꯓꯨꯍꯦꯟꯕꯣ
pambagi,ꯄꯥꯝꯕꯒꯤ
apple,ꯑꯄꯞꯂꯦ
lenexa,ꯂꯦꯅꯦꯛ
phaare,ꯐꯥꯔꯦ
khurumjei,ꯈꯨꯔꯨꯝꯖꯩ
texarkana,ꯇꯦꯛꯀꯥꯔꯅ
mangkaa,ꯃꯥꯡꯀꯥ
carroll,ꯀꯦꯔꯀꯣꯜꯣꯜ
humphutaraataret,ꯍꯨꯝꯐꯨꯇꯔꯥꯇꯔꯥꯛ
budaun,ꯕꯨꯗꯟ
atupu,ꯑꯇꯨꯨꯨ
mamingsingdudi,ꯃꯃꯤꯡꯁꯤꯡꯗꯗꯤ
wagh,ꯋꯥꯍ
bhawani,ꯚꯥꯋꯥꯅꯤ
lusiyaa,ꯂꯨꯁꯤꯌꯥ
powers,ꯄ꯭ꯋꯥꯔꯔ
thougatpa,ꯊꯧꯒꯠꯄ
lonnachingba,ꯂꯣꯟꯁꯥꯅꯆꯤꯕ
smart,ꯁꯥꯃꯔꯠ
palladium,ꯄꯥꯜꯂꯤꯗꯤꯌꯝ
maplewood,ꯃꯐꯦꯂꯄꯣꯣꯣ
yavatmal,ꯌꯥꯚꯥꯂꯦꯜ
ahmadnagar,ꯑꯍꯥꯃꯗꯟꯔꯒ
hills,ꯍꯤꯜꯁꯜ
angoubi,ꯑꯉꯧꯕꯤ
louthoklaga,ꯂꯧꯊꯣꯛꯂꯒ
balram,ꯕꯥꯜꯔꯥꯝ
yengbada,ꯌꯦꯡꯕꯗ
kottayam,ꯀꯣꯠꯇꯥꯌꯝ
bennett,ꯕꯦꯟꯅꯦꯠ
wanghouba,ꯋꯥꯡꯍꯧꯕ
sawyer,ꯁꯥꯌꯌꯔ
assembly,ꯑꯁꯦꯁꯦꯕꯦꯌ
jalor,ꯖꯦꯂꯣꯔ
yanam,ꯌꯥꯅꯝ
he,ꯍꯦ
akolkar,ꯑꯀꯣꯀꯔꯔ
piklingeidagi,ꯄꯤꯛꯂꯤꯉꯩꯗꯒꯤ
potter,ꯄꯣꯠꯇꯔꯔ
sintha,ꯁꯤꯟꯊꯥ
jebina,ꯖꯦꯕꯤꯅ
control,ꯀꯟꯇꯣꯔꯦꯖꯜ
sugar,ꯁꯨꯒꯔ
lingkhatli,ꯂꯤꯡꯈꯠꯂꯂ
equipment,ꯏꯄꯨꯤꯦꯟꯦꯠ
twin,ꯇꯤꯤꯟ
taanbada,ꯇꯥꯟꯕꯗ
nongchenpam,ꯅꯣꯡꯆꯦꯟꯄꯝ
meza,ꯃꯓꯦ
pakthokpa,ꯄꯥꯛꯊꯣꯛꯄ
machani,ꯃꯆꯥꯅꯤ
charangpat,ꯆꯥꯔꯪꯄꯥꯠ
nahasing,ꯅꯥꯍꯁꯤꯡ
houjiksu,ꯍꯧꯖꯤꯛꯁꯨ
shoreline,ꯁꯣꯔꯤꯖꯦꯟꯂꯦ
anganba,ꯑꯉꯟꯕ
ningthem,ꯅꯤꯡꯊꯦꯝ
rhodes,ꯔꯤꯗꯣꯁ
feijom,ꯐꯩꯖꯣꯝ
behuria,ꯕꯨꯍꯔꯤꯌꯥ
kar,ꯀꯥꯔ
ithel,ꯏꯊꯦꯜ
bernardino,ꯕꯦꯔꯅꯥꯗꯗꯤ
square,ꯁ꯭ꯀꯥꯔꯦ
movers,ꯃꯣꯚꯤꯁ
varun,ꯚꯔꯨꯟ
lairen,ꯂꯥꯢꯔꯦꯟ
madden,ꯃꯥꯗꯗꯦꯟ
laifao,ꯂꯥꯢꯐꯥꯎ
matsya,ꯃꯠꯁ꯭ꯌꯥ
pandabha,ꯄꯥꯟꯗꯕ
bulandshahr,ꯕꯨꯂꯥꯟꯗ꯭ꯔ
waithungminnakhi,ꯋꯥꯢꯊꯨꯡꯈꯈꯤꯡꯃꯤ
phangde,ꯐꯪꯗꯦ
charlottesville,ꯆꯥꯔꯇꯣꯂꯇꯦꯂꯤꯤꯌꯦꯜ
eros,ꯏꯔꯣꯁ
brentwood,ꯕ꯭ꯔꯦꯟꯇꯣꯟꯗꯣꯗ
fontana,ꯐꯣꯟꯇꯅ
kunthraataret,ꯀꯨꯟꯊ꯭ꯔꯥꯇꯔꯠ
sidokpa,ꯁꯤꯗꯣꯛꯄ
firal,ꯐꯤꯔꯥꯜ
rohtak,ꯔꯣꯇꯥꯛ
thaajajaba,ꯊꯥꯖꯖꯕ
paak,ꯄꯥꯛ
laakpadagi,ꯂꯥꯛꯄꯗꯒꯤ
faoduna,ꯐꯥꯎꯗꯨꯅ
lonbu,ꯂꯣꯟꯕꯨ
gurdaspur,ꯒꯨꯗꯗꯔꯔꯔꯞ
kangleichaa,ꯀꯪꯂꯩꯆꯥ
anou,ꯑꯅꯧ
buildcon,ꯕꯤꯜꯗꯣꯑꯁꯟ
ojha,ꯑꯣꯓꯥ
snow,ꯁ꯭ꯋꯦꯣ
kayaana,ꯀꯌꯥꯅ
navkar,ꯅꯥꯚꯔꯔ
artemis,ꯑꯥꯔꯇꯤꯁꯤꯌꯥꯟ
loubasu,ꯂꯧꯕꯁꯨ
bijandogi,ꯕꯤꯖꯥꯟꯕꯒꯤ
oirakpa,ꯑꯣꯢꯔꯛꯄ
thalon,ꯊꯥꯂꯣꯟ
anishuba,ꯑꯅꯤꯅꯨꯕ
fine,ꯐꯤꯅꯦ
laphoidagi,ꯂꯥꯐꯣꯗꯤꯒꯤ
dhaulakhandi,ꯙꯥꯂꯍꯟꯗꯗꯤ
kaang,ꯀꯥꯡ
ningthouja,ꯅꯤꯡꯊꯧꯖ
montclair,ꯃꯣꯟꯇꯣꯛꯂꯔ
bhaskar,ꯚꯁꯀꯀꯔ
sak,ꯁꯛ
dronacharya,ꯗ꯭ꯔꯣꯅꯥꯅꯥ꯭ꯌ
kayaamaromda,ꯀꯌꯥꯃꯔꯣꯝꯗ
mandal,ꯃꯥꯟꯗꯥ
basirhat,ꯕꯥꯁꯤꯔꯠ
sayangsinggi,ꯁꯌꯥꯡꯁꯤꯡꯒꯤ
aggarwal,ꯑꯒꯒꯔꯥꯥꯗꯜ
hainadi,ꯍꯥꯢꯅꯗꯤ
novato,ꯅꯣꯕꯥꯠ
saruktana,ꯁꯔꯨꯛꯇꯅ
hess,ꯍꯦꯁꯁ
waangkhatlakkhi,ꯋꯥꯡꯈꯠꯂꯛꯈꯤ
madhubani,ꯃꯥꯨꯨꯕꯅꯤ
ortiz,ꯑꯣꯔꯇꯣꯓ
baxter,ꯕꯥꯖꯇꯔ
midwest,ꯃꯥꯢꯗ꯭ꯋꯦꯁ
vijayapura,ꯚꯤꯖꯥꯄꯨꯃꯥ
nischal,ꯅꯤꯁꯆꯜ
naanabagi,ꯅꯥꯅꯕꯒꯤ
morgan,ꯃꯣꯔꯒꯣꯟ
shanthi,ꯁꯟꯊꯤ
lalpicha,ꯂꯥꯜꯆꯤ
yucaipa,ꯌꯨꯢꯄꯥꯢꯄ
medizensar,ꯃꯦꯗꯨꯖꯤꯟꯐꯔ
mairel,ꯃꯥꯢꯔꯦꯜ
awaafam,ꯑꯋꯥꯐꯝ
taplabadi,ꯇꯞꯂꯥꯕꯗꯤ
romeda,ꯔꯣꯝꯗ
ngaakthoki,ꯉꯥꯛꯊꯣꯛꯏ
maangte,ꯃꯥꯡꯇꯦ
hayengla,ꯍꯌꯦꯡꯂꯥ
lepte,ꯂꯦꯞꯇꯦ
romeoville,ꯔꯣꯃꯤꯜꯂꯤꯤꯜ
jenon,ꯖꯦꯅꯣꯟ
gtpl,ꯒꯦꯠꯄ
passaic,ꯄꯁꯥꯢꯁꯛ
waarinachingbasinggi,ꯋꯥꯔꯤꯅꯆꯤꯡꯕꯡꯒꯤꯤ
sirohi,ꯁꯤꯔꯣꯢ
mapaal,ꯃꯄꯥꯜ
kalki,ꯀꯥꯜꯀꯤ
mainpuri,ꯃꯥꯢꯄꯨꯔꯨꯄꯤ
amblikani,ꯑꯦꯝꯂꯤꯀꯤꯤꯅꯤ
alwar,ꯑꯜꯋꯥꯔ
khundaba,ꯈꯨꯟꯗꯥꯕ
thiruvananthapuram,ꯊꯤꯔꯨꯇꯅꯖꯔꯨꯔꯝꯕ
sintaknabi,ꯁꯤꯟꯇꯥꯛꯅꯕꯤ
titagarh,ꯇꯤꯇꯥꯔ
mandarin,ꯃꯥꯟꯗꯥꯔꯤꯟ
pithaki,ꯄꯤꯊꯥꯀꯤ
putta,ꯄꯨꯠꯇ
savita,ꯁꯥꯤꯤꯇ
ethel,ꯏꯊꯦꯜ
umba,ꯎꯝꯕ
lithiumgi,ꯂꯤꯊꯨꯨꯤꯤꯤ
maharashtra,ꯃꯍꯥꯔꯁ꯭ꯋꯔ
pulap,ꯄꯨꯂꯞ
abkhaziada,ꯑꯈꯥꯈꯥꯢꯗꯗ
leitrabi,ꯂꯩꯇ꯭ꯔꯕꯤ
houjikna,ꯍꯧꯖꯤꯛꯅ
carpentersville,ꯀꯦꯄꯔꯦꯟꯇꯦꯂꯤꯤꯇꯦꯗ
ayers,ꯑꯌꯦꯔꯁ
nungsirei,ꯅꯨꯡꯁꯤꯔꯦ
puwarisi,ꯄꯨꯋꯥꯔꯤꯁꯤ
kayamarom,ꯀꯌꯥꯃꯔꯣꯝ
animak,ꯑꯅꯤꯃꯛ
dial,ꯗꯤꯑꯦꯜ
sangsaalol,ꯁꯪꯁꯥꯂꯂꯣꯜ
waaheiparengsing,ꯋꯥꯍꯩꯄꯥꯁꯤꯡꯡꯡ
cortes,ꯀꯣꯔꯇꯦꯁ
uttarakhand,ꯎꯠꯇꯔꯤꯟꯟꯗ
yaaduna,ꯌꯥꯗꯨꯅ
lewisville,ꯂꯦꯋꯤꯜꯂꯤꯕꯤ
yaduna,ꯌꯥꯗꯨꯅ
paakthokpana,ꯄꯥꯛꯊꯣꯛꯄꯅ
halebid,ꯍꯥꯂꯩꯕꯗ
pannaraga,ꯄꯟꯟꯔꯥꯒ
phylumni,ꯐ꯭ꯂꯨꯝꯅꯤꯤ
ananki,ꯑꯅꯥꯟꯀꯤ
palli,ꯄꯥꯜꯂꯤ
fangkhibadugi,ꯐꯪꯈꯤꯕꯗꯒꯤ
manaonupi,ꯃꯅꯥꯎꯅꯨꯄꯤ
waheiparengsing,ꯋꯥꯍꯩꯄꯔꯤꯁꯤꯡꯡ
denver,ꯗꯦꯟꯇꯔꯕ
yaade,ꯌꯥꯗꯦ
leirang,ꯂꯩꯔꯥꯡ
shurungni,ꯁꯨꯨꯨꯨꯅꯤ
hiramda,ꯍꯤꯔꯝꯗ
silvassa,ꯁꯤꯜꯁꯥꯕꯁ
palo,ꯄꯥꯂꯣ
linariba,ꯂꯤꯅꯔꯤꯕ
vizianagaram,ꯕꯤꯒꯥꯅꯥꯔꯒꯔꯝ
lonnabada,ꯂꯣꯟꯅꯕꯗ
ngaoraga,ꯉꯥꯎꯔꯒ
rusian,ꯔꯤꯁꯟꯟꯟ
asahi,ꯑꯁꯥꯍꯤ
laichinglempigi,ꯂꯥꯢꯆꯤꯡꯂꯦꯝꯄꯒꯤ
claire,ꯀꯦꯢꯔꯥ
booth,ꯕꯣꯊꯣ
contracts,ꯀꯟꯇꯅꯛꯁꯤ
sambhal,ꯁꯝꯐꯥꯜ
shoes,ꯁꯣꯑꯦꯁꯦ
taankhibana,ꯇꯥꯟꯈꯤꯕꯅ
thadoktuna,ꯊꯥꯗꯣꯛꯇꯨꯅ
pangduna,ꯄꯥꯡꯗꯨꯅ
damoh,ꯗꯥꯃꯣ
laatpaki,ꯂꯥꯠꯄꯛꯤ
kavi,ꯀꯥꯚꯤ
moradabad,ꯃꯣꯔꯥꯗꯕꯗ
mandi,ꯃꯥꯗꯤꯤ
nathdwara,ꯅꯥꯊꯊꯥꯔꯔ
sasidharan,ꯁꯥꯤꯗꯥꯟꯟ
ongani,ꯑꯣꯟꯒꯅꯤ
khuyum,ꯈꯨꯌꯨꯝ
communications,ꯀꯝꯃꯣꯅꯤꯌꯦꯟꯁꯤꯁ
chakma,ꯆꯥꯛꯃ
chitranshi,ꯆꯤꯠꯇ꯭ꯔꯥꯕꯤ
panggalbagi,ꯄꯥꯡꯒꯜꯕꯤꯒ
haute,ꯍꯥꯇꯦ
turen,ꯇꯨꯔꯦꯟ
haijei,ꯍꯥꯢꯖꯩ
tiruchchirappalli,ꯇꯤꯔꯨꯆꯤꯜꯄꯥꯔꯂꯥꯥꯥꯤ
jagaragallu,ꯖꯒꯒꯜꯂꯥꯗ
novak,ꯅꯣꯕꯥꯛ
remains,ꯔꯤꯃꯥꯟꯁ
ouria,ꯑꯧꯔꯤꯌꯥ
saknakhi,ꯁꯛꯅꯈꯤ
biotec,ꯕꯤꯇꯣꯑꯤ
dudeja,ꯗꯨꯖꯦꯖ
porwal,ꯄꯣꯔꯥꯜ
eagan,ꯏꯒꯥꯟ
shores,ꯁꯣꯔꯤꯁ
mayoknaba,ꯃꯌꯣꯣꯅꯅꯕ
gudepu,ꯒꯨꯄꯨꯄꯨ
kalidas,ꯀꯂꯂꯤꯗꯁ
khuman,ꯈꯨꯃꯥꯟ
haor,ꯍꯥꯎꯔ
ekha,ꯏꯈꯥ
kayamarumna,ꯀꯌꯥꯃꯔꯨꯝꯅ
gould,ꯒꯧꯜꯗ
lonsingdudi,ꯂꯣꯟꯁꯤꯟꯗꯨꯗꯤ
hinton,ꯍꯤꯟꯇꯣꯟ
koubi,ꯀꯧꯕꯤ
epakachouba,ꯏꯄꯥꯀꯀꯥꯕꯣ
kerr,ꯀꯦꯔ
imarat,ꯏꯃꯥꯔꯠ
hankhibagi,ꯍꯟꯈꯤꯕꯒꯤ
thapaalongi,ꯊꯥꯄꯥꯂꯣꯟꯒꯤ
health,ꯍꯥꯜꯊꯥ
peel,ꯄꯦꯜ
hans,ꯍꯥꯟꯁ
neongi,ꯅꯤꯑꯣꯟꯒꯤ
felipe,ꯐꯦꯂꯤꯄꯦ
hourakliba,ꯍꯧꯔꯛꯂꯤꯕ
yektuna,ꯌꯦꯛꯇꯨꯅ
kansal,ꯀꯟꯁꯥꯜ
setpi,ꯁꯦꯠꯄꯤ
urbandale,ꯕꯨꯔꯕꯥꯟꯗꯦꯜ
longganga,ꯂꯣꯡꯒꯥ
ishing,ꯏꯁꯤꯡ
manunggi,ꯃꯅꯨꯨꯒꯤ
morepen,ꯃꯣꯔꯔꯦꯞꯟ
nizamabad,ꯅꯤꯖꯃꯕꯗ
sahu,ꯁꯥꯨꯨ
ulhasnagar,ꯎꯜꯍꯥꯅꯔꯒ
lusiya,ꯂꯨꯁꯤꯌꯥ
raichur,ꯔꯥꯢꯆꯨꯔ
rewari,ꯔꯦꯋꯥꯔꯤ
phabagi,ꯐꯥꯕꯒꯤ
sitising,ꯁꯤꯇꯤꯁꯤꯡ
kelly,ꯀꯦꯜꯂꯤ
sebastian,ꯁꯦꯕꯥꯁꯁꯤꯟ
khullaakpani,ꯈꯨꯜꯂꯥꯛꯄꯅꯤ
solapur,ꯁꯣꯂꯔꯔꯨ
madikeri,ꯃꯗꯤꯗꯦꯀꯔ
shivamogga,ꯁꯤꯕꯥꯣꯣꯒ
vaish,ꯚꯥꯢꯁ
sasan,ꯁꯥꯁꯟ
nashik,ꯅꯥꯁꯤꯛ
yengsinba,ꯌꯦꯡꯁꯤꯟꯕ
labs,ꯂꯥꯕ
shalimar,ꯁꯂꯂꯃꯔ
ayodhya,ꯑꯌꯣꯑꯣꯗꯌꯥ
rajapalayam,ꯔꯥꯖꯥꯂꯄꯝꯃ
jay,ꯖꯥ
ngaohanbagi,ꯉꯥꯎꯍꯟꯕꯒꯤ
churaachaanna,ꯆꯨꯔꯆꯥꯅꯅ
etawah,ꯏꯇꯥꯊ
lishaang,ꯂꯤꯁꯥꯡ
jadhav,ꯖꯍꯙꯥ
phoureima,ꯐꯧꯔꯩꯃ
mityengpham,ꯃꯤꯠꯇꯦꯡꯐꯝ
organic,ꯑꯣꯔꯒꯥꯔꯤꯁ
khagokpam,ꯈꯥꯒꯣꯛꯄꯝ
chicopee,ꯆꯤꯀꯣꯄꯣ
jambawan,ꯖꯝꯕꯥꯟꯟ
agrada,ꯑꯥꯔꯗꯥꯗ
pradeshta,ꯄ꯭ꯔꯗꯦꯁꯇ
ewanglon,ꯏꯋꯥꯡꯂꯣꯟ
vilas,ꯕꯤꯂꯥꯁ
thouninarammi,ꯊꯧꯅꯤꯟꯅꯔꯝꯃꯤ
taklamba,ꯇꯥꯛꯂꯝꯕ
saknairaba,ꯁꯛꯅꯥꯢꯔꯕ
prince,ꯄ꯭ꯔꯤꯟꯁꯦ
tyler,ꯇꯤꯂꯦꯔ
yanaba,ꯌꯥꯅꯕ
aartifek,ꯑꯥꯔꯇꯤꯐꯦꯛ
laishangsinggi,ꯂꯥꯢꯁꯪꯁꯤꯡꯒꯤ
paannaraga,ꯄꯥꯟꯅꯔꯒ
walnut,ꯋꯥꯟꯅꯨ
nayak,ꯅꯌꯥꯛ
sikarwar,ꯁꯤꯀꯔꯔꯔ
maikeigasu,ꯃꯥꯢꯀꯩꯒꯁꯨ
lappada,ꯂꯥꯞꯄꯗ
wangkhatpa,ꯋꯥꯡꯈꯠꯄ
nath,ꯅꯊꯊ
laphoisi,ꯂꯥꯢꯐꯣꯁꯤ
moody,ꯃꯣꯗꯣꯌ
mahavidya,ꯃꯍꯥꯚꯤꯗꯤꯌꯥ
lunglei,ꯂꯨꯡꯂꯩ
hawthorne,ꯍꯥꯊꯣꯔꯓꯦ
priyadarshi,ꯄ꯭ꯔꯤꯌꯥꯗꯥꯁꯤ
tools,ꯇꯣꯜꯁ
saruksingda,ꯁꯔꯨꯛꯁꯤꯡꯗ
infotech,ꯏꯟꯐꯣꯠꯆꯦ
bharat,ꯚꯥꯔꯠ
thaajanabi,ꯊꯥꯖꯅꯕꯤ
lily,ꯂꯤꯂꯤ
merta,ꯃꯔꯇꯦ
ising,ꯏꯁꯤꯡ
maxina,ꯃꯁꯤꯅ
channana,ꯆꯥꯟꯅꯅ
syngene,ꯁꯤꯉꯦꯟꯦ
santa,ꯁꯥꯟꯇ
thingkhiba,ꯊꯤꯡꯈꯤꯕ
carpentersville,ꯀꯥꯄ꯭ꯔꯦꯟꯟꯂꯦꯢꯁꯦꯗ
egypt,ꯏꯖꯤꯞ
luhonggadouribina,ꯂꯨꯍꯣꯢꯒꯔꯤꯗꯕꯤꯔꯅ
purinaraga,ꯄꯨꯔꯤꯅꯔꯒ
sacramento,ꯁꯦꯀ꯭ꯔꯦꯃꯦꯅꯥ
khunsigi,ꯈꯨꯟꯁꯤꯒꯤ
naoriya,ꯅꯥꯎꯔꯤꯌꯥ
sudanga,ꯁꯨꯗꯥꯡ
charong,ꯆꯥꯔꯣꯡ
khongchangloi,ꯈꯣꯡꯆꯥꯂꯣꯢ
sennaba,ꯁꯦꯟꯅꯕ
wipro,ꯋꯤꯄ꯭ꯔꯣ
wa,ꯋꯥ
ngaangkhaleima,ꯉꯥꯡꯈꯩꯩꯃ
kharada,ꯈꯔꯗ
pallamba,ꯄꯥꯜꯂꯝꯕ
gowa,ꯒꯋꯦ
haktaktaki,ꯍꯥꯛꯇꯛꯀꯤ
khenchonglongi,ꯈꯦꯟꯆꯣꯡꯂꯣꯟꯒꯤ
hamirpur,ꯍꯥꯢꯔꯤꯄꯨꯔ
archaeological,ꯑꯦꯀꯀꯥꯔꯀꯣꯜꯣꯜ
garud,ꯒꯥꯔꯨꯗ
technoplast,ꯇꯦꯟꯆꯣꯛꯂꯣꯠ
ahanpa,ꯑꯍꯥꯟꯄ
paabadani,ꯄꯥꯕꯗꯅꯤ
singh,ꯁꯤꯡꯈ
kalamazoo,ꯀꯂꯂꯥꯎꯣꯣ
linda,ꯂꯤꯟꯗ
yoimongba,ꯌꯣꯢꯃꯣꯡꯕ
kheipik,ꯈꯩꯄꯤꯛ
dharmshala,ꯙꯔꯃꯁꯥꯍꯥ
moines,ꯃꯣꯢꯅꯦꯁ
leingakta,ꯂꯩꯉꯥꯛꯇ
konthoucham,ꯀꯣꯟꯊꯧꯆꯝ
chaobasi,ꯆꯥꯎꯕꯁꯤ
kolte,ꯀꯣꯜꯦ
paamchate,ꯄꯥꯝꯆꯠꯠ
avery,ꯑꯦꯕ꯭ꯔꯦ
phaorabadi,ꯐꯥꯎꯔꯕꯗꯤ
kappa,ꯀꯥꯞꯄ
lirambadagi,ꯂꯤꯔꯝꯕꯗꯒꯤ
sarangpur,ꯁꯔꯥꯡꯄꯨꯔ
nizamat,ꯅꯤꯖꯃꯠ
napa,ꯅꯥꯄꯥ
coimbatore,ꯀꯣꯝꯕꯔꯔꯔ
phaahanli,ꯐꯥꯍꯟꯂꯤ
hapnaba,ꯍꯥꯞꯅꯕ
montgomery,ꯃꯣꯟꯇꯣꯝꯌꯔꯤ
phoenix,ꯐꯤꯅꯣꯛꯁ
haangdokkhi,ꯍꯥꯡꯗꯣꯛꯈꯤ
worth,ꯋꯣꯔꯊ
apcotex,ꯑꯦꯄꯀꯣꯇꯦꯁ
waachetmaanbi,ꯋꯥꯠꯦꯦꯃꯆꯤꯕꯤ
paamjaba,ꯄꯥꯝꯖꯕ
wangkhi,ꯋꯥꯡꯈꯤ
sikkimese,ꯁꯤꯀꯤꯃꯦꯁꯤ
fabulous,ꯐꯕꯨꯂꯣꯣꯁ
mcmillan,ꯃꯦꯝꯂꯤꯜꯟ
lanleima,ꯂꯥꯟꯂꯩꯃ
saluk,ꯁꯥꯨꯨꯛ
utlammi,ꯎꯠꯂꯝꯃꯤ
bush,ꯕꯨꯁ
movers,ꯃꯣꯚꯤꯔꯁ
innovation,ꯏꯟꯅꯣꯣꯚꯣꯅꯦ
kulkarni,ꯀꯨꯜꯀꯥꯔꯅꯤ
shadai,ꯁꯥꯗ
new,ꯅꯦꯋ
barry,ꯕꯔꯔꯤ
khatoon,ꯈꯥꯇꯣꯟ
kullu,ꯀꯨꯜꯂꯨ
mclaughlin,ꯃꯦꯜꯂꯥꯨꯨꯜꯤ
yumsaalon,ꯌꯨꯝꯁꯥꯂꯣꯟ
thengnabani,ꯊꯦꯡꯅꯕꯅꯤ
samarjit,ꯁꯥꯔꯖꯃꯇꯤ
manana,ꯃꯅꯥ
aromatics,ꯑꯔꯃꯇꯣꯃꯤꯁꯛ
sarath,ꯁꯥꯔꯊ
rock,ꯔꯣꯛꯀ
singjamei,ꯁꯤꯡꯖꯃꯩ
dabur,ꯗꯥꯕꯨꯔ
kuppa,ꯀꯨꯞꯄ
pakhouba,ꯄꯥꯈꯧꯕ
lainingda,ꯂꯥꯢꯅꯤꯡꯗ
leinaotaabi,ꯂꯩꯅꯥꯎꯇꯥꯕꯤ
praveenchand,ꯄ꯭ꯔꯦꯦꯦꯟꯁꯤꯟ
pembroke,ꯄꯦꯝꯕ꯭ꯔꯕ꯭ꯔꯦ
blackburn,ꯕ꯭ꯂꯥꯛꯁꯕꯨꯔ
kumon,ꯀꯨꯃꯣꯟ
leinaotabi,ꯂꯩꯅꯥꯎꯇꯥꯕꯤ
duncanville,ꯗꯨꯟꯅꯥꯤꯤꯂꯦꯜ
lengsinbiraksi,ꯂꯦꯡꯁꯤꯁꯀꯥꯟꯕꯁꯤ
salazar,ꯁꯂꯥꯓ
cables,ꯀꯦꯕ꯭ꯂꯁ
eshing,ꯏꯁꯤꯡ
laanpung,ꯂꯥꯟꯄꯨꯡ
bhadauriya,ꯚꯗꯥꯔꯌꯌꯌꯥ
malegaon,ꯃꯥꯂꯌꯒꯟ
ramon,ꯔꯥꯃꯣꯟ
rakhecha,ꯔꯥꯈꯦꯆꯥ
awaangdagi,ꯑꯋꯥꯡꯗꯒꯤ
amangshang,ꯑꯃꯪꯡꯁꯪ
ahaanba,ꯑꯍꯥꯟꯕ
gepelina,ꯒꯦꯄꯦꯂꯤꯅ
aloibada,ꯑꯂꯣꯢꯕꯗ
covina,ꯀꯣꯕꯤꯅ
sreeleathers,ꯁꯤꯔꯤꯖꯦꯁꯇꯔ
adugei,ꯑꯗꯨꯒꯩ
duncanville,ꯗꯨꯟꯅꯥꯅꯤꯜꯂꯦꯜ
dinu,ꯗꯤꯅꯨ
brooklyn,ꯕ꯭ꯌꯣꯔꯣꯜꯤꯛꯟ
rampur,ꯔꯥꯝꯄꯨꯔ
imung,ꯏꯃꯨꯡ
aventura,ꯑꯦꯇꯦꯟꯚꯥꯔꯥ
thaakhraba,ꯊꯥꯈ꯭ꯔꯕ
richardson,ꯔꯤꯐꯥꯗꯔꯁꯟ
grapevine,ꯒ꯭ꯔꯄꯖꯦꯅꯤ
khanaona,ꯈꯅꯥꯎꯅ
miyengkhaada,ꯃꯤꯌꯥꯡꯈꯥꯗ
alameda,ꯑꯂꯥꯃꯗ
maong,ꯃꯑꯣꯡ
iqbal,ꯏꯕꯔꯜ
gardner,ꯒꯥꯔꯗꯦꯟ
hines,ꯍꯤꯅꯁꯁ
kipgen,ꯀꯤꯞꯦꯟꯒ
yellam,ꯌꯦꯜꯂꯝ
deerfield,ꯗꯦꯔꯤꯐꯦꯜ
leingaklamba,ꯂꯩꯉꯥꯛꯂꯕ
chopra,ꯀꯣꯄ꯭ꯔꯥ
hanglabadi,ꯍꯪꯂꯕꯗꯤ
hades,ꯍꯥꯗꯦꯁ
russell,ꯔꯤꯁꯦꯜꯜꯜ
purana,ꯄꯨꯔꯥꯅ
burnsville,ꯕꯨꯔꯤꯟꯂꯤꯜꯦꯁꯦ
takli,ꯇꯥꯛꯂꯤ
soma,ꯁꯣꯃꯥ
latli,ꯂꯥꯠꯂꯤ
pidolhalli,ꯄꯤꯗꯂꯜꯂꯤꯜ
golden,ꯒꯣꯜꯦꯦ
miramar,ꯃꯤꯔꯥꯃꯔ
development,ꯗꯦꯌꯋꯂꯦꯝꯟꯄ
kanojia,ꯀꯣꯅꯣꯖꯤꯌꯥ
inunglon,ꯏꯅꯨꯡꯂꯣꯟ
khakempagi,ꯈꯥꯀꯦꯝꯄꯒꯤ
nagoria,ꯅꯥꯒꯣꯔꯤꯌꯥ
hunduna,ꯍꯨꯟꯗꯨꯅ
chada,ꯆꯥꯗ
chandigarh,ꯆꯟꯗꯤꯡꯍꯔ
potshangpam,ꯄꯣꯠꯁꯪꯄꯥ
mamangthakta,ꯃꯥꯃꯊꯊꯛꯇ
rabon,ꯔꯥꯕꯣꯟ
jabalpur,ꯖꯕꯥꯜꯄꯨꯔ
lucie,ꯂꯨꯀꯤ
thoujaldagi,ꯊꯧꯖꯥꯜꯗꯒꯤ
narayan,ꯅꯥꯔꯥꯟꯌ
makhoina,ꯃꯈꯣꯢꯅ
bristol,ꯕ꯭ꯔꯤꯁꯇꯣꯟ
patil,ꯄꯇꯤꯜ
maiba,ꯃꯥꯢꯕ
humfunipan,ꯍꯨꯝꯐꯨꯅꯤꯄꯥꯟ
ngaangnarakliba,ꯉꯥꯡꯅꯔꯛꯈꯤꯕ
suman,ꯁꯨꯃꯥꯟ
tubi,ꯇꯨꯕꯤ
aster,ꯑꯁꯇꯦꯔ
puyaasingdadi,ꯄꯨꯌꯥꯁꯤꯡꯗꯗꯤ
stephens,ꯁ꯭ꯄꯦꯁꯦꯟꯁ
registration,ꯔꯤꯒ꯭ꯔꯦꯇꯣꯔꯁꯟꯠ
ahaanpa,ꯑꯍꯥꯟꯄ
yelhoungeigi,ꯌꯦꯜꯍꯧꯔꯤꯒꯤ
nagarjuna,ꯅꯥꯒꯔꯨꯖꯅ
agarwal,ꯑꯥꯒꯔꯥꯜ
udaipur,ꯎꯗꯥꯄꯨꯔ
artemis,ꯑꯥꯔꯇꯤꯤꯤꯝ
hill,ꯍꯤꯜ
mathews,ꯃꯊꯦꯋꯦ
tougumbasung,ꯇꯧꯒꯨꯨꯕꯁꯤꯡ
thajanabigi,ꯊꯥꯖꯅꯕꯤꯒꯤ
seithai,ꯁꯩꯊꯥꯢ
marumsu,ꯃꯔꯨꯝꯁꯨ
etou,ꯏꯇꯧ
patrick,ꯄꯇ꯭ꯔꯤꯛꯁꯛ
meghwal,ꯃꯦꯐꯋꯦꯜ
lemlei,ꯂꯦꯝꯂꯩ
lehi,ꯂꯤꯍꯤ
chingshang,ꯆꯤꯡꯁꯪ
khaoda,ꯈꯥꯎꯗ
kaangbuni,ꯀꯥꯡꯕꯨꯅꯤ
saaphaba,ꯁꯥꯐꯕ
sutlej,ꯁꯨꯠꯂꯦ
chaturvedi,ꯆꯇꯨꯔꯦꯕꯗꯤ
miraibai,ꯃꯤꯔꯥꯢꯕꯤ
malik,ꯃꯥꯂꯤꯛ
pham,ꯐꯝ
hakchaangdagi,ꯍꯛꯆꯥꯡꯗꯒꯤ
barwani,ꯕꯥꯋꯥ꯭ꯅꯤ
fatehpur,ꯐꯥꯇꯔꯨꯔ
phone,ꯐꯣꯅꯦ
